-- phpMyAdmin SQL Dump
-- version 4.7.0
-- https://www.phpmyadmin.net/
--
-- Host: 127.0.0.1
-- Generation Time: Aug 07, 2019 at 01:07 PM
-- Server version: 10.1.25-MariaDB
-- PHP Version: 5.6.31

SET SQL_MODE = "NO_AUTO_VALUE_ON_ZERO";
SET AUTOCOMMIT = 0;
START TRANSACTION;
SET time_zone = "+00:00";


/*!40101 SET @OLD_CHARACTER_SET_CLIENT=@@CHARACTER_SET_CLIENT */;
/*!40101 SET @OLD_CHARACTER_SET_RESULTS=@@CHARACTER_SET_RESULTS */;
/*!40101 SET @OLD_COLLATION_CONNECTION=@@COLLATION_CONNECTION */;
/*!40101 SET NAMES utf8mb4 */;

--
-- Database: `cdestarr_atletas`
--

-- --------------------------------------------------------

--
-- Table structure for table `campeonato`
--

CREATE TABLE `campeonato` (
  `ID_Campeonato` int(11) NOT NULL,
  `Nome` varchar(255) COLLATE utf8_unicode_ci NOT NULL,
  `DataInicial` date NOT NULL,
  `DataFinal` date NOT NULL,
  `QtEquipas` int(11) DEFAULT NULL,
  `ID_Escalao` int(11) DEFAULT NULL,
  `REF_Epoca` int(11) DEFAULT NULL
) ENGINE=InnoDB DEFAULT CHARSET=utf8 COLLATE=utf8_unicode_ci ROW_FORMAT=COMPACT;

-- --------------------------------------------------------

--
-- Table structure for table `campeonato_clube`
--

CREATE TABLE `campeonato_clube` (
  `ID_Campeonato` int(11) NOT NULL,
  `ID_Clube` int(11) NOT NULL
) ENGINE=InnoDB DEFAULT CHARSET=utf8 COLLATE=utf8_unicode_ci ROW_FORMAT=COMPACT;

-- --------------------------------------------------------

--
-- Table structure for table `clube`
--

CREATE TABLE `clube` (
  `ID_Clube` int(11) NOT NULL,
  `Nome` varchar(255) COLLATE utf8_unicode_ci NOT NULL,
  `Abrv` varchar(255) COLLATE utf8_unicode_ci NOT NULL,
  `N_FPF` varchar(255) COLLATE utf8_unicode_ci DEFAULT NULL,
  `Associacao` varchar(255) COLLATE utf8_unicode_ci DEFAULT NULL,
  `Fundacao` date DEFAULT NULL,
  `Presidente` varchar(255) COLLATE utf8_unicode_ci DEFAULT NULL,
  `Estadio` varchar(255) COLLATE utf8_unicode_ci NOT NULL,
  `Cidade` varchar(255) COLLATE utf8_unicode_ci NOT NULL,
  `Pais` varchar(255) COLLATE utf8_unicode_ci DEFAULT NULL,
  `Foto` varchar(255) COLLATE utf8_unicode_ci DEFAULT NULL
) ENGINE=InnoDB DEFAULT CHARSET=utf8 COLLATE=utf8_unicode_ci ROW_FORMAT=COMPACT;

--
-- Dumping data for table `clube`
--

INSERT INTO `clube` (`ID_Clube`, `Nome`, `Abrv`, `N_FPF`, `Associacao`, `Fundacao`, `Presidente`, `Estadio`, `Cidade`, `Pais`, `Foto`) VALUES
(1, 'Clube Desportivo de Estarreja', 'CDE', '26500', 'AF Aveiro', '1944-11-27', 'Pedro Mendes', 'Dr. Tavares da Silva', 'Estarreja', 'Portugal', 'CDElogo.png');

-- --------------------------------------------------------

--
-- Table structure for table `dadosinscricao`
--

CREATE TABLE `dadosinscricao` (
  `ID_dadosInscricao` int(11) NOT NULL,
  `ExameMedico` varchar(255) COLLATE utf8_unicode_ci DEFAULT NULL,
  `FichaInscricao` varchar(255) COLLATE utf8_unicode_ci DEFAULT NULL,
  `CopiaCC` varchar(255) COLLATE utf8_unicode_ci DEFAULT NULL,
  `DataValidadeCC` date DEFAULT NULL,
  `CopiaCCEncarregado` varchar(255) COLLATE utf8_unicode_ci DEFAULT NULL,
  `DataValidadeCCEncarregado` date DEFAULT NULL,
  `FichaInscricaoFPF` varchar(255) COLLATE utf8_unicode_ci DEFAULT NULL
) ENGINE=InnoDB DEFAULT CHARSET=utf8 COLLATE=utf8_unicode_ci ROW_FORMAT=COMPACT;

-- --------------------------------------------------------

--
-- Table structure for table `documentoentidade`
--

CREATE TABLE `documentoentidade` (
  `ID_documento` int(11) NOT NULL,
  `REF_entidade` int(11) DEFAULT NULL,
  `REF_tipodocumento` int(11) DEFAULT NULL,
  `ficheiro` varchar(255) NOT NULL,
  `descricao` varchar(255) NOT NULL
) ENGINE=InnoDB DEFAULT CHARSET=utf8 ROW_FORMAT=COMPACT;

-- --------------------------------------------------------

--
-- Table structure for table `entidade`
--

CREATE TABLE `entidade` (
  `ID_Entidade` int(11) NOT NULL,
  `nLicenca` varchar(255) COLLATE utf8_unicode_ci DEFAULT NULL,
  `Nome` varchar(255) COLLATE utf8_unicode_ci NOT NULL,
  `Telf` varchar(255) COLLATE utf8_unicode_ci DEFAULT NULL,
  `Telm` varchar(255) COLLATE utf8_unicode_ci DEFAULT NULL,
  `Email` varchar(255) COLLATE utf8_unicode_ci DEFAULT NULL,
  `DataNasc` date DEFAULT NULL,
  `Naturalidade` varchar(255) COLLATE utf8_unicode_ci DEFAULT NULL,
  `Pais` varchar(255) COLLATE utf8_unicode_ci DEFAULT NULL,
  `CC` varchar(255) COLLATE utf8_unicode_ci NOT NULL,
  `NIF` varchar(255) COLLATE utf8_unicode_ci NOT NULL,
  `GSanguineo` varchar(255) COLLATE utf8_unicode_ci DEFAULT NULL,
  `Habilitacoes` varchar(255) COLLATE utf8_unicode_ci DEFAULT NULL,
  `Doencas` varchar(255) COLLATE utf8_unicode_ci DEFAULT NULL,
  `Profissao` varchar(255) COLLATE utf8_unicode_ci DEFAULT NULL,
  `UltimaAtualizacao` date DEFAULT NULL,
  `FotoInscricao` varchar(255) COLLATE utf8_unicode_ci DEFAULT NULL,
  `FotoCromos` varchar(255) COLLATE utf8_unicode_ci DEFAULT NULL,
  `REF_TipoEnt` int(11) DEFAULT NULL,
  `REF_Equipamento` int(11) DEFAULT NULL,
  `REF_Morada` int(11) DEFAULT NULL,
  `REF_Inscricao` int(11) DEFAULT NULL,
  `Estado` tinyint(1) NOT NULL,
  `REF_Posicao` int(11) DEFAULT NULL
) ENGINE=InnoDB DEFAULT CHARSET=utf8 COLLATE=utf8_unicode_ci ROW_FORMAT=COMPACT;

--
-- Dumping data for table `entidade`
--

INSERT INTO `entidade` (`ID_Entidade`, `nLicenca`, `Nome`, `Telf`, `Telm`, `Email`, `DataNasc`, `Naturalidade`, `Pais`, `CC`, `NIF`, `GSanguineo`, `Habilitacoes`, `Doencas`, `Profissao`, `UltimaAtualizacao`, `FotoInscricao`, `FotoCromos`, `REF_TipoEnt`, `REF_Equipamento`, `REF_Morada`, `REF_Inscricao`, `Estado`, `REF_Posicao`) VALUES
(1, '895784', 'João Vitor Bastos Costeira', '234838850', '911488919', 'joao_vitor_costeira@hotmail.com', '1998-03-29', '', 'Portugal', '14840299', '242154913', '', '10º Ano', '', '', '2018-10-02', '', '', 1, NULL, 1, NULL, 0, NULL),
(2, '892805', 'Rodrigo Oliveira Moura', '256991497', '915012100', 'rm_sib20@hotmail.com', '1998-04-07', '', 'Portugal', '14841147', '226850676', '', '10º Ano', '', '', '2018-10-02', '', '', 1, NULL, 2, NULL, 0, NULL),
(3, '9833367894561', 'Dinis José Bispo Pires', '234845286', '918218851', 'dinis_11@hotmail.com', '1998-04-15', '', 'Portugal', '15217023', '248706004', 'A+', '11º Ano', '', '', '2017-11-13', 'uploads/d6abe4d020.png', '', 1, NULL, 3, NULL, 0, NULL),
(4, '892751', 'João Tiago dos Santos de Sousa', '234041686', '913225828', 'joao_tiago_09@hotmail.com', '1998-05-15', '', 'Portugal', '14792818', '227083202', 'O-', '11º Ano', '', '', '2017-11-13', '', '', 1, NULL, 4, NULL, 0, NULL),
(5, '33333333', 'André Nunes Rodrigues', '', '910261874', 'andre_n_r@msn.com', '1998-05-19', '', 'Portugal', '15258322', '227051483', '', '12º Ano', '', '', '2017-11-13', '', '', 1, NULL, 5, NULL, 0, NULL),
(9, '922043', 'Jorge Gabriel Vieira Teixeira', '234844117', '911815366', 'jorge.teixeira1999@hotmail.com', '1999-02-03', '', 'Portugal', '15496958', '242873154', 'O+', '10º ano', '', '', '2017-11-13', '', '', 1, NULL, 9, NULL, 0, NULL),
(10, '000026', 'Marcelo Oliveira Teixeira', '', '913371201', 'marcelofabio22@hotmail.com', '1999-02-03', '', 'Portugal', '15898787', '263746968', '', '11º Ano', '', '', '2017-11-13', '', '', 1, NULL, 10, NULL, 0, NULL),
(11, '1008537', 'Luís Paulo Silva Almeida', '919622354', '912140291', '', '1999-03-01', '', 'Portugal', '15977896', '252777522', '', '8º Ano', '', '', '2018-10-02', '', '', 1, NULL, 11, NULL, 0, NULL),
(12, '952917', 'Gabriel Alexandre Martins Soares', '234849385', '918297593', '', '1999-04-26', '', 'Portugal', '15717971', '246778334', '', '9º ano', '', '', '2018-10-02', '', '', 1, NULL, 12, NULL, 0, NULL),
(13, '000027', 'Márcio Filipe Lemos Paiva', '', '919095747', '', '1999-05-01', '', 'Portugal', '15822979', '229671985', '', '10º Ano', '', '', '2017-11-13', '', '', 1, NULL, 13, NULL, 0, NULL),
(14, '000028', 'Miguel José Bandeira Neves', '234288463', '964655773', 'eugenia_maria@sapo.pt', '1999-05-13', '', 'Portugal', '15449401', '269830308', '', '10º Ano', '', '', '2017-11-13', '', '', 1, NULL, 14, NULL, 0, NULL),
(15, '922041', 'Gonçalo Manuel Valente da Silva', '234881213', '917859528', 'gvalente046@gmail.com', '1999-05-19', '', 'Portugal', '15496969', '234881213', '', '11º Ano', '', '', '2018-10-02', '', '', 1, NULL, 15, NULL, 0, NULL),
(16, '923055', 'Simão Pedro Matos Antão Oliveira', '234841586', '918050027', 'simao.rosso@hotmail.com', '1999-06-11', '', 'Portugal', '15491048', '271038012', '', '11º Ano', '', '', '2018-10-02', '', '', 1, NULL, 16, NULL, 0, NULL),
(17, '923159', 'Daniel Alves Silva', '', '962527879', '', '1999-07-31', '', 'Portugal', '15483683', '272240230', '', '11º Ano', '', '', '2018-10-02', '', '', 1, NULL, 17, NULL, 0, NULL),
(18, '923045', 'José Carlos Gonçalves Almeida', '234843488', '917039104', '', '1999-08-04', '', 'Portugal', '15219254', '230956483', 'B+', '10º Ano', 'Hiperactividade', '', '2017-11-13', '', '', 1, NULL, 18, NULL, 0, NULL),
(19, '952913', 'Gonçalo Brandão Almeida Santos', '234842192', '911139128', 'sgoncalocbrandaop@hotmail.com', '1999-10-20', '', 'Portugal', '14363336', '248712063', '', '11º Ano', 'Alergia a Ácaros', '', '2017-11-13', '', '', 1, NULL, 19, NULL, 0, NULL),
(20, '923148', 'Nuno Miguel Pereira Ramos', '', '912497199', '', '1999-11-09', '', 'Portugal', '15396107', '247319880', 'O+', '9º ano', 'Asma', '', '2018-10-02', '', '', 1, NULL, 20, NULL, 0, NULL),
(21, '922042', 'Paulo Gonçalo Pinho Melo', '', '912654202', '', '1999-11-13', '', 'Portugal', '15496965', '000000000', '', '8º Ano', '', '', '2018-10-02', '', '', 1, NULL, 21, NULL, 0, NULL),
(22, '923145', 'José de Pinho Silva', '234880317', '918670740', 'zesilva067@hotmail.com', '1999-11-18', '', 'Portugal', '15487243', '252753445', '', '11º', '', '', '2018-10-02', '', '', 1, NULL, 22, NULL, 0, NULL),
(23, '000031', 'Pedro Reis Graça Resende', '256692731', '915641397', 'pe26@sapo.pt', '1999-12-02', '', 'Portugal', '15493391', '272609447', '', '8º Ano', '', '', '2018-10-02', '', '', 1, NULL, 23, NULL, 0, NULL),
(24, '966640', 'Fernando Pereira Mendes', '234847346', '961103878', '', '2000-01-03', '', 'Portugal', '15962282', '232143315', '', '11º Ano', '', '', '2018-10-04', '', '', 1, 261, 24, NULL, 1, NULL),
(25, '1011059', 'João Pedro Soutinho Oliveira', '', '916138221', 'sempresiga45@gmail.com', '2000-02-16', 'Portuguesa', 'Portugal', '15863599', '265381916', 'O+', '10º Ano', '', '', '2018-10-04', '', '', 1, 265, 25, NULL, 1, NULL),
(26, '955778', 'Rafael Soares Rebelo', '', '915281241', 'rafael.rebelo.7@live.com.pt', '2000-02-27', '', 'Portugal', '15674732', '232985227', '', '10º Ano', '', '', '2018-11-14', '', '', 1, NULL, 26, NULL, 0, NULL),
(27, '959477', 'Leonel André Costa Matos', '', '916183920', 'leonelmatos80@gmail.com', '2000-03-12', '', 'Portugal', '158190008', '234584688', '', '10º Ano', '', '', '2019-07-10', 'uploads/a1dc1e5b57.jpg', '', 1, 266, 27, NULL, 1, NULL),
(28, '955779', 'Rafael Vieira Gonçalves', '', '926241581', 'rafavgoncalves@gmail.com', '2000-05-23', '', 'Portugal', '151978476', '233490060', 'B+', '9º Ano', '', '', '2018-11-14', '', '', 1, NULL, 28, NULL, 0, NULL),
(29, '989353', 'Armando José Pereira Olim', '234841833', '932846329', 'armandoolim@hotmail.com', '2000-08-15', '', 'Portugal', '30173970', '253391920', '', '11º Ano', '', '', '2019-07-10', 'uploads/9b68ada11a.jpg', '', 1, 267, 29, NULL, 1, NULL),
(30, '956524', 'Tomás Costa Vieira', '234286235', '917727750', 'tomascv0209@gmail.com', '2000-09-02', '', 'Portugal', '15008392', '238253767', 'O+', '12º Ano', '', '', '2019-07-10', 'uploads/091e0868b0.jpg', '', 1, 264, 30, NULL, 1, NULL),
(31, '956542', 'Rafael da Silva Dias', '', '914334335', 'rafael.dsd@gmail.com', '2000-09-15', '', 'Portugal', '15809486', '236829300', 'O+', '11º Ano', '', '', '2018-11-14', '', '', 1, NULL, 31, NULL, 0, NULL),
(32, '955773', 'Carlos André Soares dos Santos', '', '932328186', 'andre.santos@karisa.pt', '2000-10-01', '', 'Portugal', '13926035', '235245135', 'O+', '11º Ano', '', '', '2018-11-14', '', '', 1, NULL, 32, NULL, 0, NULL),
(34, '1082798', 'Leandro Filipe Fonseca', '', '913204789', 'fadohulkefalcao@hotmail.com', '2001-01-18', '', 'Portugal', '30451293', '271485388', '', '8º Ano', '', '', '2018-11-14', '', '', 1, 223, 34, NULL, 0, 1),
(35, '991125', 'Ricardo Manuel Batista Rodriguez', '234849125', '969607516', 'ricardombatista.23@gmail.com', '2001-01-23', '', 'Portugal', '14259484', '258777125', '', '9º Ano', '', '', '2017-11-13', '', '', 1, NULL, 35, NULL, 0, NULL),
(36, '987316', 'Ricardo Tavares Cirne', '', '917945313', 'ricardocirne@sapo.pt', '2001-01-29', '', 'Portugal', '15455930', '236169025', '', '10º Ano', '', '', '2019-07-10', 'uploads/d5ef8ccb37.jpg', '', 1, 183, 36, NULL, 1, NULL),
(37, '987329', 'Vasco Xavier Marques Almeida', '234845139', '910438118', 'vasco-cde@hotmail.com', '2001-02-16', '', 'Portugal', '30064977', '238912680', '', '7º Ano', '', '', '2017-11-13', '', '', 1, NULL, 37, NULL, 0, NULL),
(38, '987325', 'Samuel Correia Leite', '234847166', '911984096', 'samy.dragao@hotmail.com', '2001-02-21', '', 'Portugal', '30168772', '235714623', '', '9º ano', '', '', '2017-11-13', '', '', 1, NULL, 38, NULL, 0, NULL),
(39, '987323', 'Rodrigo Teixeira Marques', '234083710', '915397254', 'manuel.tm@netvisao.pt', '2001-03-26', '', 'Portugal', '14457954', '262827786', 'O+', '9º ano', '', '', '2018-10-04', '', '', 1, 213, 39, NULL, 1, NULL),
(40, '000024', 'Hugo Rafael da Costa Oliveira', '234844893', '964345952', 'hugo.rafa.3@hotmail.com', '2001-05-28', '', 'Portugal', '30870691', '265529328', 'B+', '', '', '', '2017-11-13', '', '', 1, NULL, 40, NULL, 0, NULL),
(41, '991755', 'Miguel Lopes Mendonça', '', '966297255', 'miguelmendonca20@hotmail.com', '2001-06-09', '', 'Portugal', '14384331', '238399397', 'RHA+', '9º ano', '', '', '2017-11-13', '', '', 1, NULL, 41, NULL, 0, NULL),
(42, '1010999', 'Diogo Santos Vigário', '234838613', '919395029', '', '2001-06-18', '', 'Portugal', '30298604', '238328899', 'ORH+', '8º Ano', 'Miopia', '', '2017-11-13', '', '', 1, NULL, 42, NULL, 0, NULL),
(43, '1108675', 'Diogo André Correia Anjos', '', '916828002', 'diogoandre1005@gmail.com', '2001-06-22', '', 'Portugal', '30745227', '240526325', 'A+', '9º Ano', '', '', '2018-11-14', '', '', 1, 234, 43, NULL, 0, NULL),
(44, '1017535', 'Ricardo Ribeiro da Costa Almeida Ferreira', '234871329', '967037732', 'ricardo_1234@live.com.pt', '2001-09-05', '', 'Portugal', '15698834', '275449645', 'ABRH+', '9º ano', '', '', '2019-07-10', 'uploads/badf365651.jpg', '', 1, NULL, 44, NULL, 1, NULL),
(45, '985577', 'Fernando César Matos Maia', '234880589', '910011631', '', '2001-09-10', '', 'Portugal', '30086237', '240382730', '', '8º Ano', '', '', '2017-11-13', '', '', 1, NULL, 45, NULL, 0, NULL),
(46, '000025', 'Rui Miguel Murteira Costa', '', '961826258', '', '2001-09-22', '', 'Portugal', '30082417', '239519400', 'O H-', '9º Ano', '', '', '2017-11-13', '', '', 1, NULL, 46, NULL, 0, NULL),
(47, '987335', 'Rui Pedro Azevedo Viana Oliveira', '', '962862386', '', '2001-12-22', 'Portugal', 'Portugal', '15975935', '239574591', 'O+', '9º ano', 'Bronquite Asmática, Alergias: Pólen, Pó…', '', '2017-11-13', '', '', 1, NULL, 47, NULL, 0, NULL),
(48, '1078259', 'Diogo Filipe da Silva Dias', '234848066', '918953864', 'diogofilipinho@hotmail.com', '2001-12-23', '', 'Portugal', '30748139', '253820642', 'A+', '9º Ano', '', '', '2018-11-14', '', '', 1, 231, 48, NULL, 0, NULL),
(49, '987319', 'Rodrigo Marques Martins', '', '912430986', 'rodrigo2001martins@hotmail.com', '2001-12-31', '', 'Portugal', '14630500', '257342974', '', '9º ano', '', '', '2017-11-13', '', '', 1, NULL, 49, NULL, 0, NULL),
(50, '1011288', 'Rúben Oliveira Barge', '256049168', '913699615', '', '2002-01-08', '', 'Portugal', '30375959', '262092506', '', '', '', '', '2019-07-10', 'uploads/6b60a68a43.jpg', '', 1, 90, 50, NULL, 1, NULL),
(51, '1010991', 'Guilherme Costa Marques Ribeiro', '913998765', '913998765', 'guicosta5@hotmail.com', '2002-01-15', '', 'Portugal', '15902141', '245437916', 'O-', '8º Ano', 'Diabetes', '', '2019-07-10', 'uploads/b0a98f6cd8.jpg', '', 1, 69, 51, NULL, 1, NULL),
(52, '1011664', 'Diogo Rafael Marques Matos', '234871045', '', '', '2002-02-08', '', 'Portugal', '30511379', '240585704', 'O+', '10º Ano', '', '', '2019-07-10', 'uploads/eeed3870dc.jpg', '', 1, 79, 52, NULL, 1, 1),
(53, '1034017', 'Luís Miguel Pereira Resende', '234838959', '919859630', 'moluscosresende@gmail.com', '2002-02-19', '', 'Portugal', '14426820', '244184844', '', '8º Ano', 'Asma e Bronquite (Hiperactivo)', '', '2017-10-02', '', '', 1, 135, 53, NULL, 1, NULL),
(54, '1075429', 'Tiago Oliveira Silva', '', '', '', '2002-02-23', '', 'Portugal', '30855293', '240946014', 'ARH+P', '8º Ano', '', '', '2017-11-13', '', '', 1, NULL, 54, NULL, 0, NULL),
(55, '1008557', 'Emanuel Rodrigues Silva de Jesus', '', '933004308', 'manu.7.slb@gmail.com', '2002-03-26', '', 'Portugal', '15610581', '262831740', 'A+', '8º Ano', '', '', '2019-07-10', 'uploads/8faa34cb31.jpg', '', 1, 178, 55, NULL, 1, NULL),
(56, '1010974', 'Leandro Filipe da Silva Baptista', '', '919072182', '', '2002-03-30', 'Aveiro', 'Portugal', '30479273', '250793210', '', '8º Ano', '', '', '2018-11-14', '', '', 1, 177, 56, NULL, 0, NULL),
(57, '1013849', 'António Pedro Silva Marques', '234849871', '962025404', '', '2002-04-02', '', 'Portugal', '14956372', '258800845', '', '', '', '', '2018-11-14', '', '', 1, 70, 57, NULL, 0, NULL),
(58, '1017532', 'Diogo Alexandre Aguiar Pereira', '256598409', '963911638', 'aguiar8@hotmail.com', '2002-04-12', '', 'Portugal', '15383988', '255958200', 'O+', '10º Ano', '', '', '2019-07-10', '', '', 1, 277, 58, NULL, 1, NULL),
(59, '1010992', 'João Miguel Silva Tavares Amador', '234871265', '966112266', 'familiaamador@sapo.pt', '2002-04-18', '', 'Portugal', '15619798', '241689988', 'O-', '9º Ano', '', '', '2018-11-14', '', '', 1, 204, 59, NULL, 0, NULL),
(60, '1010996', 'Pedro Nuno Arrojado Mendes', '', '968534960', 'Pedrito.Kikas@gmail.com', '2002-04-19', '', 'Portugal', '14903072', '241075041', '', '8º Ano', 'Diabetes - Dependente de Insulina-hipotinoidismo-eutirox75', '', '2019-07-10', 'uploads/5ef7a308e9.jpg', '', 1, 133, 60, NULL, 1, NULL),
(61, '1063830', 'Miguel Figueiredo Moreira', '', '919548917', 'analuisa1382@hotmail.com', '2002-04-27', 'Aveiro', 'Portugal', '14939862', '255987455', '', '11º Ano', '', '', '2019-07-10', 'uploads/e557fac420.jpg', '', 1, 5, 61, NULL, 1, NULL),
(62, '1013090', 'Daniel Filipe Luz Figueiredo', '234842235', '910585591', 'daniel.figueiredo.cs@gmail.com', '2002-05-11', '', 'Portugal', '30465240', '246420618', 'O+', '10º Ano', '', '', '2019-07-10', 'uploads/5e9fcd50fd.jpg', '', 1, 46, 62, NULL, 1, NULL),
(63, '1010993', 'João Pedro Silva Sousa', '234188403', '967466925', 'joaops2007@hotmail.com', '2002-05-16', 'Estarreja', 'Portugal', '15831094', '242397271', 'A+', '9º Ano', '', '', '2019-07-10', 'uploads/4fc13ea97f.jpg', '', 1, 99, 63, NULL, 1, NULL),
(64, '1010985', 'André Miguel Quingosta Jardim', '234286173', '968366373', '', '2002-05-18', '', 'Portugal', '14290608', '241386535', 'A+', '8º Ano', '', '', '2018-11-14', '', '', 1, 134, 64, NULL, 0, NULL),
(65, '1019391', 'Guilherme Manuel Pinho Barbosa', '256025335', '919734884', 'aldo-barbosa@sapo.pt', '2002-05-30', '', 'Portugal', '30515026', '242319971', 'A+', '7º Ano', '', '', '2017-11-13', '', '', 1, NULL, 65, NULL, 0, NULL),
(66, '1011988', 'Samuel Filipe Ferreira Ribeiro', '234847199', '963046510', 'samuribeiro@live.com.pt', '2002-07-26', '', 'Portugal', '30511919', '264423747', 'O+', '9º Ano', 'Asma', '', '2018-11-14', '', '', 1, 220, 66, NULL, 0, 1),
(67, '1077716', 'Racel Vitinho Cleofas Vasco', '', '963952471', 'vitinhoqueiros@hotmail.com', '2002-08-04', 'Moçambique', 'Portugal', 'AB24003', '000000010', '', '10º Ano', '', '', '2019-07-10', 'uploads/f45fac7fb8.jpg', '', 1, 50, 67, NULL, 1, NULL),
(68, '1010990', 'Gonçalo Miguel Rodrigues Soutinho', '', '965617779', 'pcesarco@gmail.com', '2002-09-12', '', 'Portugal', '15350570', '245322604', '', '9º Ano', '', '', '2018-11-14', '', '', 1, 104, 68, NULL, 0, NULL),
(69, '1042600', 'Gonçalo José Santos Amaral', '', '914993701', 'gjsamaral@gmail.com', '2002-09-21', 'Ovar', 'Portugal', '30805461', '248193600', 'O+', '9º Ano', '', '', '2018-11-14', '', '', 1, 78, 69, NULL, 0, NULL),
(70, '1013718', 'Gonçalo Ferreira Oliveira', '', '968769581', 'aafonsomo@hotmail.com', '2002-10-07', '', 'Portugal', '30512540', '244558981', 'Arh+', '8º Ano', '', '', '2017-11-13', '', '', 1, NULL, 70, NULL, 0, NULL),
(71, '1107635', 'Orlando Miguel Maia Dias', '', '910196931', '', '2002-10-22', '', 'Portugal', '14602730', '242464068', 'O+', '6º Ano', '', '', '2019-07-10', 'uploads/e4827f3e6b.jpg', '', 1, 66, 71, NULL, 1, NULL),
(72, '1010998', 'Tomás Rafael Marques Santos ', '234849105', '963466632', 'ivetesantos@netvisao.pt', '2002-10-22', '', 'Portugal', '30221991', '242821898', 'O+', '8º Ano', '', '', '2019-07-10', 'uploads/01494c8b74.jpg', '', 1, 119, 72, NULL, 1, NULL),
(73, '1010989', 'Duarte de Freitas Garrido', '', '', '', '2002-12-04', '', 'Portugal', '14734054', '249788560', 'O+', '10º Ano', 'alergia(acaros, feijão verde, alho francês, pessego)', '', '2019-07-10', 'uploads/ef3866684f.jpg', '', 1, 77, 73, NULL, 1, NULL),
(74, '1013717', 'Francisco José da Silva Almeida', '234844634', '918600504', 'anaalmeida36@hotmail.com', '2002-12-10', '', 'Portugal', '30512969', '255297041', 'A+', '8º Ano', '', '', '2017-11-13', '', '', 1, NULL, 74, NULL, 0, NULL),
(75, '000020', 'Tiago Rafael Matos Cunha', '', '918188825', 'tiago.rafaelcunha@gmail.com', '2003-01-16', '', 'Portugal', '30673648', '274997495', '', '7º Ano', '', '', '2017-11-13', '', '', 1, NULL, 75, NULL, 0, NULL),
(76, '000021', 'Vitor Emanuel Rodrigues', '234849137', '917505895', 'vitorbatista200@hotmail.com', '2003-02-07', '', 'Portugal', '15475458', '244777349', '', '5º Ano', '', '', '2017-11-13', '', '', 1, NULL, 76, NULL, 0, NULL),
(77, '000022', 'Hugo Daniel Valente Pinto', '', '966810223', '', '2003-03-13', '', 'Portugal', '30803168', '274802716', '', '5º Ano', '', '', '2017-11-13', '', '', 1, NULL, 77, NULL, 0, NULL),
(78, '1082794', 'João Pedro Fonseca Alves', '968493774', '917961603', 'joao.pedro2003@hotmail.com', '2003-04-07', '', 'Portugal', '15286398', '276006070', '', '9º Ano', '', '', '2018-11-29', '', '', 1, 48, 78, NULL, 0, NULL),
(79, '1052773', 'Paulo Alexandre Matos Gonçalo', '256065683', '911795078', 'paulogoncalo@hotmail.com', '2003-06-16', '', 'Portugal', '30841769', '248719513', 'O+', '9º Ano', '', '', '2019-07-10', 'uploads/841d345cda.jpg', '', 1, 94, 79, NULL, 1, 1),
(80, '1035464', 'Miguel da Silva Matos', '234849297', '925582969', '', '2003-06-26', '', 'Portugal', '30577395', '246201789', '', '6º Ano', '', '', '2019-07-10', 'uploads/0f0582a443.jpg', '', 1, 115, 80, NULL, 1, NULL),
(81, '1035460', 'José Rodrigo Gouveia Bandeira', '', '915450636', 'rodrigobandeiracde@hotmail.com', '2003-07-11', 'Portugal', 'Portugal', '30586309', '246670690', '', '9º Ano', '', '', '2019-07-10', 'uploads/0e23dea851.jpg', '', 1, 118, 81, NULL, 1, NULL),
(82, '1104571', 'Gonçalo Alexandre Rebelo Almeida', '', '965343295', '', '2003-07-17', '', 'Portugal', '30682592', '267596413', '', '7º Ano', '', '', '2019-07-10', 'uploads/e720b534c3.jpg', '', 1, 16, 82, NULL, 1, NULL),
(83, '1104577', 'Miguel Alexandre Rebelo Almeida', '', '965343295', '', '2003-07-17', '', 'Portugal', '30682536', '267596618', 'O+', '7º Ano', '', '', '2019-07-10', 'uploads/ec88f6709f.jpg', '', 1, 15, 83, NULL, 1, NULL),
(84, '000023', 'Daniel José Formigo Bastos', '', '919291093', 'p_formigo_123@hotmail.com', '2003-07-28', '', 'Portugal', '30821833', '244709700', 'A', '7º Ano', '', '', '2017-11-13', '', '', 1, NULL, 84, NULL, 0, NULL),
(85, '1013026', 'Bruno Alexandre Vidinha dos Santos', '', '911167756', '', '2003-08-03', '', 'Portugal', '30506376', '262103745', '', '7º Ano', '', '', '2017-08-14', '', '', 1, 21, 85, NULL, 1, NULL),
(86, '1035449', 'André Manuel Bandeira Neves', '234288463', '910334255', 'eugenia_maria@sapo.pt', '2003-09-04', '', 'Portugal', '30586652', '269830510', 'A+', '8º Ano', '', '', '2018-11-14', '', '', 1, 106, 86, NULL, 0, NULL),
(87, '1035478', 'Jorge Manuel Oliveira Soares', '', '915418586', '', '2003-09-10', '', 'Portugal', '15730219', '245025510', 'B+', '7º Ano', '', '', '2017-11-13', '', '', 1, NULL, 87, NULL, 0, NULL),
(88, '1035245', 'Rodrigo Silva Soares', '256691225', '', 'seraos.rodrigo@gmail.com', '2003-09-14', '', 'Portugal', '15514109', '245779388', '', '10º Ano', '', '', '2018-10-05', '', '', 1, 26, 88, NULL, 1, NULL),
(89, '1078055', 'Justino Luís Martins Oliveira', '234282625', '968893463', '', '2003-09-19', '', 'Portugal', '14553275', '246357274', '', '6º Ano', '', '', '2017-11-13', '', '', 1, NULL, 89, NULL, 0, NULL),
(90, '1035250', 'Tomás Manuel da Costa Gomes Fernandes', '234867872', '913464807', 'tkf855071@gmail.com', '2003-10-18', '', 'Portugal', '14815087', '260330310', '', '8ª Ano', '', '', '2018-10-05', '', '', 1, 59, 90, NULL, 1, NULL),
(91, '1035479', 'Sérgio Miguel da Silva Valente', '234843569', '', '', '2003-11-04', '', 'Portugal', '30586705', '246438851', '', '7º Ano', '', '', '2017-11-13', '', '', 1, NULL, 91, NULL, 0, NULL),
(92, '1046447', 'Miguel Aleixo Vieira', '', '964817896', '', '2003-11-14', '', 'Portugal', '14762874', '246691000', 'A+', '7º Ano', '', '', '2018-10-05', '', '', 1, 11, 92, NULL, 1, 1),
(93, '1020410', 'Sérgio Miguel de Oliveira Resende', '234289661', '916040028', 'sdosilva@creditoagricola.pt', '2003-12-11', '', 'Portugal', '30504077', '245695311', '', '9º Ano', '', '', '2019-07-10', 'uploads/b2738516c7.jpg', '', 1, 27, 93, NULL, 1, NULL),
(94, '1064019', 'João Vaz dos Ramos Alfredo', '', '926172507', '', '2004-01-17', '', 'São Tomé e Princípe', '99043487', '269717064', 'O', '', '', '', '2017-11-13', '', '', 1, NULL, 94, NULL, 0, NULL),
(95, '1053095', 'João Miguel Oliveira Pinto Silva', '', '917596138', 'isa_silva75@sapo.pt', '2004-01-20', '', 'Portugal', '30779891', '250258323', '', '6º Ano', '', '', '2017-11-13', '', '', 1, NULL, 95, NULL, 0, NULL),
(96, '1055726', 'Bernardo Alfredo Quinta Bastos', '234190457', '965570385', 'amdb38@hotmail.com', '2004-01-24', '', 'Portugal', '30717917', '268255512', 'A-', '6º Ano', 'Rim esq. Dilatado…', '', '2017-11-13', '', '', 1, NULL, 96, NULL, 0, NULL),
(97, '1162991', 'Rita da Silva Montenegro', '234086886', '914014394', '', '2004-04-03', '', 'Portugal', '30196313', '249285150', 'O+', '6º Ano', '', '', '2018-11-14', '', '', 1, 74, 97, NULL, 0, NULL),
(98, '1052986', 'Afonso Domingues Freire', '', '', '', '2004-04-17', '', 'Portugal', '30295436', '247084662', 'O+', '5º Ano', '', '', '2018-11-14', '', '', 1, 112, 98, NULL, 0, NULL),
(99, '1053223', 'Rodrigo Salgado Rebelo', '234542124', '932891788', '', '2004-04-27', '', 'Portugal', '30820850', '250613791', 'ORH+', '', '', '', '2019-07-10', 'uploads/5558f0f606.jpg', '', 1, 44, 99, NULL, 1, NULL),
(100, '1053005', 'Diogo Filipe Almeida Ferreira', '234087922', '911119260', 'fmcferreira@msn.com', '2004-05-07', '', 'Portugal', '30837131', '253551820', '', '7º Ano', '', '', '2018-11-14', '', '', 1, 166, 100, NULL, 0, 1),
(101, '1053086', 'Gonçalo Oliveira Sacadura Botte', '', '912893410', '', '2004-05-25', '', 'Portugal', '30710926', '258470267', '', '8º Ano', '', '', '2019-07-10', 'uploads/b0a7bef29c.jpg', '', 1, 125, 101, NULL, 1, NULL),
(102, '1053200', 'Miguel da Silva Oliveira', '', '912885352', '', '2004-03-27', '', 'Portugal', '30709192', '270398830', 'A+', '8º Ano', '', '', '2018-10-06', '', '', 1, 164, 102, NULL, 1, NULL),
(103, '1052998', 'Daniel José Jesus Teixeira', '', '912286939', '', '2004-06-03', '', 'Portugal', '15395600', '275056287', 'B+', '5º Ano', '', '', '2017-11-13', '', '', 1, NULL, 103, NULL, 0, NULL),
(104, '1046430', 'Diogo da Fonseca Pereira', '234881114', '', 'antoniopereira8@hotmail.com', '2004-06-05', '', 'Portugal', '15062888', '248733320', '', '6º Ano', '', '', '2018-11-14', '', '', 1, 67, 104, NULL, 0, NULL),
(105, '1053229', 'Tiago Pontes Cunha', '', '961526804', 'tiguicunha2004@hotmail.com', '2004-06-15', '', 'Portugal', '15043161', '249691507', 'O-', '8º Ano', 'Asma', '', '2019-07-10', 'uploads/be07627ad3.jpg', '', 1, 63, 105, NULL, 1, NULL),
(106, '1053159', 'Marco Aurélio Soares Pinho', '', '916468514', '27079@ufp.edu.pt', '2004-06-29', '', 'Portugal', '30233665', '269021477', 'A-', '6º Ano', '', '', '2017-11-13', '', '', 1, NULL, 106, NULL, 0, NULL),
(107, '1055723', 'João Rafael Matos Carvalho', '', '917029142', '', '2004-07-05', '', 'Portugal', '15738064', '273748254', '', '7º Ano', '', '', '2019-07-10', 'uploads/46d50f7edc.jpg', '', 1, 101, 107, NULL, 1, NULL),
(108, '1053162', 'Mário Manuel Ruela Valente', '234855106', '927224741', 'marioruela321@gmail.com', '2004-07-07', '', 'Portugal', '14764479', '249421348', 'A+', '9º Ano', '', '', '2019-07-10', 'uploads/1fe807d2e8.jpg', '', 1, 22, 108, NULL, 1, NULL),
(109, '1053206', 'Pedro Emanuel Silva Vieira', '', '', '', '2004-07-11', '', 'Portugal', '30026039', '250339862', '', '8º Ano', '', '', '2019-07-10', 'uploads/81fdaab4ac.jpg', '', 1, 43, 109, NULL, 1, NULL),
(110, '1055725', 'Gonçalo Machado Almeida', '256598186', '', '', '2004-10-14', '', 'Portugal', '159767787', '266543570', 'A+', '7º Ano', '', '', '2018-11-14', '', '', 1, 53, 110, NULL, 0, NULL),
(111, '1053091', 'Guilherme Miguel Rebelo e Silva ', '234849678', '964395083', 'carlasilvarebelo@gmail.com', '2004-10-19', '', 'Portugal', '30148452', '251234363', 'A+', '', '', '', '2018-11-14', '', '', 1, 29, 111, NULL, 0, NULL),
(112, '1053011', 'Diogo Soares Castro ', '', '', '', '2004-11-19', '', 'Portugal', '30475817', '250324032', '', '6º Ano', '', '', '2019-07-10', 'uploads/08f5254d21.jpg', '', 1, 37, 112, NULL, 1, NULL),
(113, '1055722', 'Renato Pinto Correia ', '', '', '', '2004-11-20', '', 'Portugal', '30308036', '251677427', 'O+', '6º Ano', '', '', '2018-11-14', '', '', 1, 126, 113, NULL, 0, 1),
(114, '1053019', 'Duarte Miguel Couto da Silva Mendonça', '234199988', '913066760', '', '2004-11-24', '', 'Portugal', '30202375', '257214062', 'A-', '5º Ano', '', '', '2018-11-14', '', '', 1, 195, 114, NULL, 0, NULL),
(115, '1128216', 'João Pedro Moreno da Silva', '256109987', '', 'JOAOPEDROMORENO2005@HOTMAIL.COM', '2005-02-09', '', 'Portugal', '30602901', '273484613', 'O+', '5º Ano', '', '', '2017-11-13', '', '', 1, NULL, 115, NULL, 0, NULL),
(116, '1083915', 'Lourenço Pereira Mendes', '234847346', '961103878', '', '2005-02-26', 'Amarante', 'Portugal', '31086353', '251702286', '', '5º Ano', '', '', '2018-11-14', '', '', 1, 143, 116, NULL, 0, NULL),
(117, '1083918', 'Pedro dos Santos Cunha', '234869171', '966514138', 'ncunha78@gmail.com', '2005-03-06', '', 'Portugal', '30697779', '254612563', 'A-', '5º Ano', '', '', '2017-11-13', '', '', 1, NULL, 117, NULL, 0, NULL),
(118, '1083912', 'João Pedro Oliveira Marques', '', '965248811', 'pierres.silva@gmail.com', '2005-03-22', '', 'Portugal', '31093474', '257261753', '', '6º Ano', '', '', '2019-07-10', 'uploads/9300fb9a15.jpg', '', 1, 65, 118, NULL, 1, NULL),
(119, '1083913', 'João Pedro Silva Tavares Lopes Mendes', '234841364', '967072685', '', '2005-03-30', '', 'Portugal', '15059756', '252209214', 'O+', '6º Ano', '', '', '2018-10-06', 'uploads/f3e35fb64c.jpg', '', 1, 81, 119, NULL, 1, NULL),
(120, '1083914', 'João da Silva Fernandes', '234182718', '', '', '2005-05-24', '', 'Portugal', '30467165', '254414567', '', '', '', '', '2019-07-10', 'uploads/0203350c41.jpg', '', 1, 127, 120, NULL, 1, NULL),
(121, '1104567', 'Renato Miguel Silva Matos', '914993645', '918980315', '', '2005-05-31', '', 'Portugal', '15535134', '262116073', '', '5º Ano', '', '', '2019-07-10', 'uploads/d03650d9fd.jpg', '', 1, 109, 121, NULL, 1, NULL),
(122, '1083923', 'Simão de Oliveira Resende', '234289661', '916040028', 'sdosilva@creditoagricola.pt', '2005-05-31', '', 'Portugal', '30688889', '253062926', '', '8º Ano', '', '', '2019-07-10', 'uploads/00ce9ea490.jpg', '', 1, 28, 122, NULL, 1, NULL),
(123, '1083925', 'Simão Pita Pereira', '234865319', '965856064', '', '2005-06-15', 'Murtosa', 'Portugal', '31077977', '261081179', '', '7º Ano', '', '', '2019-07-10', 'uploads/e3a4dc9eb4.jpg', '', 1, 142, 123, NULL, 1, NULL),
(124, '1083927', 'Tiago Santos Alves', '234867320', '912112335', '', '2005-06-16', '', 'Portugal', '15267470', '258975474', 'A+', '', '', '', '2019-07-10', 'uploads/91d7117cc8.jpg', '', 1, 144, 124, NULL, 1, NULL),
(125, '000015', 'Diogo Henriques Paiva Sardo', '', '', '', '2005-06-23', '', 'Portugal', '15598453', '255261853', 'A Rh+', '5º Ano', '', '', '2017-11-13', '', '', 1, NULL, 125, NULL, 0, NULL),
(126, '000016', 'Tiago Vasconcelos de Mira Serrano', '234869226', '962901818', 'paula-vasconcelos@sapo.pt', '2005-06-25', '', 'Portugal', '30139777', '260871516', 'ORH+', '5º Ano', '', '', '2017-11-13', '', '', 1, NULL, 126, NULL, 0, NULL),
(127, '1083904', 'António Antão Santos', '', '939778232', 'antonio.antao.santos@gmail.com', '2005-08-01', '', 'Portugal', '30955238', '255247168', 'ORH+', '5º Ano', '', '', '2017-11-13', '', '', 1, NULL, 127, NULL, 0, NULL),
(128, '1083926', 'Tiago André Rodrigues Soares', '', '918378090', '', '2005-09-14', '', 'Portugal', '15381725', '257810978', '', '5º Ano', '', '', '2017-11-13', '', '', 1, NULL, 128, NULL, 0, NULL),
(129, '1083920', 'Rodrigo da Silva Marques', '', '919834536', '', '2005-09-23', '', 'Portugal', '30738169', '268644926', 'A+', '7º Ano', '', '', '2019-07-10', 'uploads/86364b864e.jpg', '', 1, 239, 129, NULL, 1, NULL),
(130, '1176010', 'Diogo dos Santos Oliveira e Silva', '', '968237285-936656794', '', '2005-09-29', '', 'Portugal', '31514640', '276098617', '', '5º Ano', '', '', '2017-11-13', '', '', 1, NULL, 130, NULL, 0, NULL),
(131, '1083905', 'Daniel Alexandre Ventura Soares', '', '966931340', 'qidosdany@sapo.pt', '2005-10-04', 'Murtosa', 'Portugal', '30725576', '254873243', '', '6º Ano', '', '', '2018-11-14', '', '', 1, 163, 131, NULL, 0, NULL),
(132, '000018', 'Tiago Rafael Resende Rodrigues', '', '914032203', '', '2005-10-08', '', 'Portugal', '15826626', '000000000', '', '5º Ano', '', '', '2017-11-13', '', '', 1, NULL, 132, NULL, 0, NULL),
(133, '000019', 'David Antunes Silva', '234847090', '960466940', '', '2005-10-18', '', 'Portugal', '30312389', '255186415', '', '5º Ano', '', '', '2017-11-13', '', '', 1, NULL, 133, NULL, 0, NULL),
(134, '1083919', 'Rodrigo da Silva Fima', '234291127', '910397752', '', '2005-12-11', 'Murtosa', 'Portugal', '30472354', '271295325', '', '5º Ano', '', '', '2019-07-10', 'uploads/568f90d52f.jpg', '', 1, 54, 134, NULL, 1, NULL),
(135, '1083906', 'Ivan Miguel da Silva Fonseca', '', '914806835', '', '2005-12-21', '', 'Portugal', '30814434', '255510195', 'A+', '6º Ano', '', '', '2018-11-14', '', '', 1, 123, 135, NULL, 0, NULL),
(136, '1167013', 'Tomás Lopes Almeida', '234871120', '936792894', '', '2006-01-31', '', 'Portugal', '15075628', '258597631', 'A+', '', '', '', '2018-10-09', '', '', 1, 196, 136, NULL, 1, NULL),
(137, '1100679', 'Pedro Rafael Oliveira Marques', '234849086-234025741', '963095802', '', '2006-02-20', '', 'Portugal', '30513291', '260155284', '', '6º Ano', '', '', '2019-07-10', 'uploads/0f0d98e9cb.jpg', '', 1, 199, 137, NULL, 1, NULL),
(138, '1114540', 'João Manuel Soares Pereira', '234871038', '918161665', '', '2006-02-21', '', 'Portugal', '30905495', '256236410', 'O+', '', '', '', '2017-06-30', '', '', 1, NULL, 138, NULL, 0, NULL),
(139, '1114547', 'Rodrigo Costeira Almeida', '234483459', '912407156', '', '2006-02-24', '', 'Portugal', '30196564', '256520011', 'O-', '4º Ano', '', '', '2019-07-10', 'uploads/04a141a2c3.jpg', '', 1, 102, 139, NULL, 1, NULL),
(140, '1102768', 'Diogo Bernardo de Almeida', '234186724', '967785515', '', '2006-03-02', '', 'Portugal', '30957624', '256038880', '', '5º Ano', '', '', '2018-08-31', '', '', 1, 186, 140, NULL, 0, NULL),
(141, '1102780', 'Pedro Carvalho Oliveira', '', '928021215', 'pedroco06@gmail.com', '2006-03-04', 'Estarreja', 'Portugal', '30509141', '256011508', 'B-', '5º Ano', '', 'Estudante', '2019-07-19', 'uploads/f47d1eb94a.jpg', '', 1, 39, 141, NULL, 1, 4),
(142, '1114541', 'Miguel Moreira Malafaia', '', '916817156', '', '2006-04-04', '', 'Portugal', '30645200', '274126400', 'AB+', '4º Ano', '', '', '2019-07-10', 'uploads/b384060382.jpg', '', 1, 95, 142, NULL, 1, NULL),
(143, '1102775', 'Hugo Miguel Barroqueiro Dias', '', '', '', '2006-05-03', '', 'Portugal', '30051311', '262996014', 'A+', '6º Ano', '', '', '2019-07-10', 'uploads/864c0d37d8.jpg', '', 1, 25, 143, NULL, 1, NULL),
(144, '1102786', 'Simão Azevedo Cruz', '234841401', '962847549', '', '2006-05-05', '', 'Portugal', '30252783', '258955244', 'O+', '4º Ano', '', '', '2019-07-10', 'uploads/75280e4799.jpg', '', 1, 51, 144, NULL, 1, NULL),
(145, '1102773', 'Gonçalo Miguel da Silva Rodrigues', '', '934880186', '', '2006-05-18', '', 'Portugal', '30705196', '271417358', 'O+', '6º Ano', 'Bronquite asmatica', '', '2019-07-10', 'uploads/aa9d337137.jpg', '', 1, 47, 145, NULL, 1, NULL),
(146, '1100680', 'Santiago Sousa Fernandes', '', '965659622', '', '2006-06-09', '', 'Portugal', '30465688', '256990700', 'O+', '6º Ano', '', '', '2019-07-10', 'uploads/c7c3f1c99c.jpg', '', 1, 82, 146, NULL, 1, NULL),
(147, '1102781', 'Samuel Pereira de Sousa ', '234866455', '', '', '2006-06-27', '', 'Portugal', '15887860', '258626496', '', '7º Ano', '', '', '2019-07-10', '', '', 1, 116, 147, NULL, 0, NULL),
(148, '1133580', 'João Pedro da Cruz Tavares', '', '', 'cruz.jp.2006@gmail.com', '2006-07-24', '', 'Portugal', '30296774', '257544631', '', '7º Ano', 'Auditivo (não houve a 100/)', '', '2019-07-10', 'uploads/082fa96134.jpg', '', 1, 117, 148, NULL, 1, NULL),
(149, '1102770', 'Duarte Rodriguez Oliveira', '234114399', '918381280', 'andre.oliveira@cm-estarreja.pt', '2006-07-25', 'Beduído', 'Portugal', '15304383', '257263241', '', '4º Ano', '', '', '2019-07-10', 'uploads/e548333d3f.jpg', '', 1, 150, 149, NULL, 1, NULL),
(150, '1102743', 'António Gabriel Henriques da Silva Gonçalves', '', '', '', '2006-08-04', '', 'Portugal', '31260348', '260864528', '', '5º Ano', '', '', '2019-07-10', 'uploads/2d79eb3240.jpg', '', 1, 187, 150, NULL, 1, NULL),
(151, '1102746', 'Alexandre Miguel Aguiar Domingues de Sá Esteves', '', '966046398', '', '2006-08-15', '', 'Portugal', '30477130', '271312793', 'B/RH+', '6º Ano', '', '', '2019-07-10', 'uploads/a8bacbaaa1.jpg', '', 1, 2, 151, NULL, 1, NULL),
(152, '999999', 'João Carlos da Silva Valente', '234196683', '916945831', '', '2006-08-29', '', 'Portugal', '30838023', '259188883', '', '4º Ano', '', '', '2017-06-30', '', '', 1, NULL, 152, NULL, 0, NULL),
(153, '1114543', 'Nuno Miguel Vaz Pinho', '', '918943222', 'nunomiguelvazpinho@hotmail.com', '2006-09-03', '', 'Portugal', '30311423', '267308396', '', '6º Ano', 'alergias ao polen, pelos de animais e ao sol', '', '2019-07-10', 'uploads/cc65f55396.jpg', '', 1, 88, 153, NULL, 1, NULL),
(154, '1114537', 'Dinis Machado Viana', '', '', '', '2006-09-15', '', 'Portugal', '30971387', '274013401', '', '4º Ano', 'conjuntivite alergica', '', '2019-07-10', 'uploads/0c8cb37f0e.jpg', '', 1, 105, 154, NULL, 1, NULL),
(155, '1133581', 'José Dinis Couto Valente Lacerda de Oliveira', '', '', '', '2006-09-26', '', 'Portugal', '31335817', '275229963', '', '4º Ano', 'Rinite Alérgica ', '', '2017-08-10', '', '', 1, NULL, 155, NULL, 0, NULL),
(156, '1102750', 'César Augusto Marques Soares', '234185919', '962767911', '', '2006-10-12', 'Beduido', 'Portugal', '31096999', '258120274', 'A-', '5º Ano', '', '', '2019-07-10', 'uploads/f77416dcf1.jpg', '', 1, 52, 156, NULL, 1, 1),
(157, '1107249', 'Vasco Ramos Pereira', '964790407', '964460989', 'vasquinhoramos@gmail.com', '2006-12-05', '', 'Portugal', '30606893', '258621940', 'A-', '6º Ano', '', '', '2019-07-10', 'uploads/11c04028c3.jpg', '', 1, 64, 157, NULL, 1, NULL),
(158, '1114545', 'Ricardo Fonseca Oliveira', '234842904', '918379538', '', '2006-12-07', '', 'Portugal', '30077303', '258509902', '', '4º Ano', '', '', '2019-07-10', 'uploads/c630bd3be9.jpg', '', 1, 113, 158, NULL, 1, 1),
(159, '1114534', 'Afonso Fernandes da Silva', '', '', '', '2006-12-13', '', 'Portugal', '30994035', '258836989', 'O+', '6º Ano', '', '', '2019-07-10', 'uploads/ef008d084e.jpg', '', 1, 108, 159, NULL, 1, NULL),
(160, '1114538', 'João Fernandes da Silva', '', '', '', '2006-12-13', '', 'Portugal', '31005096', '258836580', 'O+', '6º Ano', 'Bronquite asmatica', '', '2019-07-10', 'uploads/e375b65d84.jpg', '', 1, 107, 160, NULL, 1, NULL),
(161, '1143062', 'Gonçalo Miranda Faria', '234189050', '', '', '2007-01-05', '', 'Portugal', '30562463', '258939583', 'O+', '3º Ano', '', '', '2019-07-11', 'uploads/b8f4c47c5f.jpg', '', 1, 211, 161, NULL, 1, NULL),
(162, '1143035', 'Afonso José Silva Costa', '234547060', '969302551', '', '2007-01-17', '', 'Portugal', '30064619', '261996479', 'ARH+', '3º Ano', '', '', '2019-07-11', 'uploads/23be70cbed.jpg', '', 1, 71, 162, NULL, 1, NULL),
(163, '1143037', 'Bernardo Martim Melo Soares', '234855637', '965815758', '', '2007-02-12', '', 'Portugal', '30522710', '265414920', '', '4º Ano', '', '', '2018-11-14', '', '', 1, 73, 163, NULL, 0, NULL),
(164, '1143071', 'João Tiago Paiva Mendonça', '', '967123286', '', '2007-02-18', '', 'Portugal', '31232273', '261070444', 'A+', '4º Ano', '', '', '2017-11-09', '', '', 1, 72, 164, NULL, 0, NULL),
(165, '1167021', 'João José da Silva Pereira Macedo', '', '964748288', 'luismanuel@sapo.pt', '2007-03-07', '', 'Portugal', '30565008', '263716058', 'O RH+', '', 'operado ao coração em 2011-sem restrições para o desporto', '', '2017-11-09', '', '', 1, NULL, 165, NULL, 0, NULL),
(166, '1143064', 'Ivo Samuel Rodrigues Sousa', '', '964701922', 'iasousa24@sapo.pt', '2007-03-13', '', 'Portugal', '30625356', '274123762', '', '3º Ano', '', '', '2017-11-09', '', '', 1, NULL, 166, NULL, 0, NULL),
(167, '1143036', 'Bernardo António Brandão Paradela Santos', '', '', '', '2007-03-21', '', 'Portugal', '31515998', '274160030', '', '4º Ano', '', '', '2017-11-09', '', '', 1, NULL, 167, NULL, 0, NULL),
(168, '1143080', 'Tiago Bastos Pinto ', '', '', '', '2007-03-23', '', 'Portugal', '31093678', '262011212', 'A+', '5º Ano', '', '', '2019-07-11', 'uploads/ddc7aab356.jpg', '', 1, 80, 168, NULL, 1, NULL),
(169, '1143066', 'João Pedro Medina Antunes Tomé', '234842429', '919772960', '', '2007-03-26', 'Beduído', 'Portugal', '31200511', '260261386', 'O+', '5º Ano', '', '', '2019-07-11', 'uploads/ada7f4a3bb.jpg', '', 1, 23, 169, NULL, 1, 1),
(170, '1143029', 'Afonso Miguel Pereira Vidal', '', '917563600', '', '2007-03-29', '', 'Portugal', '30099269', '268518896', '', '2º Ano', '', '', '2018-11-14', '', '', 1, 180, 170, NULL, 0, NULL),
(171, '1151278', 'Rossano Santos Lopes', '234082987', '915761334', '', '2007-03-31', 'Coimbra', 'Portugal', '31418680', '259981745', '', '3º Ano', '', '', '2019-07-11', 'uploads/3ca23ed6e0.jpg', '', 1, 179, 171, NULL, 1, NULL),
(172, '1143077', 'Martim Dinis Resende Pinto', '', '966967756', 'pintomepr@gmail.com', '2007-04-03', '', 'Portugal', '15689234', '260456390', '', '3º Ano', 'asma/alergica', '', '2019-07-11', 'uploads/4fa46eb57e.jpg', '', 1, 122, 172, NULL, 1, NULL),
(173, '1143058', 'Duarte Marques Figueiredo ', '', '', '', '2007-04-11', '', 'Portugal', '15976521', '259684996', '', '2º Ano', '', '', '2019-07-11', 'uploads/7b77c3dae6.jpg', '', 1, 60, 173, NULL, 1, NULL),
(174, '1143074', 'Lourenço Antão Santos', '', '', 'Lourencoantaosantos@gmail.com', '2007-05-15', 'Porto', 'Portugal', '30954244', '260097489', 'A+', '5º Ano', '', '', '2019-07-11', 'uploads/d8d93fbcee.jpg', '', 1, 189, 174, NULL, 1, NULL),
(175, '1167022', 'João Paulo Oliveira Penajóia', '234865930', '966641693', 'paulopenajoia@hotmail.com', '2007-05-27', '', 'Portugal', '15798256', '261046772', '', '6º Ano', '', '', '2019-07-11', 'uploads/e672c33617.jpg', '', 1, 8, 175, NULL, 1, NULL),
(176, '1143041', 'Bruno Emanuel Vieira Ruela', '234185708', '', '', '2007-05-29', '', 'Portugal', '30516882', '271989840', '', '3º Ano', '', '', '2018-11-14', '', '', 1, 91, 176, NULL, 0, NULL),
(177, '1143038', 'Bernardo Montenegro Oliveira ', '', '935424440', '', '2007-06-08', '', 'Portugal', '15830232', '264688988', '', '3º Ano', '', '', '2018-11-14', '', '', 1, 13, 177, NULL, 0, NULL),
(178, '1167019', 'Guilherme Camões Carinha da Silva', '', '925040528', '', '2007-06-20', 'Salreu', 'Portugal', '310132205', '261073923', 'A+', '5º Ano', '', '', '2019-07-11', 'uploads/342a08304f.jpg', '', 1, 97, 178, NULL, 1, NULL),
(179, '1143032', 'António André Padinha Rebelo', '234867918', '910568595', '', '2007-07-08', '', 'Portugal', '30673418', '274991748', '', '3º Ano', '', '', '2018-11-14', '', '', 1, 4, 179, NULL, 0, NULL),
(180, '1143042', 'David Valente Henriques', '', '934577016', 'davidhen2007@icloud.com', '2007-10-23', '', 'Portugal', '15500517', '261823256', 'A+', '4º Ano', '', '', '2019-07-11', 'uploads/7fc3f1c911.jpg', '', 1, 227, 180, NULL, 1, NULL),
(181, '1148224', 'Xavier Gomes Gonçalves', '', '', '', '2007-11-12', '', 'Portugal', '15510835', '262457610', 'O+', '4º Ano', '', '', '2019-07-11', 'uploads/4a427a1598.jpg', '', 1, 89, 181, NULL, 1, NULL),
(182, '000014', 'Gonçalo Soares dos Reis', '', '', '', '2008-03-04', '', 'Portugal', '000', '000000000', 'RH O+', '2º Ano', '', '', '2017-07-04', '', '', 1, NULL, 182, NULL, 0, NULL),
(183, '1172180', 'João Ricardo Silva Rodrigues', '', '965241700', '', '2008-03-13', '', 'Portugal', '15614090', '263370836', '', '2º Ano', '', '', '2017-11-09', '', '', 1, NULL, 183, NULL, 0, NULL),
(184, '1172209', 'Rúben Santos Teques', '', '', '', '2008-03-19', '', 'Portugal', '15615683', '262983346', '', '4º Ano', '', '', '2018-10-10', '', '', 1, 12, 184, NULL, 1, NULL),
(185, '1172203', 'Rafael Castro e Silva', '', '914041932', 'soniacosmeticos@sapo.pt', '2008-07-08', '', 'Portugal', '15719538', '266493610', 'B+', '3º Ano', '', '', '2017-08-28', '', '', 1, 139, 185, NULL, 0, NULL),
(186, '1172204', 'Ricardo Miguel Matos Barbosa', '', '916262313', 'miguelsotam@gmail.com', '2008-07-29', '', 'Portugal', '15743865', '269376674', '', '4º Ano', '', '', '2018-11-15', '', '', 1, 9, 186, NULL, 0, NULL),
(187, '1172148', 'Diogo Alexandre Duarte da Silva', '', '967238197', '', '2008-08-06', '', 'Portugal', '15750644', '269590382', '', '2º Ano', '', '', '2018-11-15', '', '', 1, 181, 187, NULL, 0, NULL),
(188, '1172164', 'Gabriel Filipe Silva Maia', '912626872', '912626072', '', '2008-08-19', '', 'Portugal', '15765786', '271358670', 'B+', '2º Ano', '', '', '2018-10-10', '', '', 1, 197, 188, NULL, 1, NULL),
(189, '1172198', 'Martim José Ferro Marques Couto', '234869496', '', '', '2008-09-01', '', 'Portugal', '15797872', '207404887', 'O+', '2º Ano', '', '', '2018-10-10', '', '', 1, 136, 189, NULL, 1, NULL),
(190, '1172211', 'Tomás Silva Pinheiro', '', '', '', '2008-09-01', '', 'Portugal', '15796665', '273966227', '', 'Pré-escola', '', '', '2018-10-10', '', '', 1, 294, 190, NULL, 1, NULL),
(191, '1172201', 'Martim Simões Almeida', '234181980', '966181072', '', '2008-09-03', '', 'Portugal', '15797729', '264634047', 'A+', 'Pré-escola', '', '', '2019-07-10', 'uploads/47a7e9f984.jpg', '', 1, 18, 191, NULL, 1, NULL),
(192, '1172171', 'João Pedro da Silva Pires', '', '', '', '2008-10-15', '', 'Portugal', '15832060', '265220009', 'O+', '1º Ano', '', '', '2018-10-10', '', '', 1, 61, 192, NULL, 1, NULL),
(193, '1172183', 'José Carlos Proença Teixeira', '234331058', '', '', '2008-11-13', '', 'Portugal', '30000255', '269924396', '', '2º Ano', '', '', '2018-10-10', '', '', 1, 19, 193, NULL, 1, NULL),
(194, '1172185', 'Lucas dos Santos Pereira Rosa', '234868000', '', '', '2008-11-18', '', 'Portugal', '15853326', '265697190', 'A+', '2º Ano', '', '', '2018-10-10', '', '', 1, 20, 194, NULL, 1, NULL),
(195, '1172199', 'Martim Ramos Nunes', '234869100', '968189202', '', '2008-12-13', '', 'Portugal', '15887412', '267027931', '', '4º Ano', '', '', '2018-10-10', '', '', 1, 170, 195, NULL, 1, NULL),
(196, '1185172', 'Martim Daniel Amador Ribeiro', '234848082', '', '', '2009-01-28', 'Estarreja', 'Portugal', '15912889', '265985790', '', '3º Ano', '', '', '2019-07-11', 'uploads/3c9644fe77.jpg', '', 1, 111, 196, NULL, 1, NULL),
(197, '1184742', 'Dinis de Noronha Freire Valente Garcia', '', '966214052', '', '2009-02-08', '', 'Portugal', '15966792', '266647529', '', '1º Ano', '', '', '2019-07-11', 'uploads/0dff36fd76.jpg', '', 1, 92, 197, NULL, 1, NULL),
(198, '1184744', 'Nuno Gonçalo Pupaza Mortágua', '', '', '', '2009-02-18', '', 'Portugal', '15928654', '266255116', '', '1º Ano', '', '', '2019-07-11', 'uploads/cedaf32820.jpg', '', 1, 114, 198, NULL, 1, 1),
(199, '1185173', 'Miguel Tavares Ferreira', '234183440', '966788118', 'migueltferreira@netvisao.pt', '2009-03-26', 'Salreu', 'Portugal', '15950461', '266285147', 'A+', '1º Ano', '', '', '2019-07-11', 'uploads/21072b8093.jpg', '', 1, 31, 199, NULL, 1, NULL),
(200, '1184740', 'Gil Sacadura Botte da Fonseca', '234843012', '964823744', '', '2009-04-08', '', 'Portugal', '15961516', '266431020', '', '3º Ano', '', '', '2019-07-11', 'uploads/f2fc7f2248.jpg', '', 1, 45, 200, NULL, 1, NULL),
(201, '1184739', 'Dinis José Figueiredo Tavares', '', '', '', '2009-04-25', '', 'Portugal', '15986592', '269662057', 'orh+', '3º Ano', '', '', '2019-07-11', 'uploads/7d316004c5.jpg', '', 1, 36, 201, NULL, 1, NULL),
(202, '1185170', 'Lucas Miguel Silva Campos', '', '919214492', '', '2009-04-28', '', 'Portugal', '15988167', '270003266', '', '1º Ano', '', '', '2017-11-13', '', '', 1, NULL, 202, NULL, 0, NULL),
(203, '1185174', 'Paulo Bruno Nogueira Mano ', '234843355', '919670706', '', '2009-05-22', '', 'Portugal', '30034202', '268532656', '', 'Pré-escola', '', '', '2019-07-11', 'uploads/bcd5d6bc3a.jpg', '', 1, 184, 203, NULL, 1, NULL),
(204, '1184750', 'Rodrigo Nunes Valente', '234086243', '961389331', 'evanunesvalente@gmail.com', '2009-06-15', '', 'Portugal', '30051627', '268427097', 'O-', '1º Ano', '', '', '2017-07-04', '', '', 1, NULL, 204, NULL, 0, NULL),
(205, '1185169', 'Afonso Oliveira Macedo', '', '917799692', 'pmacedo1@gmail.com', '2009-06-22', 'Estarreja', 'Portugal', '30059589', '267426798', '', '1º Ano', '', '', '2019-07-11', 'uploads/7511f6da64.jpg', '', 1, 182, 205, NULL, 1, NULL),
(206, '1185178', 'Rafael Tavares Fidalgo', '', '', '', '2009-06-30', '', 'Portugal', '30067743', '267985169', '', '1º Ano', '', '', '2019-07-11', '', '', 1, 38, 206, NULL, 1, NULL),
(207, '1185799', 'Dinis Rufino Bandeira', '', '', '', '2009-08-28', '', 'Portugal', '30143824', '269148795', '', '3º Ano', '', '', '2019-07-11', 'uploads/e18103dd44.jpg', '', 1, 32, 207, NULL, 1, 1),
(208, '000013', 'João Vasco Alegria de Oliveira', '', '', '', '2009-09-03', '', 'Portugal', '30148275', '270033947', '', '1º', 'Miopia e Estigmatismo', '', '2017-06-30', '', '', 1, NULL, 208, NULL, 0, NULL),
(209, '1185438', 'Manuel Domingues Freire', '', '966487136', '', '2009-10-04', '', 'Portugal', '30174529', '269549420', 'A+', 'Pré-escola', 'Sopro inocente (pode efectuar exercicio fisico)', '', '2018-11-15', '', '', 1, 110, 209, NULL, 0, NULL),
(210, '1185176', 'Paulo Sérgio Alves de Abreu Freire', '', '917063816', '', '2009-10-10', 'Glória', 'Portugal', '30177188', '275520676', '', '3º Ano', '', '', '2019-07-11', 'uploads/6f623bc09a.jpg', '', 1, 35, 210, NULL, 1, NULL),
(211, '1184738', 'Martim Augusto Couras Gonçalves', '', '961614343', '', '2009-10-20', '', 'Portugal', '30183732', '268628092', '', 'Pré-escola', '', '', '2019-07-11', 'uploads/b913129deb.jpg', '', 1, 56, 211, NULL, 1, NULL),
(212, '1184755', 'Tomás Marques Proença Gouveia', '964222972', '968640679', 'sandra.marques@moldit.pt', '2009-10-24', 'Salreu', 'Portugal', '30185833', '269424342', '', '1º Ano', '', '', '2019-07-11', 'uploads/96ed6fa981.jpg', '', 1, 34, 212, NULL, 1, NULL),
(213, '1184756', 'José David Castaño de Oliveira', '234050565', '920258998', '', '2009-11-11', '', 'Portugal', '31235614', '280292740', '', 'Pré-escola', '', '', '2019-07-11', 'uploads/bd43114b61.jpg', '', 1, 145, 213, NULL, 1, NULL),
(214, '1213425', 'Pedro Rebelo de Couto', '', '', '', '2010-03-03', '', 'Portugal', '30298517', '273090542', 'B-', 'Pré-escola', '', '', '2019-07-11', 'uploads/1b28ecfcaa.jpg', '', 1, 7, 214, NULL, 1, NULL),
(215, '1213424', 'Duarte Rafael Dias Sousa', '', '', '', '2010-04-28', '', 'Portugal', '30348920', '270693688', 'A-', '', '', '', '2019-07-11', 'uploads/41ab4cca94.jpg', '', 1, 55, 215, NULL, 1, NULL),
(216, '000006', 'Martim Marques Gomes', '', '963834150', '', '2010-07-07', '', 'Portugal', '30426028', '271099445', '', '', '', '', '2017-11-13', '', '', 1, NULL, 216, NULL, 0, NULL),
(217, '1213418', 'Santiago Reis Lopes', '256687366', '936401711', '', '2010-07-20', '', '', '30441376', '273291769', 'A-', 'Ensino básico', '', '', '2019-07-11', 'uploads/3b09d380f7.jpg', '', 1, 3, 217, NULL, 1, NULL),
(219, '12134115', 'Martim Miranda Faria', '234189050', '969015058', '', '2010-08-03', '', 'Portugal', '30456774', '272714364', 'O+', 'Pré-escola', '', '', '2019-07-11', 'uploads/f6541dbc7c.jpg', '', 1, 207, 219, NULL, 1, NULL),
(220, '1213420', 'Tiago Rafael Henriques Ferreira', '', '', '', '2010-08-28', '', 'Portugal', '30477020', '271599332', '', 'Pré-escola', 'rim direito sem crescimento', '', '2019-07-11', 'uploads/97c4fac528.jpg', '', 1, 49, 220, NULL, 1, NULL),
(221, '12113419', 'Miguel da Silva Reis', '234194957', '918701968', '', '2010-11-24', '', 'Portugal', '30545174', '273227530', 'A-', '2º ano', '', '', '2019-07-11', 'uploads/d36c0682b9.jpg', '', 1, 167, 221, NULL, 1, NULL),
(222, '1213421', 'Gonçalo Filipe Almeida Ferreira', '', '911219207', '', '2010-12-19', '', 'Portugal', '30559881', '273071572', '', '3º Ano', '', '', '2019-07-11', 'uploads/ea7022720e.jpg', '', 1, 168, 222, NULL, 1, NULL),
(223, '1220079', 'Daniel Bastos Tavares', '', '', '', '2010-03-30', '', 'Portugal', '30652102', '274847353', 'A-', 'Pré-escola', '', '', '2018-11-15', '', '', 1, 83, 223, NULL, 0, NULL),
(224, '1220077', 'Dinis Marques Caneira', '', '', '', '2011-06-10', 'Bunheiro', 'Portugal', '30735355', '276008472', '', 'Pré-escola', '', '', '2017-08-16', '', '', 1, 75, 224, NULL, 1, NULL),
(225, '1220078', 'Gaspar Marques Caneira', '', '', '', '2011-06-10', '', 'Portugal', '30735358', '276008472', '', 'Primária', '', '', '2017-08-16', '', '', 1, 76, 225, NULL, 1, NULL),
(226, '000002', 'Diogo Amador Marquinhos', '', '914702731', '', '2011-08-25', '', 'Portugal', '30798735', '278340792', 'B+', 'Pré-escola', '', '', '2017-06-30', '', '', 1, NULL, 226, NULL, 0, NULL),
(227, '1220081', 'Afonso Rebelo de Couto', '', '933845997', '', '2012-05-21', '', 'Portugal', '30992530', '278550380', '', '', '', '', '2017-08-16', '', '', 1, 6, 227, NULL, 1, NULL),
(228, '', 'Alexandre Gomes Oliveira', '', '', '', NULL, '', '', '', '', '', '', '', '', NULL, '', '', 1, NULL, 228, NULL, 1, NULL),
(229, '', 'André Filipe da Silva Cancela', '', '', '', NULL, '', '', '', '', '', '', '', '', NULL, '', '', 1, NULL, 229, NULL, 1, NULL),
(230, '', 'André Filipe Rodrigues da Silva', '', '', '', NULL, '', '', '', '', '', '', '', '', NULL, '', '', 1, NULL, 230, NULL, 1, NULL),
(231, '', 'Diogo Rafael Silva Costa Almeida', '', '', '', NULL, '', '', '', '', '', '', '', '', NULL, '', '', 1, NULL, 231, NULL, 1, NULL),
(232, '', 'Federico da Silva Amorim', '', '', '', NULL, '', '', '', '', '', '', '', '', NULL, '', '', 1, NULL, 232, NULL, 1, NULL),
(233, '', 'João Paulo Soares Almeida', '', '', '', NULL, '', '', '', '', '', '', '', '', NULL, '', '', 1, NULL, 233, NULL, 1, NULL),
(234, '', 'João Pedro da Cruz Oliveira', '', '', '', NULL, '', '', '', '', '', '', '', '', NULL, '', '', 1, NULL, 234, NULL, 1, NULL),
(235, '', 'João Pedro Oliveira Antunes Correia', '', '', '', NULL, '', '', '', '', '', '', '', '', NULL, '', '', 1, NULL, 235, NULL, 1, NULL);
INSERT INTO `entidade` (`ID_Entidade`, `nLicenca`, `Nome`, `Telf`, `Telm`, `Email`, `DataNasc`, `Naturalidade`, `Pais`, `CC`, `NIF`, `GSanguineo`, `Habilitacoes`, `Doencas`, `Profissao`, `UltimaAtualizacao`, `FotoInscricao`, `FotoCromos`, `REF_TipoEnt`, `REF_Equipamento`, `REF_Morada`, `REF_Inscricao`, `Estado`, `REF_Posicao`) VALUES
(236, '', 'João Tiago Oliveira Rodrigues', '', '', '', NULL, '', '', '', '', '', '', '', '', NULL, '', '', 1, NULL, 236, NULL, 1, NULL),
(237, '', 'Luis Miguel Alves Belo Moreira Silva', '', '', '', NULL, '', '', '', '', '', '', '', '', NULL, '', '', 1, NULL, 237, NULL, 1, NULL),
(238, '', 'Marcelo Daniel Marques Santiago', '', '', '', NULL, '', '', '', '', '', '', '', '', NULL, '', '', 1, NULL, 238, NULL, 1, NULL),
(239, '', 'Miguel Angelo Gomes Silva', '', '', '', NULL, '', '', '', '', '', '', '', '', NULL, '', '', 1, NULL, 239, NULL, 1, NULL),
(240, '', 'Pedro Agostinho Silva Neves', '', '', '', NULL, '', '', '', '', '', '', '', '', NULL, '', '', NULL, NULL, 240, NULL, 1, NULL),
(241, '', 'Ricardo Manuel da Silva Tavares', '', '', '', NULL, '', '', '', '', '', '', '', '', NULL, '', '', 1, NULL, 241, NULL, 1, NULL),
(242, '', 'Sergio Jorge Sousa Machado', '', '', '', NULL, '', '', '', '', '', '', '', '', NULL, '', '', 1, NULL, 242, NULL, 1, NULL),
(243, '', 'Tiago Miguel Bastos Melo', '', '', '', NULL, '', '', '', '', '', '', '', '', NULL, '', '', 1, NULL, 243, NULL, 1, NULL),
(244, '', 'Tiago Pereira Andrade', '', '', '', NULL, '', '', '', '', '', '', '', '', NULL, '', '', 1, NULL, 244, NULL, 1, NULL),
(245, '', 'Vitor Hugo Chula dos Santos', '', '', '', NULL, '', '', '', '', '', '', '', '', NULL, '', '', 1, NULL, 245, NULL, 1, NULL),
(639, NULL, 'Teste', NULL, NULL, NULL, '2016-08-28', NULL, NULL, '123456789', '123456789', NULL, NULL, NULL, NULL, '2016-08-29', 'user.png', NULL, 5, NULL, 229, NULL, 1, NULL),
(640, NULL, 'Teste', NULL, NULL, NULL, '2017-11-12', NULL, NULL, '999999999', '456789123', NULL, NULL, NULL, NULL, '2017-11-13', 'user.png', NULL, 5, NULL, 230, NULL, 1, NULL),
(641, NULL, 'Francisco António dos Santos Oliveira', NULL, '917799790', 'foliveira@digitalmente.net', '2019-07-18', NULL, NULL, '9997012', '207301336', NULL, NULL, NULL, NULL, '2019-07-19', 'user.png', NULL, 5, NULL, 231, NULL, 1, NULL),
(642, NULL, 'André Filipe Valente Oliveira', NULL, '918381280', 'andre.oliveira@cm-estarreja.pt', '2019-07-09', NULL, NULL, '12536688', '214180012', NULL, NULL, NULL, NULL, '2019-07-10', 'user.png', NULL, 5, NULL, 232, NULL, 1, NULL),
(645, NULL, 'asdas', NULL, NULL, NULL, '2017-11-12', NULL, NULL, '11111111', '111222333', NULL, NULL, NULL, NULL, '2017-11-13', 'user.png', NULL, 5, NULL, 235, NULL, 1, NULL),
(646, NULL, 'Nuno Alexandre Rodrigues da Silva', NULL, '967238197', 'nunoboss_11@hotmail.com', '2018-11-14', NULL, NULL, '10210468', '179779664', NULL, NULL, NULL, NULL, '2018-11-15', 'user.png', NULL, 5, NULL, 236, NULL, 1, NULL),
(647, NULL, 'Paula Alexandra Nunes Silva', NULL, '912626872', 'paulinhamigas@hotmail.com', '2018-10-09', NULL, NULL, '12344387', '218332416', NULL, NULL, NULL, NULL, '2018-10-10', 'user.png', NULL, 5, NULL, 237, NULL, 1, NULL),
(648, NULL, 'Liliana Cristina Resende de Matos', NULL, '910158755', NULL, '2018-11-14', NULL, NULL, '13221998', '224301497', NULL, NULL, NULL, NULL, '2018-11-15', 'user.png', NULL, 5, NULL, 238, NULL, 1, NULL),
(713, NULL, 'Sónia Alexandra dos Santos e Castro', NULL, '914041932', 'soniacosmeticos@sapo.pt', '2017-08-27', NULL, NULL, '13420014', '240932838', NULL, NULL, NULL, NULL, '2017-08-28', 'user.png', NULL, 5, NULL, 271, NULL, 1, NULL),
(714, NULL, 'Walter Augusto Valente Marques Couto', NULL, '967237820', 'waltercouto@gmail.com', '2018-10-09', NULL, NULL, '12082534', '285220661', NULL, NULL, NULL, NULL, '2018-10-10', 'user.png', NULL, 5, NULL, 272, NULL, 1, NULL),
(715, NULL, 'Carlos Alberto Rodrigues Pires', NULL, '919121314', 'carpires@gmail.com', '2018-10-09', NULL, NULL, '13863084', '206997566', NULL, NULL, NULL, NULL, '2018-10-10', 'user.png', NULL, 5, NULL, 273, NULL, 1, NULL),
(716, NULL, 'Francisco José Pereira Rosa', NULL, '916218831', 'chicor.sapo@gmail.com', '2018-10-09', NULL, NULL, '10864773', '203124804', NULL, NULL, NULL, NULL, '2018-10-10', 'user.png', NULL, 5, NULL, 274, NULL, 1, NULL),
(717, NULL, 'Paulo Jorge Soares Nunes', NULL, '968189202', 'paulo.j.nunes@telecom.pt', '2018-10-09', NULL, NULL, '11006346', '222371820', NULL, NULL, NULL, NULL, '2018-10-10', 'user.png', NULL, 5, NULL, 275, NULL, 1, NULL),
(718, NULL, 'Rui Manuel Rocha Teixeira', NULL, '968345200', 'ruipeixaria@hotmail.com', '2018-10-09', NULL, NULL, '09919935', '192180835', NULL, NULL, NULL, NULL, '2018-10-10', 'user.png', NULL, 5, NULL, 276, NULL, 1, NULL),
(719, NULL, 'Rui Manuel Santos Almeida', '', '966181072', 'ruialmeida299@hotmail.com', '2019-07-09', NULL, NULL, '13652033', '199719861', NULL, NULL, NULL, NULL, '2019-07-10', 'user.png', NULL, 5, NULL, 277, NULL, 1, NULL),
(720, NULL, 'Liliana Patrícia Afonso Silva Rodrigues', NULL, '969142389', NULL, '2017-11-08', NULL, NULL, '12546743', '237278871', NULL, NULL, NULL, NULL, '2017-11-09', 'user.png', NULL, 5, NULL, 278, NULL, 1, NULL),
(721, NULL, 'Sofia Rebelo dos Santos', NULL, '918678927', 'sofia_santos16@hotmail.com', '2018-10-09', NULL, NULL, '12809480', '210316160', NULL, NULL, NULL, NULL, '2018-10-10', 'user.png', NULL, 5, NULL, 279, NULL, 1, NULL),
(722, NULL, 'Marco Paulo da Costa Pinheiro', NULL, '937058555', 'mpmarcopinheiro54@hotmail.com', '2018-10-09', NULL, NULL, '11317973', '219580812', NULL, NULL, NULL, NULL, '2018-10-10', 'user.png', NULL, 5, NULL, 280, NULL, 1, NULL),
(723, NULL, 'Jorge Manuel de Almeida Faria', NULL, '919797327', '', '2019-07-10', NULL, NULL, '44444444', '333333333', NULL, NULL, NULL, NULL, '2019-07-11', 'user.png', NULL, 5, NULL, 281, NULL, 1, NULL),
(724, NULL, 'Isidro António da Silva Sousa', NULL, '964701922', 'iasousa24@sapo.pt', '2017-11-08', NULL, NULL, '07008201', '157573141', NULL, NULL, NULL, NULL, '2017-11-09', 'user.png', NULL, 5, NULL, 282, NULL, 1, NULL),
(725, NULL, 'Isabel Maria Soares Silva Camacho', NULL, '969302551', 'isabel.camachobranca@gmail.com', '2019-07-10', NULL, NULL, '09047531', '203210425', NULL, NULL, NULL, NULL, '2019-07-11', 'user.png', NULL, 5, NULL, 283, NULL, 1, NULL),
(726, NULL, 'Bruno Ricardo Pereira Ruela', NULL, '919319464', NULL, '2018-11-13', NULL, NULL, '12275612', '227386051', NULL, NULL, NULL, NULL, '2018-11-14', 'user.png', NULL, 5, NULL, 284, NULL, 1, NULL),
(727, NULL, 'Inácio José da Silva Soares', NULL, '965815758', NULL, '2018-11-13', NULL, NULL, '10239040', '189966165', NULL, NULL, NULL, NULL, '2018-11-14', 'user.png', NULL, 5, NULL, 285, NULL, 1, NULL),
(728, NULL, 'Vitor Manuel da Silva de Oliveira', NULL, '965066590', 'vitinha.vitinha@hotmail.com', '2018-11-13', NULL, NULL, '12913892', '192160907', NULL, NULL, NULL, NULL, '2018-11-14', 'user.png', NULL, 5, NULL, 286, NULL, 1, NULL),
(729, NULL, 'Paulo Alexandre da Silva Caldas de Oliveira Mendonça', NULL, '967123286', 'pascomendonca@gmail.com', '2017-11-08', NULL, NULL, '10628291', '173488242', NULL, NULL, NULL, NULL, '2017-11-09', 'user.png', NULL, 5, NULL, 287, NULL, 1, NULL),
(730, NULL, 'Catarina Matos Camões Sobral Carinha da Silva', NULL, '966364548', 'caticamoes@gmail.com', '2019-07-10', NULL, NULL, '10357342', '205856497', NULL, NULL, NULL, NULL, '2019-07-11', 'user.png', NULL, 5, NULL, 288, NULL, 1, NULL),
(731, NULL, 'Maria Manuela de Oliveira Dias Medina', NULL, '919772960', 'minel_medina@yahoo.com', '2019-07-10', NULL, NULL, '05527844', '151111324', NULL, NULL, NULL, NULL, '2019-07-11', 'user.png', NULL, 5, NULL, 289, NULL, 1, NULL),
(732, NULL, 'Paulo Rossano Cardoso Lopes', NULL, '915761334', NULL, '2019-07-10', NULL, NULL, '11578040', '220121966', NULL, NULL, NULL, NULL, '2019-07-11', 'user.png', NULL, 5, NULL, 290, NULL, 1, NULL),
(733, NULL, 'António Augusto Guerra Alves da Costa Santos', NULL, '935004907-964534451', 'ancosa10@gmail.com', '2019-07-10', NULL, NULL, '09986655', '200531417', NULL, NULL, NULL, NULL, '2019-07-11', 'user.png', NULL, 5, NULL, 291, NULL, 1, NULL),
(734, NULL, 'Fernando Manuel Paradela Santos', NULL, '962308729', 'fermandoparadela@hotmail.com', '2017-11-08', NULL, NULL, '06231835', '182572153', NULL, NULL, NULL, NULL, '2017-11-09', 'user.png', NULL, 5, NULL, 292, NULL, 1, NULL),
(735, NULL, 'Jorge Manuel Vaz Pereira Gonçalves', NULL, '916577518', 'jorgeagulhas@hotmail.com', '2019-07-10', NULL, NULL, '11582682', '209920130', NULL, NULL, NULL, NULL, '2019-07-11', 'user.png', NULL, 5, NULL, 293, NULL, 1, NULL),
(736, NULL, 'Maria Cristina Pinho Resende Pinto', NULL, '966967756', 'pintomepr@gmail.com', '2019-07-10', NULL, NULL, '09645188', '195958500', NULL, NULL, NULL, NULL, '2019-07-11', 'user.png', NULL, 5, NULL, 294, NULL, 1, NULL),
(737, NULL, 'Adolfo Figueiredo Vidal', NULL, '917563600', 'adolfo.vidal@cm-estarreja.pt', '2018-11-13', NULL, NULL, '08085889', '187009341', NULL, NULL, NULL, NULL, '2018-11-14', 'user.png', NULL, 5, NULL, 295, NULL, 1, NULL),
(738, NULL, 'César André de Oliveira Rebelo', NULL, '911978258', NULL, '2018-11-13', NULL, NULL, '12915084', '227581105', NULL, NULL, NULL, NULL, '2018-11-14', 'user.png', NULL, 5, NULL, 296, NULL, 1, NULL),
(739, NULL, 'Eduardo Figueiredo Marques', NULL, '917336649', 'e_dada97@hotmail.com', '2019-07-10', NULL, NULL, '12290293', '232026750', NULL, NULL, NULL, NULL, '2019-07-11', 'user.png', NULL, 5, NULL, 297, NULL, 1, NULL),
(740, NULL, 'Carmen Sofia da Silva Marques', NULL, '935348386', 'uba@sapo.pt', '2019-07-10', NULL, NULL, '32345432', '323454321', NULL, NULL, NULL, NULL, '2019-07-11', 'user.png', NULL, 5, NULL, 298, NULL, 1, NULL),
(741, NULL, 'Luis Manuel Pereira da Silva', NULL, '964748288', 'luismanuel@sapo.pt', '2017-11-08', NULL, NULL, '10212051', '215526988', NULL, NULL, NULL, NULL, '2017-11-09', 'user.png', NULL, 5, NULL, 299, NULL, 1, NULL),
(742, NULL, 'Paulo Jose Mesquita Penajóia', NULL, '966641693', 'paulopenajoia@hotmail.com', '2019-07-10', NULL, NULL, '10126327', '204926130', NULL, NULL, NULL, NULL, '2019-07-11', 'user.png', NULL, 5, NULL, 300, NULL, 1, NULL),
(743, NULL, 'Teresa Lúcia de Oliveira Bastos', NULL, '918164459', 'a.pinto.35@gmail.com', '2019-07-10', NULL, NULL, '44444444', '444444444', NULL, NULL, NULL, NULL, '2019-07-11', 'user.png', NULL, 5, NULL, 301, NULL, 1, NULL),
(744, NULL, 'Susana Catarina Matos Henriques da Silva', NULL, '961526873', NULL, '2019-07-09', NULL, NULL, '10876285', '208947850', NULL, NULL, NULL, NULL, '2019-07-10', 'user.png', NULL, 5, NULL, 302, NULL, 1, NULL),
(745, NULL, 'Henrique Marques de Oliveira', '', '918379538', 'oliveirahenrique65@hotmail.com', '2019-07-09', NULL, NULL, '7325467', '000000000', NULL, NULL, NULL, NULL, '2019-07-10', 'user.png', NULL, 5, NULL, 303, NULL, 1, NULL),
(746, NULL, 'Aida Maria de Oliveira e Cruz', NULL, '966306664', 'cruz.aidinha@gmail.com', '2019-07-09', NULL, NULL, '10555587', '184278937', NULL, NULL, NULL, NULL, '2019-07-10', 'user.png', NULL, 5, NULL, 304, NULL, 1, NULL),
(747, NULL, 'António Manuel Oliveira Marques', NULL, '963095802', NULL, '2019-07-09', NULL, NULL, '07945176', '154097349', NULL, NULL, NULL, NULL, '2019-07-10', 'user.png', NULL, 5, NULL, 305, NULL, 1, NULL),
(748, NULL, 'Dora Patrícia Espanha Ramos', NULL, '967713136', 'doraespanha@live.com.pt', '2019-07-09', NULL, NULL, '11388761', '214606503', NULL, NULL, NULL, NULL, '2019-07-10', 'user.png', NULL, 5, NULL, 306, NULL, 1, NULL),
(749, NULL, 'Maria de Lurdes de Azevedo Vaz Pinho', NULL, '913641760', NULL, '2019-07-09', NULL, NULL, '07342687', '178659355', NULL, NULL, NULL, NULL, '2019-07-10', 'user.png', NULL, 5, NULL, 307, NULL, 1, NULL),
(750, NULL, 'Sérgio Filipe Gomes Cruz', NULL, '965112175', 'sergiofilipe547@hotmail.com', '2019-07-09', NULL, NULL, '11267431', '203265661', NULL, NULL, NULL, NULL, '2019-07-10', 'user.png', NULL, 5, NULL, 308, NULL, 1, NULL),
(751, NULL, 'Agostinho da Silva Almeida', NULL, '936792894', 'agostinho.almeida@dataloc.pt', '2018-10-08', NULL, NULL, '12209475', '199515182', NULL, NULL, NULL, NULL, '2018-10-09', 'user.png', NULL, 5, NULL, 309, NULL, 1, NULL),
(752, NULL, 'Carlos Augusto Ferreira Soares', NULL, '962767911', 'cafs1@sapo.pt', '2019-07-09', NULL, NULL, '10357201', '203903854', NULL, NULL, NULL, NULL, '2019-07-10', 'user.png', NULL, 5, NULL, 310, NULL, 1, NULL),
(753, NULL, 'Alcides José de Sá Esteves', NULL, '966046398', '', '2019-07-09', NULL, NULL, '07646774', '176893903', NULL, NULL, NULL, NULL, '2019-07-10', 'user.png', NULL, 5, NULL, 311, NULL, 1, NULL),
(754, NULL, 'João Paulo Barbosa da Silva', NULL, '967807650', 'joaopaus@gmail.com', '2019-07-09', NULL, NULL, '56456754', '234543234', NULL, NULL, NULL, NULL, '2019-07-10', 'user.png', NULL, 5, NULL, 312, NULL, 1, NULL),
(755, NULL, 'Pedro Miguel Rodrigues da Silva', NULL, '917977656', 'pedro.rodrigues1981@hotmail.com', '2019-07-09', NULL, NULL, '11938899', '225573075', NULL, NULL, NULL, NULL, '2019-07-10', 'user.png', NULL, 5, NULL, 313, NULL, 1, NULL),
(756, NULL, 'Laura Maria Couto Valente Lacerda de Oliveira', NULL, '926591482', 'laura.c.v.lacerda@gmail.com', '2017-08-09', NULL, NULL, '07651745', '172195454', NULL, NULL, NULL, NULL, '2017-08-10', 'user.png', NULL, 5, NULL, 314, NULL, 1, NULL),
(757, NULL, 'Fernando Jorge Amador Tavares de Sousa', NULL, '916322540', 'fernandojtsousa@gmail.com', '2019-07-09', NULL, NULL, '10158827', '201756765', NULL, NULL, NULL, NULL, '2019-07-10', 'user.png', NULL, 5, NULL, 315, NULL, 1, NULL),
(758, NULL, 'Paulo Daniel Correia Viana', NULL, '933268717', 'paulo.viana@prozinco.com', '2019-07-09', NULL, NULL, '10105109', '207521727', NULL, NULL, NULL, NULL, '2019-07-10', 'user.png', NULL, 5, NULL, 316, NULL, 1, NULL),
(759, NULL, 'Pedro Alexandre Castanheira Afonso de Almeida', NULL, '967785515', 'peterpanmaster@gmail.com', '2018-08-30', NULL, NULL, '09909033', '199237409', NULL, NULL, NULL, NULL, '2018-08-31', 'user.png', NULL, 5, NULL, 317, NULL, 1, NULL),
(760, NULL, 'Marco Paulo Marques Dias', NULL, '964712792', 'marcopdias@gmail.com', '2019-07-09', NULL, NULL, '10137857', '206480112', NULL, NULL, NULL, NULL, '2019-07-10', 'user.png', NULL, 5, NULL, 318, NULL, 1, NULL),
(761, NULL, 'Lúcia de Resende Moreira', NULL, '916817156', 'lucmoreira@iol.pt', '2019-07-09', NULL, NULL, '11330646', '211371696', NULL, NULL, NULL, NULL, '2019-07-10', 'user.png', NULL, 5, NULL, 319, NULL, 1, NULL),
(762, NULL, 'José Paulo Gonçalves Fernandes', NULL, '965659622', 'fernandes.jpg@gmail.com', '2019-07-09', NULL, NULL, '09932513', '196839700', NULL, NULL, NULL, NULL, '2019-07-10', 'user.png', NULL, 5, NULL, 320, NULL, 1, NULL),
(763, NULL, 'João Paulo Barbosa da Silva', NULL, '967807650', 'joaopaus@gmail.com', '2019-07-09', NULL, NULL, '76895432', '345678901', NULL, NULL, NULL, NULL, '2019-07-10', 'user.png', NULL, 5, NULL, 321, NULL, 1, NULL),
(764, NULL, 'Ana Maria Ferreira da Silva Costeira', NULL, '912407156', 'anacosteira71@gmail.com', '2019-07-09', NULL, NULL, '09966396', '164361324', NULL, NULL, NULL, NULL, '2019-07-10', 'user.png', NULL, 5, NULL, 322, NULL, 1, NULL),
(765, NULL, 'Mário Sérgio Lopes de Castro', NULL, '967238119', 'electro.mariosergio@sapo.pt', '2019-07-09', NULL, NULL, '10075325', '200214667', NULL, NULL, NULL, NULL, '2019-07-10', 'user.png', NULL, 5, NULL, 323, NULL, 1, NULL),
(766, NULL, 'António José Marques Rebelo', NULL, '932891788', 'antoniojmrebelo@gmail.com', '2019-07-09', NULL, NULL, '11813627', '209945699', NULL, NULL, NULL, NULL, '2019-07-10', 'user.png', NULL, 5, NULL, 324, NULL, 1, NULL),
(767, NULL, 'Filipe Martinho Cipriano Ferreira', NULL, '911119207', 'fmcferreira@msn.com', '2018-11-13', NULL, NULL, '11086084', '203649532', NULL, NULL, NULL, NULL, '2018-11-14', 'user.png', NULL, 5, NULL, 325, NULL, 1, NULL),
(768, NULL, 'Pedro Miguel Tavares Oliveira', NULL, '913618036', 'pmtoliveira@gmail.com', '2018-10-05', NULL, NULL, '09516672', '188938257', NULL, NULL, NULL, NULL, '2018-10-06', 'user.png', NULL, 5, NULL, 326, NULL, 1, NULL),
(769, NULL, 'Maria Helena Miranda Pontes', NULL, '961526804', 'mct.pontes@gmail.com', '2019-07-09', NULL, NULL, '08092268', '157748871', NULL, NULL, NULL, NULL, '2019-07-10', 'user.png', NULL, 5, NULL, 327, NULL, 1, NULL),
(770, NULL, 'Luis Miguel da Silva Mendonça', NULL, '961040122', NULL, '2018-11-13', NULL, NULL, '11224080', '169267024', NULL, NULL, NULL, NULL, '2018-11-14', 'user.png', NULL, 5, NULL, 328, NULL, 1, NULL),
(771, NULL, 'Susana Maria Soares Santos Campos', NULL, '916468514', '27079@ufp.edu.pt', '2017-11-12', NULL, NULL, '12291271', '210586168', NULL, NULL, NULL, NULL, '2017-11-13', 'user.png', NULL, 5, NULL, 329, NULL, 1, NULL),
(772, NULL, 'Anabela Teixeira de Matos', NULL, '917029142', 'anabelamatos188@hotmail.com', '2019-07-09', NULL, NULL, '12016013', '224035479', NULL, NULL, NULL, NULL, '2019-07-10', 'user.png', NULL, 5, NULL, 330, NULL, 1, NULL),
(773, NULL, 'Manuel Maguil Valente Freire', NULL, '966487136', 'mfreire71@gmail.com', '2018-11-13', NULL, NULL, '10443806', '188827790', NULL, NULL, NULL, NULL, '2018-11-14', 'user.png', NULL, 5, NULL, 331, NULL, 1, NULL),
(774, NULL, 'Luis Filipe Fernandes Correia', NULL, '912649272', 'Luis.correia_@hotmail.com', '2018-11-13', NULL, NULL, '11388266', '217878261', NULL, NULL, NULL, NULL, '2018-11-14', 'user.png', NULL, 5, NULL, 332, NULL, 1, NULL),
(775, NULL, 'Sandro Augusto Sacadura Botte', NULL, '910161427', 'sandro.botte@gmail.com', '2019-07-09', NULL, NULL, '10057464', '164213260', NULL, NULL, NULL, NULL, '2019-07-10', 'user.png', NULL, 5, NULL, 333, NULL, 1, NULL),
(776, NULL, 'João Henriques Silva Vieira', NULL, '914198403', NULL, '2019-07-09', NULL, NULL, '07412723', '172025966', NULL, NULL, NULL, NULL, '2019-07-10', 'user.png', NULL, 5, NULL, 334, NULL, 1, NULL),
(777, NULL, 'Sérgio Paulo Montenegro Osório Vinha', NULL, '918181718', NULL, '2018-11-13', NULL, NULL, '09646098', '197308740', NULL, NULL, NULL, NULL, '2018-11-14', 'user.png', NULL, 5, NULL, 335, NULL, 1, NULL),
(778, NULL, 'Ester Maria Ferreira Valente', NULL, '969127354', 'estervalente3@gmail.com', '2019-07-09', NULL, NULL, '12058311', '000000002', NULL, NULL, NULL, NULL, '2019-07-10', 'user.png', NULL, 5, NULL, 336, NULL, 1, NULL),
(779, NULL, 'Gabriel Dinis Cardoso e Silva', NULL, '962401058', 'gabrieldcsilva@gmail.com', '2018-11-13', NULL, NULL, '10142148', '173386938', NULL, NULL, NULL, NULL, '2018-11-14', 'user.png', NULL, 5, NULL, 337, NULL, 1, NULL),
(780, NULL, 'Luis Miguel da Conceição Almeida', NULL, '924400286', 'luisalmeida26@hotmail.com', '2018-11-13', NULL, NULL, '11656227', '222105968', NULL, NULL, NULL, NULL, '2018-11-14', 'user.png', NULL, 5, NULL, 338, NULL, 1, NULL),
(781, NULL, 'António Manuel Silva Pereira', NULL, '961406450', 'antoniopereira8@hotmail.com', '2018-11-13', NULL, NULL, '8563936', '000000003', NULL, NULL, NULL, NULL, '2018-11-14', 'user.png', NULL, 5, NULL, 339, NULL, 1, NULL),
(782, NULL, 'Alfredo Manuel Dias Bastos', '234190457', NULL, 'amdb38@hotmail.com', '2017-11-12', NULL, NULL, '7818250', '000000004', NULL, NULL, NULL, NULL, '2017-11-13', 'user.png', NULL, 5, NULL, 340, NULL, 1, NULL),
(783, NULL, 'Andreia Carina Fernandes da Silva Fima', NULL, '918801771', 'andreiafima@gmail.com', '2019-07-09', NULL, NULL, '117288867', '231694172', NULL, NULL, NULL, NULL, '2019-07-10', 'user.png', NULL, 5, NULL, 341, NULL, 1, NULL),
(784, NULL, 'Paulo Jorge Baptista dos Santos', NULL, '936656794', NULL, '2017-11-12', NULL, NULL, '09880763', '187009791', NULL, NULL, NULL, NULL, '2017-11-13', 'user.png', NULL, 5, NULL, 342, NULL, 1, NULL),
(785, NULL, 'José Manuel Couto Fonseca', NULL, '916736689', NULL, '2018-11-13', NULL, NULL, '11973184', '221347933', NULL, NULL, NULL, NULL, '2018-11-14', 'user.png', NULL, 5, NULL, 343, NULL, 1, NULL),
(786, NULL, 'Dário Jorge Lopes Matos', NULL, '918980315', NULL, '2019-07-09', NULL, NULL, '11617639', '206292503', NULL, NULL, NULL, NULL, '2019-07-10', 'user.png', NULL, 5, NULL, 344, NULL, 1, NULL),
(787, NULL, 'Fernando Pinheiro Mendes', NULL, '961103878', 'fernando.mendes@cuf-qi.pt', '2018-11-13', NULL, NULL, '09586471', '208379649', NULL, NULL, NULL, NULL, '2018-11-14', 'user.png', NULL, 5, NULL, 345, NULL, 1, NULL),
(788, NULL, 'Armindo António Valente Pereira', NULL, '965856064', 'armgralho@sapo.pt', '2019-07-09', NULL, NULL, '10073847', '176282289', NULL, NULL, NULL, NULL, '2019-07-10', 'user.png', NULL, 5, NULL, 346, NULL, 1, NULL),
(789, NULL, 'Liceth Roxana Mendez da Silva', NULL, NULL, NULL, '2017-11-12', NULL, NULL, '00000002', '000000005', NULL, NULL, NULL, NULL, '2017-11-13', 'user.png', NULL, 5, NULL, 347, NULL, 1, NULL),
(790, NULL, 'António Augusto Guerra Alves da Costa Santos', NULL, '935004907-964534451', 'ancasa10@gmail.com', '2017-11-12', NULL, NULL, '099866550', '200531410', NULL, NULL, NULL, NULL, '2017-11-13', 'user.png', NULL, 5, NULL, 348, NULL, 1, NULL),
(791, NULL, 'Pedro Miguel Castro Tavares Bastos Mendes', NULL, '967072685', 'pedro.mendes.santander@gmail.com', '2018-10-05', NULL, NULL, '10777902', '173386350', NULL, NULL, NULL, NULL, '2018-10-06', 'user.png', NULL, 5, NULL, 349, NULL, 1, NULL),
(792, NULL, 'Pedro Sérgio de Oliveira e Silva', NULL, '965248811', 'pierres.silva@gmail.com', '2019-07-09', NULL, NULL, '08141117', '170985253', NULL, NULL, NULL, NULL, '2019-07-10', 'user.png', NULL, 5, NULL, 350, NULL, 1, NULL),
(793, NULL, 'Sérgio Domingo de Oliveira da Silva', NULL, '916040028', 'sdosilva@creditoagricola.pt', '2019-07-09', NULL, NULL, '11634177', '207602921', NULL, NULL, NULL, NULL, '2019-07-10', 'user.png', NULL, 5, NULL, 351, NULL, 1, NULL),
(794, NULL, 'Jorge Manuel Brandão Fernandes', NULL, '913461934', 'jorgepardal29@hotmail.com', '2019-07-09', NULL, NULL, '10408456', '205835368', NULL, NULL, NULL, NULL, '2019-07-10', 'user.png', NULL, 5, NULL, 352, NULL, 1, NULL),
(795, NULL, 'Lisete Cristina Esteves dos Santos', NULL, '912112335', 'lisete.santos@gmail.com', '2019-07-09', NULL, NULL, '54656785', '456666666', NULL, NULL, NULL, NULL, '2019-07-10', 'user.png', NULL, 5, NULL, 353, NULL, 1, NULL),
(796, NULL, 'José de Sousa Soares', NULL, '966931340', 'qidosdany@sapo.pt', '2018-11-13', NULL, NULL, '07021910', '177780274', NULL, NULL, NULL, NULL, '2018-11-14', 'user.png', NULL, 5, NULL, 354, NULL, 1, NULL),
(797, NULL, 'Paulino António Valente Dias', NULL, '960082206', 'diasp@iol.pt', '2017-11-12', NULL, NULL, '06979407', '189310731', NULL, NULL, NULL, NULL, '2017-11-13', 'user.png', NULL, 5, NULL, 355, NULL, 1, NULL),
(798, NULL, 'António Manuel Azevedo Oliveira', NULL, '914302224', NULL, '2017-11-12', NULL, NULL, '05401247', '114618410', NULL, NULL, NULL, NULL, '2017-11-13', 'user.png', NULL, 5, NULL, 356, NULL, 1, NULL),
(799, NULL, 'José Manuel da Costa Dias', NULL, '934240688', 'zecarias66@hotmail.com', '2018-11-13', NULL, NULL, '09985831', '175450196', NULL, NULL, NULL, NULL, '2018-11-14', 'user.png', NULL, 5, NULL, 357, NULL, 1, NULL),
(800, NULL, 'Marisol Tavares Marques Martins', NULL, '918615644', 'manymartins@sapo.pt', '2017-11-12', NULL, NULL, '10435844', '207300887', NULL, NULL, NULL, NULL, '2017-11-13', 'user.png', NULL, 5, NULL, 358, NULL, 1, NULL),
(801, NULL, 'Fernanda Maria da Silva Costa', NULL, '915459863', 'fernandacosta.72@hotmail.com', '2018-10-03', NULL, NULL, '09819574', '195319494', NULL, NULL, NULL, NULL, '2018-10-04', 'user.png', NULL, 5, NULL, 359, NULL, 1, NULL),
(802, NULL, 'Maria de Fátima Figueiredo Soares Rebelo', NULL, '961036486', 'fatimasoares@vistaalegre.com', '2018-11-13', NULL, NULL, '11431435', '188969047', NULL, NULL, NULL, NULL, '2018-11-14', 'user.png', NULL, 5, NULL, 360, NULL, 1, NULL),
(803, NULL, 'Fátima de Olim Pinto', NULL, '919972218', NULL, '2017-11-12', NULL, NULL, '13742428', '219370150', NULL, NULL, NULL, NULL, '2017-11-13', 'user.png', NULL, 5, NULL, 361, NULL, 1, NULL),
(804, NULL, 'Fernando Paulo Marques Gonçalves', NULL, NULL, 'fpauloma@gmail.com', '2018-11-13', NULL, NULL, '08067961', '180000136', NULL, NULL, NULL, NULL, '2018-11-14', 'user.png', NULL, 5, NULL, 362, NULL, 1, NULL),
(805, NULL, 'Maria Isabel Figueiredo Soares', NULL, '962520430', 'isabelcosmeticos@sapo.pt', '2018-11-13', NULL, NULL, '11631317', '202748820', NULL, NULL, NULL, NULL, '2018-11-14', 'user.png', NULL, 5, NULL, 363, NULL, 1, NULL),
(806, NULL, 'Carla Margarida Santos Costa', NULL, '918230048', 'carlacosta209@gmail.com', '2018-10-03', NULL, NULL, '09939923', '203841433', NULL, NULL, NULL, NULL, '2018-10-04', 'user.png', NULL, 5, NULL, 364, NULL, 1, NULL),
(807, NULL, 'Carlos Manuel de Matos Vigário', NULL, '913783545', NULL, '2017-11-12', NULL, NULL, '12003181', '210722509', NULL, NULL, NULL, NULL, '2017-11-13', 'user.png', NULL, 5, NULL, 365, NULL, 1, NULL),
(808, NULL, 'Manuel Tavares Marques', NULL, '962694834', 'manuel.tm@netvisao.pt', '2018-10-03', NULL, NULL, '05535766', '170489906', NULL, NULL, NULL, NULL, '2018-10-04', 'user.png', NULL, 5, NULL, 366, NULL, 1, NULL),
(809, NULL, 'Joaquim Fernando de Oliveira Cirne', NULL, '914535353', 'carramona@sapo.pt', '2019-07-09', NULL, NULL, '07825232', '174486936', NULL, NULL, NULL, NULL, '2019-07-10', 'user.png', NULL, 5, NULL, 367, NULL, 1, NULL),
(810, NULL, 'Sandra Cristina Ribeiro de Almeida e Silva', NULL, '919377996', 'sandralmeida@live.com.pt', '2017-11-12', NULL, NULL, '10670865', '206190255', NULL, NULL, NULL, NULL, '2017-11-13', 'user.png', NULL, 5, NULL, 368, NULL, 1, NULL),
(811, NULL, 'Maria Cristina de Oliveira Correia', NULL, '917966498', 'cris_ocorreia@hotmail.com', '2017-11-12', NULL, NULL, '10859839', '195958683', NULL, NULL, NULL, NULL, '2017-11-13', 'user.png', NULL, 5, NULL, 369, NULL, 1, NULL),
(812, NULL, 'Dulce Maria Rodriguez Rodriguez Pinho', NULL, '969607516', 'dulcebpinho@hotmail.com', '2017-11-12', NULL, NULL, '12219327', '209772751', NULL, NULL, NULL, NULL, '2017-11-13', 'user.png', NULL, 5, NULL, 370, NULL, 1, NULL),
(813, NULL, 'Manuel José Silva Costa', NULL, '918716322', NULL, '2018-11-13', NULL, NULL, '04303556', '163427720', NULL, NULL, NULL, NULL, '2018-11-14', 'user.png', NULL, 5, NULL, 371, NULL, 1, NULL),
(814, NULL, 'Emilia Celeste Silva Matos', NULL, '917142890', NULL, '2017-11-12', NULL, NULL, '09061822', '197308589', NULL, NULL, NULL, NULL, '2017-11-13', 'user.png', NULL, 5, NULL, 372, NULL, 1, NULL),
(815, NULL, 'Germano Almeida Ferreira', NULL, '910900917', NULL, '2019-07-09', NULL, NULL, '08550815', '207548986', NULL, NULL, NULL, NULL, '2019-07-10', 'user.png', NULL, 5, NULL, 373, NULL, 1, NULL),
(816, NULL, 'Yohana Janquelys de Oliveira Castano', NULL, '920258998', NULL, '2019-07-10', NULL, NULL, '31162427', '280292627', NULL, NULL, NULL, NULL, '2019-07-11', 'user.png', NULL, 5, NULL, 374, NULL, 1, NULL),
(817, NULL, 'Almerinda Maria da Silva Rodrigues', NULL, '919214492', NULL, '2017-11-12', NULL, NULL, '14422661', '242946518', NULL, NULL, NULL, NULL, '2017-11-13', 'user.png', NULL, 5, NULL, 375, NULL, 1, NULL),
(818, NULL, 'Miguel Mano Tavares de Sousa Mano', NULL, '967000874', NULL, '2019-07-10', NULL, NULL, '8075908', '000000007', NULL, NULL, NULL, NULL, '2019-07-11', 'user.png', NULL, 5, NULL, 376, NULL, 1, NULL),
(819, NULL, 'Carlos Manuel Pires da Silva Ribeiro', NULL, '927779056', 'cribeiro74@gmail.com', '2019-07-10', NULL, NULL, '10320294', '197451357', NULL, NULL, NULL, NULL, '2019-07-11', 'user.png', NULL, 5, NULL, 377, NULL, 1, NULL),
(820, NULL, 'Pedro Luis Valente dos Santos baptista Garcia', NULL, '966214052', 'pedro.garcia.2@gmail.com', '2019-07-10', NULL, NULL, '07441738', '182550648', NULL, NULL, NULL, NULL, '2019-07-11', 'user.png', NULL, 5, NULL, 378, NULL, 1, NULL),
(821, NULL, 'Paulo Sérgio Pinto de Abreu Freire', NULL, '917063816', 'pfreire.escola@gmail.com', '2019-07-10', NULL, NULL, '10550187', '206124759', NULL, NULL, NULL, NULL, '2019-07-11', 'user.png', NULL, 5, NULL, 379, NULL, 1, NULL),
(822, NULL, 'Virgílio Azevedo', NULL, '919052435', 'ionelaclaudia2014@gmail.com', '2019-07-10', NULL, NULL, '64839287', '345765324', NULL, NULL, NULL, NULL, '2019-07-11', 'user.png', NULL, 5, NULL, 380, NULL, 1, NULL),
(823, NULL, 'Eva Margarida dos Santos Nunes Valente', NULL, '961389331', 'evanunesvalente@gmail.com', '2017-07-03', NULL, NULL, '11496042', '167410180', NULL, NULL, NULL, NULL, '2017-07-04', 'user.png', NULL, 5, NULL, 381, NULL, 1, NULL),
(824, NULL, 'Maria Josefa da Silva Figueiredo', NULL, '967068279', 'josefa.figueiredo@sapo.pt', '2019-07-10', NULL, NULL, '07800946', '191363936', NULL, NULL, NULL, NULL, '2019-07-11', 'user.png', NULL, 5, NULL, 382, NULL, 1, NULL),
(825, NULL, 'Sandra Cristina Tavares Marques', NULL, '964653559', 'sandra.marques@moldit.pt', '2019-07-10', NULL, NULL, '11132283', '201876507', NULL, NULL, NULL, NULL, '2019-07-11', 'user.png', NULL, 5, NULL, 383, NULL, 1, NULL),
(826, NULL, 'Rui Pedro Brandão Gonçalves', NULL, '961614343', 'rui@meleditores.pt', '2019-07-10', NULL, NULL, '11379568', '224301470', NULL, NULL, NULL, NULL, '2019-07-11', 'user.png', NULL, 5, NULL, 384, NULL, 1, NULL),
(827, NULL, 'Pedro Daniel Henriques Marques Ferreira', NULL, '966788118', 'pedroferreira@netvisao.pt', '2019-07-10', NULL, NULL, '10066212', '173329179', NULL, NULL, NULL, NULL, '2019-07-11', 'user.png', NULL, 5, NULL, 385, NULL, 1, NULL),
(828, NULL, 'Ana Isabel Pereira Tavares', NULL, '965228156', 'anatavares125@gmail.com', '2019-07-10', NULL, NULL, '12324678', '212285912', NULL, NULL, NULL, NULL, '2019-07-11', 'user.png', NULL, 5, NULL, 386, NULL, 1, NULL),
(829, NULL, 'Virgilio Manuel Figueiredo Bandeira', NULL, '969055486', 'vmbandeira@hotmail.com', '2019-07-10', NULL, NULL, '10773914', '173444822', NULL, NULL, NULL, NULL, '2019-07-11', 'user.png', NULL, 5, NULL, 387, NULL, 1, NULL),
(830, NULL, 'Paulo Armindo Rodrigues de Sousa Macedo', NULL, '917799692', 'pmacedo1@gmail.com', '2019-07-10', NULL, NULL, '08879095', '196337240', NULL, NULL, NULL, NULL, '2019-07-11', 'user.png', NULL, 5, NULL, 388, NULL, 1, NULL),
(831, NULL, 'Manuel Maguil Valente Freire', NULL, '966487136', 'mfreire71@gmail.com', '2018-11-14', NULL, NULL, '10443808', '188827790', NULL, NULL, NULL, NULL, '2018-11-15', 'user.png', NULL, 5, NULL, 389, NULL, 1, NULL),
(832, NULL, 'Ricardo Miguel Oliveira da Fonseca', NULL, '964823744', 'ricardomfonseca@gmail.com', '2019-07-10', NULL, NULL, '10823512', '211370940', NULL, NULL, NULL, NULL, '2019-07-11', 'user.png', NULL, 5, NULL, 390, NULL, 1, NULL),
(834, NULL, 'antonio silva costa', NULL, NULL, NULL, '2016-11-13', NULL, NULL, '12345678', '123456789', NULL, NULL, NULL, NULL, '2016-11-14', 'user.png', NULL, 5, NULL, 392, NULL, 1, NULL),
(835, NULL, 'maria emilia', NULL, NULL, NULL, '2016-11-13', NULL, NULL, '112233444', '1122334441', NULL, NULL, NULL, NULL, '2016-11-14', 'user.png', NULL, 5, NULL, 391, NULL, 1, NULL),
(836, NULL, 'Aldo Manuel Ferreira Barbosa', NULL, '919734884', 'aldobarbosa@sapo.pt', '2017-11-12', NULL, NULL, '103435598', '211146480', NULL, NULL, NULL, NULL, '2017-11-13', 'user.png', NULL, 5, NULL, 393, NULL, 1, NULL),
(837, NULL, 'Jorge Francisco Ferreira Santos', NULL, '915418586', NULL, '2017-11-12', NULL, NULL, '06979302', '140105603', NULL, NULL, NULL, NULL, '2017-11-13', 'user.png', NULL, 5, NULL, 394, NULL, 1, NULL),
(838, NULL, 'Paula Isabel Ferreira da Silva Valente', NULL, '912821139', NULL, '2017-11-12', NULL, NULL, '112782297', '212009923', NULL, NULL, NULL, NULL, '2017-11-13', 'user.png', NULL, 5, NULL, 395, NULL, 1, NULL),
(839, NULL, 'Paula Maria Rodrigues da Silva', NULL, '912814916', 'jomen.silva29@gmail.com', '2019-07-09', NULL, NULL, '12050942', '208877029', NULL, NULL, NULL, NULL, '2019-07-10', 'user.png', NULL, 5, NULL, 396, NULL, 1, NULL),
(840, NULL, 'Maria Iveta Marques Dias Santos', NULL, '963466632', 'ivetesantos@netvisao.pt', '2019-07-09', NULL, NULL, '09697490', '185872603', NULL, NULL, NULL, NULL, '2019-07-10', 'user.png', NULL, 5, NULL, 397, NULL, 1, NULL),
(949, NULL, 'Donzília Maria Ribeiro da Silva', NULL, '918161130', 'donziliasilva17@gmail.com', '2018-11-13', NULL, NULL, '10835245', '211282936', NULL, NULL, NULL, NULL, '2018-11-14', 'user.png', NULL, 5, NULL, 452, NULL, 1, NULL),
(950, NULL, 'Alexandre Manuel Valente Almeida', NULL, '965343295', 'alexgomi03@gmail.com', '2019-07-09', NULL, NULL, '9593839', '000000009', NULL, NULL, NULL, NULL, '2019-07-10', 'user.png', NULL, 5, NULL, 453, NULL, 1, NULL),
(951, NULL, 'Homorata Cleófas Manejo', NULL, '962341027', 'homoqueiros@hotmail.com', '2019-07-09', NULL, NULL, 'AB105138', '000000010', NULL, NULL, NULL, NULL, '2019-07-10', 'user.png', NULL, 5, NULL, 454, NULL, 1, NULL),
(952, NULL, 'António José de Oliveira Marques', NULL, '962025404', NULL, '2018-11-13', NULL, NULL, '07016909', '150275854', NULL, NULL, NULL, NULL, '2018-11-14', 'user.png', NULL, 5, NULL, 455, NULL, 1, NULL),
(953, NULL, 'Olga Maria Rodrigues da Silva', NULL, '967267209', 'olgamrs2007@hotmail.com', '2019-07-09', NULL, NULL, '8975817', '000000011', NULL, NULL, NULL, NULL, '2019-07-10', 'user.png', NULL, 5, NULL, 456, NULL, 1, NULL),
(954, NULL, 'Orlando da Silva Dias', NULL, '918960569', 'orlandodias@live.com.pt', '2019-07-09', NULL, NULL, '13320184', '164213384', NULL, NULL, NULL, NULL, '2019-07-10', 'user.png', NULL, 5, NULL, 457, NULL, 1, NULL),
(955, NULL, 'Vera Lucia Martins da Fonseca', NULL, '917961603', NULL, '2018-11-28', NULL, NULL, '12872634', '233063889', NULL, NULL, NULL, NULL, '2018-11-29', 'user.png', NULL, 5, NULL, 458, NULL, 1, NULL),
(956, NULL, 'José Manuel de Andrade Neves', NULL, '968935322', NULL, '2018-11-13', NULL, NULL, '07424830', '171157923', NULL, NULL, NULL, NULL, '2018-11-14', 'user.png', NULL, 5, NULL, 459, NULL, 1, NULL),
(957, NULL, 'Sandra Paula Pinho Matos Gonçalo', NULL, '919065210', NULL, '2019-07-09', NULL, NULL, '9422957', '899889988', NULL, NULL, NULL, NULL, '2019-07-10', 'user.png', NULL, 5, NULL, 460, NULL, 1, NULL),
(958, NULL, 'Paulo Manuel Silva Gonçalo', NULL, '917314898', NULL, '2019-07-09', NULL, NULL, '', '090909090', NULL, NULL, NULL, NULL, '2019-07-10', 'user.png', NULL, 5, NULL, 461, NULL, 1, NULL),
(959, NULL, 'Sonia da Conceição Proença Gouveia', NULL, '919405588', NULL, '2019-07-09', NULL, NULL, '09563001', '297301350', NULL, NULL, NULL, NULL, '2019-07-10', 'user.png', NULL, 5, NULL, 462, NULL, 1, NULL),
(960, NULL, 'Sandra Maria Jose Jardim Fernandes', NULL, '968366373/916254499', 'sandraquingosta@gmail.com', '2018-11-13', NULL, NULL, '13510959', '228140803', NULL, NULL, NULL, NULL, '2018-11-14', 'user.png', NULL, 5, NULL, 463, NULL, 1, NULL),
(961, NULL, 'Armindo da Silva e Matos', NULL, '969636126', 'armindosotam@gmail.com', '2019-07-09', NULL, NULL, '10334292', '196527651', NULL, NULL, NULL, NULL, '2019-07-10', 'user.png', NULL, 5, NULL, 464, NULL, 1, NULL),
(962, NULL, 'Alvaro Alexandre Soares Margarido dos Santos', NULL, '917813174', NULL, '2017-08-13', NULL, NULL, '10446872', '189702788', NULL, NULL, NULL, NULL, '2017-08-14', 'user.png', NULL, 5, NULL, 465, NULL, 1, NULL),
(963, NULL, 'Sofia Laura Gomes Branco de Matos Resende da Silva', NULL, '917374655', NULL, '2019-07-09', NULL, NULL, '11095195', '206873247', NULL, NULL, NULL, NULL, '2019-07-10', 'user.png', NULL, 5, NULL, 466, NULL, 1, NULL),
(964, NULL, 'Luis Avelino da Silva Figueiredo', NULL, '916340950', 'luis.avelino.figueiredo@gmail.com', '2019-07-09', NULL, NULL, '11786407', '212973606', NULL, NULL, NULL, NULL, '2019-07-10', 'user.png', NULL, 5, NULL, 467, NULL, 1, NULL),
(965, NULL, 'Nuno Filipe Silva Tavares Amador', NULL, '966112266', 'familiaamador@sapo.pt', '2018-11-13', NULL, NULL, '10284976', '199314675', NULL, NULL, NULL, NULL, '2018-11-14', 'user.png', NULL, 5, NULL, 468, NULL, 1, NULL),
(966, NULL, 'Anabela Valente Arrojado', NULL, '967619334', 'belarrojado@insuflaveis.com', '2019-07-09', NULL, NULL, '09909908', '241075041', NULL, NULL, NULL, NULL, '2019-07-10', 'user.png', NULL, 5, NULL, 469, NULL, 1, NULL),
(968, NULL, 'Alexandre Manuel Valente de Almeida', NULL, '965343295', 'alexgomi03@gmail.com', '2019-07-09', NULL, NULL, '9593839', '000000013', NULL, NULL, NULL, NULL, '2019-07-10', 'user.png', NULL, 5, NULL, 471, NULL, 1, NULL),
(969, NULL, 'Ana Luisa da Silva Figueiredo', NULL, '928024011', 'analuisa1382@hotmail.com', '2019-07-09', NULL, NULL, '12582137', '220868727', NULL, NULL, NULL, NULL, '2019-07-10', 'user.png', NULL, 5, NULL, 472, NULL, 1, NULL),
(970, NULL, 'Artur Jorge de Carvalho Fernandes', NULL, '913464807', 'artur.fcdef@hotmail.com', '2018-10-04', NULL, NULL, '13157358', '220658633', NULL, NULL, NULL, NULL, '2018-10-05', 'user.png', NULL, 5, NULL, 473, NULL, 1, NULL),
(971, NULL, 'Milton Cesar de Melo Garrido', NULL, '914897102', 'miltoncesargarrido@hotmail.com', '2019-07-09', NULL, NULL, '10390086', '209810149', NULL, NULL, NULL, NULL, '2019-07-10', 'user.png', NULL, 5, NULL, 474, NULL, 1, NULL),
(972, NULL, 'Pedro Miguel da Silva Matos', NULL, '966864720', 'pedromatos20101977@gmail.com', '2019-07-09', NULL, NULL, '11348750', '200016431', NULL, NULL, NULL, NULL, '2019-07-10', 'user.png', NULL, 5, NULL, 475, NULL, 1, NULL),
(973, NULL, 'Manuel Henriques da Silva Vieira', NULL, '964817896', 'Manuel.vieira16@hotmail.com', '2018-10-04', NULL, NULL, '10654176', '188969144', NULL, NULL, NULL, NULL, '2018-10-05', 'user.png', NULL, 5, NULL, 476, NULL, 1, NULL),
(974, NULL, 'Sonia Cristina Monteiro Rodrigues Soutinho', NULL, '965617779', 'srsoutinho@gmail.com', '2018-11-13', NULL, NULL, '09842801', '206987544', NULL, NULL, NULL, NULL, '2018-11-14', 'user.png', NULL, 5, NULL, 477, NULL, 1, NULL),
(975, NULL, 'Nuno Miguel Marques Ribeiro', NULL, '913413429', 'mantorras_ribeiro@hotmail.com', '2019-07-09', NULL, NULL, '10937923', '214873935', NULL, NULL, NULL, NULL, '2019-07-10', 'user.png', NULL, 5, NULL, 478, NULL, 1, NULL),
(976, NULL, 'Raquel Ribeiro da Silva Fernandes de Carvalho', NULL, '917799791', '', '2019-07-18', 'Vila Nova Famalicão', 'Portugal', '', '090909090', NULL, 'Bacharelato Incompleto', NULL, 'Empresário', '2019-07-19', 'user.png', NULL, 5, NULL, 479, NULL, 1, NULL),
(977, NULL, 'João Carlos Pereira Oliveira', '', '964288546', 'joaocarlos_quimico@hotmail.com', '2018-10-03', NULL, NULL, '09461904', '180572407', NULL, NULL, NULL, NULL, '2018-10-04', 'user.png', NULL, 5, NULL, 480, NULL, 1, NULL),
(978, '1008739', 'Marcelo Rafael Silva Figueiredo', NULL, '915306501', 'paulojsfigueiredo@hotmail.com', '2001-10-05', 'Portuguesa', 'Portugal', '304741418', '238676633', NULL, '9º ano', NULL, NULL, '2018-11-14', 'user.png', NULL, 1, 128, 481, NULL, 0, NULL),
(979, NULL, 'Paulo José da Silva Figueiredo', NULL, '917297398', 'paulojsfigueiredo@hotmail.com', '2018-11-13', NULL, NULL, '10406814', '197167004', NULL, NULL, NULL, NULL, '2018-11-14', 'user.png', NULL, 5, NULL, 481, NULL, 1, NULL),
(980, '1073917', 'João António Santos Pinheiro', NULL, NULL, NULL, '2001-04-03', NULL, 'Portugal', '15494474', '250462664', NULL, '7º ano', 'Vitiligo (manchas brancas) - síndrome de Gilbert', NULL, '2017-11-13', 'user.png', NULL, 1, NULL, 482, NULL, 0, NULL),
(981, NULL, 'António Manuel da Silva Pinheiro', '', '914016094', NULL, '2017-11-12', NULL, NULL, '09653176', '196993717', NULL, NULL, NULL, NULL, '2017-11-13', 'user.png', NULL, 5, NULL, 482, NULL, 1, NULL),
(983, NULL, 'Eliana Soares Rodrigues', '916007434', '968126561', 'elianasoaresrodrigues@hotmail.com', '2017-05-18', NULL, NULL, '11609556', '215262204', NULL, NULL, NULL, NULL, '2017-05-19', 'user.png', NULL, 5, NULL, 483, NULL, 1, NULL),
(984, '9999999', 'Fábio Alexandre Lopes de Freitas', NULL, '916819202', NULL, '2000-07-13', NULL, 'Portugal', '14816128', '250857316', NULL, '10º ano', NULL, NULL, '2018-10-04', 'user.png', NULL, 1, 263, 484, NULL, 1, NULL),
(985, NULL, 'Luis Duarte Simões de Freitas', NULL, '964742481', 'simoesfreitas1964@gmail.com', '2018-10-03', NULL, NULL, '999999999', '999999999', NULL, NULL, NULL, NULL, '2018-10-04', 'user.png', NULL, 5, NULL, 484, NULL, 1, NULL),
(986, NULL, 'Alice Maria de Oliveira Neves', '', '913699615', NULL, '2019-07-09', NULL, NULL, '10669675', '191104299', NULL, NULL, NULL, NULL, '2019-07-10', 'user.png', NULL, 5, NULL, 485, NULL, 1, NULL),
(987, NULL, 'Isabel Resende', '234838959', '910226367', 'moluscosresende@gmail.com', '2017-10-01', NULL, NULL, '11184054', '205530427', NULL, NULL, NULL, NULL, '2017-10-02', 'user.png', NULL, 5, NULL, 486, NULL, 1, NULL),
(988, NULL, 'Arminda Oliveira de Almeida Silva', '', '914360831', NULL, '2017-11-12', NULL, NULL, '10695440', '187195269', NULL, NULL, NULL, NULL, '2017-11-13', 'user.png', NULL, 5, NULL, 487, NULL, 1, NULL),
(989, NULL, 'Cláudia Cristina Esperança de Aguiar', NULL, '963911638', 'aguiar8@hotmail.com', '2019-07-09', NULL, NULL, '10618407', '206300344', NULL, NULL, NULL, NULL, '2019-07-10', 'user.png', NULL, 5, NULL, 488, NULL, 1, NULL),
(990, NULL, 'Vitor Paulo Almeida Amaral', NULL, '965158394', 'vitorpauloamaral@sapo.pt', '2018-11-13', NULL, NULL, '8542067', '999999999', NULL, NULL, NULL, NULL, '2018-11-14', 'user.png', NULL, 5, NULL, 489, NULL, 1, NULL),
(991, NULL, 'Ana Maria de Oliveira e Silva e Almeida', NULL, '918600504', 'anaalmeida36@hotmail.com', '2017-11-12', NULL, NULL, '09077256', '192259571', NULL, NULL, NULL, NULL, '2017-11-13', 'user.png', NULL, 5, NULL, 490, NULL, 1, NULL),
(992, NULL, 'Um Pai de Testes', NULL, NULL, NULL, '2018-10-01', NULL, NULL, '', '', NULL, NULL, NULL, NULL, '2018-10-02', 'user.png', NULL, 5, NULL, 491, NULL, 1, NULL),
(993, NULL, 'Uma Mae de Testes', NULL, NULL, NULL, '2018-10-01', NULL, NULL, '', '', NULL, NULL, NULL, NULL, '2018-10-02', 'user.png', NULL, 5, NULL, 492, NULL, 1, NULL),
(994, NULL, 'Clara Bela Neves Lopes Almeida', NULL, '913870888', 'clara.lopes.almeida@gmail.com', '2018-10-08', NULL, NULL, '', '', NULL, NULL, NULL, NULL, '2018-10-09', 'user.png', NULL, 5, NULL, 493, NULL, 1, NULL),
(995, NULL, 'Maria de La Salete O. Tavares', NULL, '913623285', NULL, '2019-07-09', NULL, NULL, '', '', NULL, NULL, NULL, NULL, '2019-07-10', 'user.png', NULL, 5, NULL, 494, NULL, 1, NULL),
(996, NULL, 'António Manuel Pinto de Almeida', NULL, '912411436', 'toalmeida76@hotmail.com', '2019-07-09', NULL, NULL, '', '', NULL, NULL, NULL, NULL, '2019-07-10', 'user.png', NULL, 5, NULL, 495, NULL, 1, NULL),
(997, NULL, 'Sónia Regina Ramos Bernardo', NULL, '964438576', 'soniabernardo76@hotmail.com', '2018-08-30', NULL, NULL, '', '', NULL, NULL, NULL, NULL, '2018-08-31', 'user.png', NULL, 5, NULL, 496, NULL, 1, NULL),
(998, NULL, 'Vitor Manuel Henriques Malafaia', NULL, '916817156', NULL, '2019-07-09', NULL, NULL, '', '', NULL, NULL, NULL, NULL, '2019-07-10', 'user.png', NULL, 5, NULL, 497, NULL, 1, NULL),
(999, NULL, 'Celeste Maria da Silva Barroqueiro Dias', NULL, '964713155', 'diasceleste@gmail.com', '2019-07-09', NULL, NULL, '', '', NULL, NULL, NULL, NULL, '2019-07-10', 'user.png', NULL, 5, NULL, 498, NULL, 1, NULL),
(1000, NULL, 'Ana Isabel Henriques de Azevedo', NULL, '964254226', 'anazevedo38@hotmail.com', '2019-07-09', NULL, NULL, '', '', NULL, NULL, NULL, NULL, '2019-07-10', 'user.png', NULL, 5, NULL, 499, NULL, 1, NULL),
(1001, NULL, 'Manuel Avelino Martins Tavares', '', '965690967', NULL, '2019-07-09', NULL, NULL, '', '', NULL, NULL, NULL, NULL, '2019-07-10', 'user.png', NULL, 5, NULL, 500, NULL, 1, NULL),
(1002, NULL, 'Maria da Conceição', NULL, '912332619', NULL, '2019-07-09', NULL, NULL, '', '', NULL, NULL, NULL, NULL, '2019-07-10', 'user.png', NULL, 5, NULL, 501, NULL, 1, NULL),
(1003, NULL, 'Maria Cristina Saraiva de Sousa', NULL, '964447804', NULL, '2019-07-09', NULL, NULL, '', '', NULL, NULL, NULL, NULL, '2019-07-10', 'user.png', NULL, 5, NULL, 502, NULL, 1, NULL),
(1004, NULL, 'Beatriz da Conceição Matos Pereira sousa', NULL, '912779952', NULL, '2019-07-09', NULL, NULL, '', '', NULL, NULL, NULL, NULL, '2019-07-10', 'user.png', NULL, 5, NULL, 503, NULL, 1, NULL),
(1005, NULL, 'Susana Belinda Pereira Rodriguez', '', '916284159', 'sbelinda34@gmail.com', '2019-07-09', NULL, NULL, '', '928394876', NULL, NULL, NULL, NULL, '2019-07-10', 'user.png', NULL, 5, NULL, 504, NULL, 1, NULL),
(1006, NULL, 'Vitor Manuel Pinto Gonçalves', NULL, '961578091', NULL, '2019-07-09', NULL, NULL, '', '', NULL, NULL, NULL, NULL, '2019-07-10', 'user.png', NULL, 5, NULL, 505, NULL, 1, NULL),
(1007, NULL, 'Rosa Maria Aguiar Domingues', NULL, '964099788', 'rosa.domingues@gmail.com', '2019-07-09', NULL, NULL, '07465118-8-ZY6', '190269545', NULL, NULL, NULL, NULL, '2019-07-10', 'user.png', NULL, 5, NULL, 506, NULL, 1, NULL),
(1008, NULL, 'Manuel Augusto Oliveira Pinho', NULL, NULL, NULL, '2019-07-09', NULL, NULL, '', '', NULL, NULL, NULL, NULL, '2019-07-10', 'user.png', NULL, 5, NULL, 507, NULL, 1, NULL),
(1009, NULL, 'Anabela da Silva Machado', NULL, '933268731', NULL, '2019-07-09', NULL, NULL, '', '', NULL, NULL, NULL, NULL, '2019-07-10', 'user.png', NULL, 5, NULL, 508, NULL, 1, NULL),
(1010, NULL, '...', NULL, NULL, NULL, '2017-08-09', NULL, NULL, '', '', NULL, NULL, NULL, NULL, '2017-08-10', 'user.png', NULL, 5, NULL, 509, NULL, 1, NULL),
(1011, NULL, 'Margarida Isabel Oliveira Marques', NULL, '966596553', 'marquesmarg@sapo.pt', '2019-07-09', NULL, NULL, '', '', NULL, NULL, NULL, NULL, '2019-07-10', 'user.png', NULL, 5, NULL, 510, NULL, 1, NULL),
(1012, NULL, 'Paulo Jorge Pereira Vasconcelos', NULL, '963641390', NULL, '2019-07-09', NULL, NULL, '', '', NULL, NULL, NULL, NULL, '2019-07-10', 'user.png', NULL, 5, NULL, 511, NULL, 1, NULL),
(1013, NULL, 'Eva Maria Duarte Fonseca', NULL, '914264804', NULL, '2019-07-09', NULL, NULL, '', '', NULL, NULL, NULL, NULL, '2019-07-10', 'user.png', NULL, 5, NULL, 512, NULL, 1, NULL),
(1014, NULL, '.Arminda Maria Tavares Fernandes..', NULL, '962466406', 'armindamtfernandes@gmail.com', '2019-07-09', NULL, NULL, '10675675', '173249060', NULL, NULL, NULL, NULL, '2019-07-10', 'user.png', NULL, 5, NULL, 513, NULL, 1, NULL),
(1015, NULL, '.Arminda Maria Tavares Fernandes..', NULL, '962466406', 'armindamtfernandes@gmail.com', '2019-07-09', NULL, NULL, '11675675', '000000001', NULL, NULL, NULL, NULL, '2019-07-10', 'user.png', NULL, 5, NULL, 514, NULL, 1, NULL),
(1016, NULL, 'Bruno Cristiano Almeida Tavares', NULL, '965139263', NULL, '2018-11-14', NULL, NULL, '11942458', '213309823', NULL, NULL, NULL, NULL, '2018-11-15', 'user.png', NULL, 5, NULL, 515, NULL, 1, NULL),
(1017, NULL, 'Ana Daniel Santos Bastos', NULL, '965442517', NULL, '2018-11-14', NULL, NULL, '', '', NULL, NULL, NULL, NULL, '2018-11-15', 'user.png', NULL, 5, NULL, 516, NULL, 1, NULL),
(1018, NULL, 'Paula Cristina da Silva Marques Caneira', NULL, '918565440', NULL, '2017-08-15', NULL, NULL, '10866536', '198734905', NULL, NULL, NULL, NULL, '2017-08-16', 'user.png', NULL, 5, NULL, 517, NULL, 1, NULL),
(1019, NULL, 'Alfredo Manuel Rodrigues Caneira', NULL, '919338088', NULL, '2017-08-15', NULL, NULL, '', '', NULL, NULL, NULL, NULL, '2017-08-16', 'user.png', NULL, 5, NULL, 518, NULL, 1, NULL),
(1020, NULL, 'Paula Cristina da Silva Marques Caneira', NULL, '918565440', NULL, '2017-08-15', NULL, NULL, '10866536', '198734905', NULL, NULL, NULL, NULL, '2017-08-16', 'user.png', NULL, 5, NULL, 519, NULL, 1, NULL),
(1021, NULL, 'Alfredo Manuel Rodrigues Caneira', NULL, '919338088', NULL, '2017-08-15', NULL, NULL, '', '', NULL, NULL, NULL, NULL, '2017-08-16', 'user.png', NULL, 5, NULL, 520, NULL, 1, NULL),
(1022, NULL, '...', NULL, NULL, NULL, '2017-06-29', NULL, NULL, '', '', NULL, NULL, NULL, NULL, '2017-06-30', 'user.png', NULL, 5, NULL, 521, NULL, 1, NULL),
(1023, NULL, '...', NULL, NULL, NULL, '2017-06-29', NULL, NULL, '', '', NULL, NULL, NULL, NULL, '2017-06-30', 'user.png', NULL, 5, NULL, 522, NULL, 1, NULL),
(1024, NULL, 'Joel de Sousa Couto', NULL, '933845997', 'joelsousacouto@gmail.com', '2017-08-15', NULL, NULL, '12088127', '229895255', NULL, NULL, NULL, NULL, '2017-08-16', 'user.png', NULL, 5, NULL, 523, NULL, 1, NULL),
(1025, NULL, 'Anabela Marques Rebelo Couto', NULL, '910484287', NULL, '2017-08-15', NULL, NULL, '', '', NULL, NULL, NULL, NULL, '2017-08-16', 'user.png', NULL, 5, NULL, 524, NULL, 1, NULL),
(1026, NULL, 'Joel Sousa Couto', NULL, '933845997', 'joelsousacouto@gmail.com', '2019-07-10', NULL, NULL, '12088127', '229895255', NULL, NULL, NULL, NULL, '2019-07-11', 'user.png', NULL, 5, NULL, 525, NULL, 1, NULL),
(1027, NULL, 'Anabela Rebelo', NULL, '910484287', NULL, '2019-07-10', NULL, NULL, '', '', NULL, NULL, NULL, NULL, '2019-07-11', 'user.png', NULL, 5, NULL, 526, NULL, 1, NULL),
(1028, NULL, 'Bruno Emanuel Oliveira e sousa', NULL, '917694206', NULL, '2019-07-10', NULL, NULL, '13171736', '222269359', NULL, NULL, NULL, NULL, '2019-07-11', 'user.png', NULL, 5, NULL, 527, NULL, 1, NULL),
(1029, NULL, 'Patrícia Liliana Sousa Dias', NULL, '918538190', NULL, '2019-07-10', NULL, NULL, '', '', NULL, NULL, NULL, NULL, '2019-07-11', 'user.png', NULL, 5, NULL, 528, NULL, 1, NULL),
(1030, NULL, '...', NULL, NULL, NULL, '2017-11-12', NULL, NULL, '', '', NULL, NULL, NULL, NULL, '2017-11-13', 'user.png', NULL, 5, NULL, 529, NULL, 1, NULL),
(1031, NULL, '...', NULL, NULL, NULL, '2017-11-12', NULL, NULL, '', '', NULL, NULL, NULL, NULL, '2017-11-13', 'user.png', NULL, 5, NULL, 530, NULL, 1, NULL),
(1032, NULL, 'Liliana Patrícia Carvalho Reis', NULL, '936401711', 'marcolopes-lilireis@hotmail.com', '2019-07-10', NULL, NULL, '11977407', '213137941', NULL, NULL, NULL, NULL, '2019-07-11', 'user.png', NULL, 5, NULL, 531, NULL, 1, NULL),
(1033, NULL, 'Marco Pereira Lopes', NULL, '915323897', 'marcolopes-lilireis@hotmail.com', '2019-07-10', NULL, NULL, '', '', NULL, NULL, NULL, NULL, '2019-07-11', 'user.png', NULL, 5, NULL, 532, NULL, 1, NULL),
(1034, NULL, 'Daniel Oliveira da Silva', NULL, '962987857', 'daniel.silva@egi.com.pt', '2017-08-27', NULL, NULL, '10342886', '196527686', NULL, NULL, NULL, NULL, '2017-08-28', 'user.png', NULL, 5, NULL, 533, NULL, 1, NULL),
(1035, NULL, 'Gorete Silva Flávio', '234841047', NULL, NULL, '2017-08-27', NULL, NULL, '', '', NULL, NULL, NULL, NULL, '2017-08-28', 'user.png', NULL, 5, NULL, 534, NULL, 1, NULL),
(1036, NULL, 'Jorge Manuel de Almeida Faria', NULL, '919797327', 'jf.jorgefaria@gmail.com', '2019-07-10', NULL, NULL, '3333333', '444444444', NULL, NULL, NULL, NULL, '2019-07-11', 'user.png', NULL, 5, NULL, 535, NULL, 1, NULL),
(1037, NULL, 'Ilda Maria Silva Miranda Faria', NULL, '969015058', 'if.ildafaria@gmail.com', '2019-07-10', NULL, NULL, '', '', NULL, NULL, NULL, NULL, '2019-07-11', 'user.png', NULL, 5, NULL, 536, NULL, 1, NULL);
INSERT INTO `entidade` (`ID_Entidade`, `nLicenca`, `Nome`, `Telf`, `Telm`, `Email`, `DataNasc`, `Naturalidade`, `Pais`, `CC`, `NIF`, `GSanguineo`, `Habilitacoes`, `Doencas`, `Profissao`, `UltimaAtualizacao`, `FotoInscricao`, `FotoCromos`, `REF_TipoEnt`, `REF_Equipamento`, `REF_Morada`, `REF_Inscricao`, `Estado`, `REF_Posicao`) VALUES
(1038, NULL, 'Sónia Patrícia Oliveira Henriques', NULL, '912659854', 'spohenriques@hotmail.com', '2019-07-10', NULL, NULL, '11967815', '211549908', NULL, NULL, NULL, NULL, '2019-07-11', 'user.png', NULL, 5, NULL, 537, NULL, 1, NULL),
(1039, NULL, 'Filipe Miguel Pires Ferreira', NULL, '911794100', 'fmpferreira@hotmail.com', '2019-07-10', NULL, NULL, '', '', NULL, NULL, NULL, NULL, '2019-07-11', 'user.png', NULL, 5, NULL, 538, NULL, 1, NULL),
(1040, NULL, 'Sérgio Reis', NULL, '918701968', 'reis.sergio@gmail.com', '2019-07-10', NULL, NULL, '10661133', '193075350', NULL, NULL, NULL, NULL, '2019-07-11', 'user.png', NULL, 5, NULL, 539, NULL, 1, NULL),
(1041, NULL, 'Cristina Reis', '', '917450067', 'cristinasilva.reis@gmail.com', '2019-07-10', NULL, NULL, '', '', NULL, NULL, NULL, NULL, '2019-07-11', 'user.png', NULL, 5, NULL, 540, NULL, 1, NULL),
(1042, NULL, 'Filipe Martinho Cipriano Ferreira', NULL, '911119207', 'fmcferreira@msn.com', '2019-07-10', NULL, NULL, '11086084', '203649532', NULL, NULL, NULL, NULL, '2019-07-11', 'user.png', NULL, 5, NULL, 541, NULL, 1, NULL),
(1043, NULL, 'Carla Alexandrina Veríssimo Almeida Ferreira', NULL, '911119217', NULL, '2019-07-10', NULL, NULL, '', '', NULL, NULL, NULL, NULL, '2019-07-11', 'user.png', NULL, 5, NULL, 542, NULL, 1, NULL),
(1044, NULL, 'Verónica Alexandra de Oliveira Amador', NULL, '963111343', 'vaamador@gmail.com', '2019-07-10', NULL, NULL, '', '', NULL, NULL, NULL, NULL, '2019-07-11', 'user.png', NULL, 5, NULL, 543, NULL, 1, NULL),
(1045, NULL, 'Ana Sofia de Noronha Freire', NULL, '963577552', 'ananoronhafreire17@gmail.com', '2019-07-10', NULL, NULL, '', '', NULL, NULL, NULL, NULL, '2019-07-11', 'user.png', NULL, 5, NULL, 544, NULL, 1, NULL),
(1046, NULL, 'Claudia Ionela Pupaza Mortágua de Azevedo', NULL, '919052435', 'ionelaclaudia2014@gmail.com', '2019-07-10', NULL, NULL, '30571687', '246319623', NULL, NULL, NULL, NULL, '2019-07-11', 'user.png', NULL, 5, NULL, 545, NULL, 1, NULL),
(1047, NULL, 'Karina da Silva Tavares Ferreira', NULL, '965563272', 'karinast@netvisao.pt', '2019-07-10', NULL, NULL, '', '', NULL, NULL, NULL, NULL, '2019-07-11', 'user.png', NULL, 5, NULL, 546, NULL, 1, NULL),
(1048, NULL, 'Sara Botte', NULL, '966756589', 'sarabotte@gmail.com', '2019-07-10', NULL, NULL, '', '', NULL, NULL, NULL, NULL, '2019-07-11', 'user.png', NULL, 5, NULL, 547, NULL, 1, NULL),
(1049, NULL, 'José Pedro Sá Couto Pinto Tavares', NULL, '969028100', NULL, '2019-07-10', NULL, NULL, '', '', NULL, NULL, NULL, NULL, '2019-07-11', 'user.png', NULL, 5, NULL, 548, NULL, 1, NULL),
(1050, NULL, '...', NULL, NULL, NULL, '2017-11-12', NULL, NULL, '', '', NULL, NULL, NULL, NULL, '2017-11-13', 'user.png', NULL, 5, NULL, 549, NULL, 1, NULL),
(1051, NULL, 'Isabel Margarida da Silva Marques Nogueira', NULL, '919670706', 'isabelmsmnogueira@gmail.com', '2019-07-10', NULL, NULL, '', '', NULL, NULL, NULL, NULL, '2019-07-11', 'user.png', NULL, 5, NULL, 550, NULL, 1, NULL),
(1052, NULL, '...', NULL, NULL, NULL, '2017-07-03', NULL, NULL, '', '', NULL, NULL, NULL, NULL, '2017-07-04', 'user.png', NULL, 5, NULL, 551, NULL, 1, NULL),
(1053, NULL, 'Paula Cristina Gonçalves Fernandes Oliveira', NULL, '917872397', NULL, '2019-07-10', NULL, NULL, '', '', NULL, NULL, NULL, NULL, '2019-07-11', 'user.png', NULL, 5, NULL, 552, NULL, 1, NULL),
(1054, NULL, 'Bruno Rafael da Silva Fidalgo', NULL, '965228156', NULL, '2019-07-10', NULL, NULL, '', '', NULL, NULL, NULL, NULL, '2019-07-11', 'user.png', NULL, 5, NULL, 553, NULL, 1, NULL),
(1055, NULL, 'Carmen Tavares Rufino bandeira', NULL, '966430557', 'vmfbandeira@hotmail.com', '2019-07-10', NULL, NULL, '', '', NULL, NULL, NULL, NULL, '2019-07-11', 'user.png', NULL, 5, NULL, 554, NULL, 1, NULL),
(1056, NULL, '...', NULL, NULL, NULL, '2017-06-29', NULL, NULL, '', '', NULL, NULL, NULL, NULL, '2017-06-30', 'user.png', NULL, 5, NULL, 555, NULL, 1, NULL),
(1057, NULL, '...', NULL, NULL, NULL, '2017-06-29', NULL, NULL, '', '', NULL, NULL, NULL, NULL, '2017-06-30', 'user.png', NULL, 5, NULL, 556, NULL, 1, NULL),
(1058, NULL, 'Susana Maria Marques Domingues Freire', NULL, '963513008', NULL, '2018-11-14', NULL, NULL, '', '', NULL, NULL, NULL, NULL, '2018-11-15', 'user.png', NULL, 5, NULL, 557, NULL, 1, NULL),
(1059, NULL, 'Célia Patrícia de Oliveira Alves', NULL, '914882841', NULL, '2019-07-10', NULL, NULL, '', '', NULL, NULL, NULL, NULL, '2019-07-11', 'user.png', NULL, 5, NULL, 558, NULL, 1, NULL),
(1060, NULL, 'Ana Gonçalves', '961614343', '962910307', NULL, '2019-07-10', NULL, NULL, '', '', NULL, NULL, NULL, NULL, '2019-07-11', 'user.png', NULL, 5, NULL, 559, NULL, 1, NULL),
(1061, NULL, 'José Augusto Proença Gouveia', NULL, '915245182', NULL, '2019-07-10', NULL, NULL, '', '', NULL, NULL, NULL, NULL, '2019-07-11', 'user.png', NULL, 5, NULL, 560, NULL, 1, NULL),
(1062, NULL, 'David Alfonso Castaño Velasquez', NULL, '920259622', NULL, '2019-07-10', NULL, NULL, '', '', NULL, NULL, NULL, NULL, '2019-07-11', 'user.png', NULL, 5, NULL, 561, NULL, 1, NULL),
(1063, NULL, '...', NULL, NULL, NULL, '2017-07-03', NULL, NULL, '', '', NULL, NULL, NULL, NULL, '2017-07-04', 'user.png', NULL, 5, NULL, 562, NULL, 1, NULL),
(1064, NULL, '...', NULL, NULL, NULL, '2017-07-03', NULL, NULL, '', '', NULL, NULL, NULL, NULL, '2017-07-04', 'user.png', NULL, 5, NULL, 563, NULL, 1, NULL),
(1065, NULL, '...', NULL, NULL, NULL, '2017-11-08', NULL, NULL, '', '', NULL, NULL, NULL, NULL, '2017-11-09', 'user.png', NULL, 5, NULL, 564, NULL, 1, NULL),
(1066, NULL, 'Francisco Manuel Amador Dias Teques', NULL, NULL, NULL, '2018-10-09', NULL, NULL, '', '', NULL, NULL, NULL, NULL, '2018-10-10', 'user.png', NULL, 5, NULL, 565, NULL, 1, NULL),
(1067, NULL, 'Ricardo Moreira e Silva', NULL, NULL, NULL, '2017-08-27', NULL, NULL, '', '', NULL, NULL, NULL, NULL, '2017-08-28', 'user.png', NULL, 5, NULL, 566, NULL, 1, NULL),
(1068, NULL, 'Ricardo Barbosa', NULL, '916262313', 'barbosaricardo773@gmail.com', '2018-11-14', NULL, NULL, '', '', NULL, NULL, NULL, NULL, '2018-11-15', 'user.png', NULL, 5, NULL, 567, NULL, 1, NULL),
(1069, NULL, 'Sandra Paula Silva Duarte', NULL, '910078211', NULL, '2018-11-14', NULL, NULL, '', '', NULL, NULL, NULL, NULL, '2018-11-15', 'user.png', NULL, 5, NULL, 568, NULL, 1, NULL),
(1070, NULL, 'Carlos Alberto Sousa Maia', NULL, '910859674', NULL, '2018-10-09', NULL, NULL, '', '', NULL, NULL, NULL, NULL, '2018-10-10', 'user.png', NULL, 5, NULL, 569, NULL, 1, NULL),
(1071, NULL, 'Cristina Isabel Lopes Ferro', NULL, '966606609', 'cristinailferro@gamil.com', '2018-10-09', NULL, NULL, '', '', NULL, NULL, NULL, NULL, '2018-10-10', 'user.png', NULL, 5, NULL, 570, NULL, 1, NULL),
(1072, NULL, 'Sara Cristina Valente da Silva', NULL, '937045000', 'saracvspinheiro@gmail.com', '2018-10-09', NULL, NULL, '', '', NULL, NULL, NULL, NULL, '2018-10-10', 'user.png', NULL, 5, NULL, 571, NULL, 1, NULL),
(1073, NULL, 'Mónica Alexandra de Sá Torres Simões', NULL, '965167883', 'mastsimoes@hotmail.com', '2019-07-09', NULL, NULL, '', '', NULL, NULL, NULL, NULL, '2019-07-10', 'user.png', NULL, 5, NULL, 572, NULL, 1, NULL),
(1074, NULL, 'Sandra Couras', NULL, '966476384', NULL, '2018-10-09', NULL, NULL, '', '', NULL, NULL, NULL, NULL, '2018-10-10', 'user.png', NULL, 5, NULL, 573, NULL, 1, NULL),
(1075, NULL, 'Márcia Vitoria Castro Proença', NULL, '968345280', NULL, '2018-10-09', NULL, NULL, '', '', NULL, NULL, NULL, NULL, '2018-10-10', 'user.png', NULL, 5, NULL, 574, NULL, 1, NULL),
(1076, NULL, 'Fátima Elizabeth Lopes dos Santos', NULL, '918544544', 'fatinha.lopes79@gmail.com', '2018-10-09', NULL, NULL, '', '', NULL, NULL, NULL, NULL, '2018-10-10', 'user.png', NULL, 5, NULL, 575, NULL, 1, NULL),
(1077, NULL, 'Carina Isabel Fernandes Ramos', NULL, NULL, NULL, '2018-10-09', NULL, NULL, '', '', NULL, NULL, NULL, NULL, '2018-10-10', 'user.png', NULL, 5, NULL, 576, NULL, 1, NULL),
(1078, NULL, 'Ilda Maria da Silva Miranda Faria', NULL, '969015058', 'if.ildafaria@gmail.com', '2019-07-10', NULL, NULL, '10890202', '218650884', NULL, NULL, NULL, NULL, '2019-07-11', 'user.png', NULL, 5, NULL, 577, NULL, 1, NULL),
(1079, NULL, 'Ricardo José Sousa Costa', NULL, '969302554', NULL, '2019-07-10', NULL, NULL, '', '', NULL, NULL, NULL, NULL, '2019-07-11', 'user.png', NULL, 5, NULL, 578, NULL, 1, NULL),
(1080, NULL, 'Fernanda Maria Silva Melo Soares', NULL, NULL, NULL, '2018-11-13', NULL, NULL, '', '', NULL, NULL, NULL, NULL, '2018-11-14', 'user.png', NULL, 5, NULL, 579, NULL, 1, NULL),
(1081, NULL, 'Maria João Henriques da Costa Paiva', NULL, '962388100', NULL, '2017-11-08', NULL, NULL, '', '', NULL, NULL, NULL, NULL, '2017-11-09', 'user.png', NULL, 5, NULL, 580, NULL, 1, NULL),
(1082, NULL, '...', NULL, NULL, NULL, '2017-11-08', NULL, NULL, '', '', NULL, NULL, NULL, NULL, '2017-11-09', 'user.png', NULL, 5, NULL, 581, NULL, 1, NULL),
(1083, NULL, '...', NULL, NULL, NULL, '2017-11-08', NULL, NULL, '', '', NULL, NULL, NULL, NULL, '2017-11-09', 'user.png', NULL, 5, NULL, 582, NULL, 1, NULL),
(1084, NULL, '...', NULL, NULL, NULL, '2017-11-08', NULL, NULL, '', '', NULL, NULL, NULL, NULL, '2017-11-09', 'user.png', NULL, 5, NULL, 583, NULL, 1, NULL),
(1085, NULL, 'Amândio António da Silva Pinto', NULL, '962687732', 'a.pinto.35@gmail.com', '2019-07-10', NULL, NULL, '10118267', '199584080', NULL, NULL, NULL, NULL, '2019-07-11', 'user.png', NULL, 5, NULL, 584, NULL, 1, NULL),
(1086, NULL, 'Emanuel Pereira Antunes Tomé', NULL, '913102448', 'epatome@yahoo.com', '2019-07-10', NULL, NULL, '', '', NULL, NULL, NULL, NULL, '2019-07-11', 'user.png', NULL, 5, NULL, 585, NULL, 1, NULL),
(1087, NULL, 'Celeste Maria Loureiro Pereira', NULL, NULL, NULL, '2018-11-13', NULL, NULL, '', '', NULL, NULL, NULL, NULL, '2018-11-14', 'user.png', NULL, 5, NULL, 586, NULL, 1, NULL),
(1088, NULL, 'Cláudia Sófia Santos Rebelo', NULL, '913305040', 'cssr1973@hotmail.com', '2019-07-10', NULL, NULL, '', '', NULL, NULL, NULL, NULL, '2019-07-11', 'user.png', NULL, 5, NULL, 587, NULL, 1, NULL),
(1089, NULL, 'Fernando Augusto Almeida Pinto', NULL, '966334664', NULL, '2019-07-10', NULL, NULL, '', '', NULL, NULL, NULL, NULL, '2019-07-11', 'user.png', NULL, 5, NULL, 588, NULL, 1, NULL),
(1090, NULL, 'Carla Alexandra Tavares Marques', NULL, '414639934', NULL, '2019-07-10', NULL, NULL, '', '', NULL, NULL, NULL, NULL, '2019-07-11', 'user.png', NULL, 5, NULL, 589, NULL, 1, NULL),
(1091, NULL, 'Ana Catarina Ferreira Antão', NULL, '965650099', 'ancosa10@gmail.com', '2019-07-10', NULL, NULL, '', '', NULL, NULL, NULL, NULL, '2019-07-11', 'user.png', NULL, 5, NULL, 590, NULL, 1, NULL),
(1092, NULL, 'Helena Maria Matoa Oliveira', NULL, '965661711', NULL, '2019-07-10', NULL, NULL, '', '', NULL, NULL, NULL, NULL, '2019-07-11', 'user.png', NULL, 5, NULL, 591, NULL, 1, NULL),
(1093, NULL, 'Carina Alexandra Vieira Castelhano Ruela', '', '910613547', NULL, '2018-11-13', NULL, NULL, '', '', NULL, NULL, NULL, NULL, '2018-11-14', 'user.png', NULL, 5, NULL, 592, NULL, 1, NULL),
(1094, NULL, 'Vera Sandra Montenegro Osório de Vinha', NULL, '925224432', 'veravinha@hotmail.com', '2018-11-13', NULL, NULL, '', '', NULL, NULL, NULL, NULL, '2018-11-14', 'user.png', NULL, 5, NULL, 593, NULL, 1, NULL),
(1095, NULL, 'Luis Miguel Henriques Carinha R. da Silva', NULL, '969178122', 'luis.carinha.silva@gmail.com', '2019-07-10', NULL, NULL, '', '', NULL, NULL, NULL, NULL, '2019-07-11', 'user.png', NULL, 5, NULL, 594, NULL, 1, NULL),
(1096, NULL, 'Carla Susana Rodrigues Padinha Rebelo', NULL, '910568595', 'susana.padinha@sapo.pt', '2018-11-13', NULL, NULL, '', '', NULL, NULL, NULL, NULL, '2018-11-14', 'user.png', NULL, 5, NULL, 595, NULL, 1, NULL),
(1097, NULL, 'Fernando Manuel de Almeida Henriques', NULL, '932448712', 'uba@sapo.pt', '2019-07-10', NULL, NULL, '10316564', '202937399', NULL, NULL, NULL, NULL, '2019-07-11', 'user.png', NULL, 5, NULL, 596, NULL, 1, NULL),
(1098, NULL, 'Liliana Catarina Almeida Gomes', NULL, '913984957', NULL, '2019-07-10', NULL, NULL, '', '', NULL, NULL, NULL, NULL, '2019-07-11', 'user.png', NULL, 5, NULL, 597, NULL, 1, NULL),
(1099, NULL, '...', NULL, NULL, NULL, '2017-06-29', NULL, NULL, '', '', NULL, NULL, NULL, NULL, '2017-06-30', 'user.png', NULL, 5, NULL, 598, NULL, 1, NULL),
(1100, NULL, '...', NULL, NULL, NULL, '2017-06-29', NULL, NULL, '', '', NULL, NULL, NULL, NULL, '2017-06-30', 'user.png', NULL, 5, NULL, 599, NULL, 1, NULL),
(1101, NULL, '...', NULL, NULL, NULL, '2017-11-12', NULL, NULL, '', '', NULL, NULL, NULL, NULL, '2017-11-13', 'user.png', NULL, 5, NULL, 600, NULL, 1, NULL),
(1102, NULL, 'Sonia Cláudia Ferreira Pereira', NULL, '912049654', 'sofepereira@gmail.com', '2018-11-13', NULL, NULL, '', '', NULL, NULL, NULL, NULL, '2018-11-14', 'user.png', NULL, 5, NULL, 601, NULL, 1, NULL),
(1103, NULL, '...', NULL, NULL, NULL, '2017-11-12', NULL, NULL, '', '', NULL, NULL, NULL, NULL, '2017-11-13', 'user.png', NULL, 5, NULL, 602, NULL, 1, NULL),
(1104, NULL, '...', NULL, NULL, NULL, '2017-06-29', NULL, NULL, '', '', NULL, NULL, NULL, NULL, '2017-06-30', 'user.png', NULL, 5, NULL, 603, NULL, 1, NULL),
(1105, NULL, '...', NULL, NULL, NULL, '2017-06-29', NULL, NULL, '', '', NULL, NULL, NULL, NULL, '2017-06-30', 'user.png', NULL, 5, NULL, 604, NULL, 1, NULL),
(1106, NULL, '...', NULL, NULL, NULL, '2017-11-12', NULL, NULL, '', '', NULL, NULL, NULL, NULL, '2017-11-13', 'user.png', NULL, 5, NULL, 605, NULL, 1, NULL),
(1107, NULL, 'Lília Elisabeth Oliveira Marques', NULL, '964889532', NULL, '2019-07-09', NULL, NULL, '', '', NULL, NULL, NULL, NULL, '2019-07-10', 'user.png', NULL, 5, NULL, 606, NULL, 1, NULL),
(1108, NULL, 'Cristina', NULL, '963841626', NULL, '2018-10-05', NULL, NULL, '', '', NULL, NULL, NULL, NULL, '2018-10-06', 'user.png', NULL, 5, NULL, 607, NULL, 1, NULL),
(1109, NULL, 'Magda Alexandra L. Silva', NULL, '919275459', NULL, '2019-07-09', NULL, NULL, '', '', NULL, NULL, NULL, NULL, '2019-07-10', 'user.png', NULL, 5, NULL, 608, NULL, 1, NULL),
(1110, NULL, 'Cidália Cristina da Silva Resende Matos', NULL, '914993645', 'cidalia-cristina2011@hotmail.com', '2019-07-09', NULL, NULL, '', '', NULL, NULL, NULL, NULL, '2019-07-10', 'user.png', NULL, 5, NULL, 609, NULL, 1, NULL),
(1111, NULL, 'Sofia Laura Gomes Branco M. R. Silva', NULL, '917374655', 'slresende@hotmail.com', '2019-07-09', NULL, NULL, '', '', NULL, NULL, NULL, NULL, '2019-07-10', 'user.png', NULL, 5, NULL, 610, NULL, 1, NULL),
(1112, NULL, 'Deolinda Rosa da Silva Pita Pereira', '234865319', NULL, 'armgralho@sapo.pt', '2019-07-09', NULL, NULL, '', '', NULL, NULL, NULL, NULL, '2019-07-10', 'user.png', NULL, 5, NULL, 611, NULL, 1, NULL),
(1113, NULL, 'José Carlos Monteiro Alves', NULL, '919915024', 'jose.monteiro.alves@hotmail.com', '2019-07-09', NULL, NULL, '10256921', '180881426', NULL, NULL, NULL, NULL, '2019-07-10', 'user.png', NULL, 5, NULL, 612, NULL, 1, NULL),
(1114, NULL, '...', NULL, NULL, NULL, '2017-11-12', NULL, NULL, '', '', NULL, NULL, NULL, NULL, '2017-11-13', 'user.png', NULL, 5, NULL, 613, NULL, 1, NULL),
(1115, NULL, '...', NULL, NULL, NULL, '2017-11-12', NULL, NULL, '', '', NULL, NULL, NULL, NULL, '2017-11-13', 'user.png', NULL, 5, NULL, 614, NULL, 1, NULL),
(1116, NULL, '...', NULL, NULL, NULL, '2017-11-12', NULL, NULL, '', '', NULL, NULL, NULL, NULL, '2017-11-13', 'user.png', NULL, 5, NULL, 615, NULL, 1, NULL),
(1117, NULL, '...', NULL, NULL, NULL, '2017-11-12', NULL, NULL, '', '', NULL, NULL, NULL, NULL, '2017-11-13', 'user.png', NULL, 5, NULL, 616, NULL, 1, NULL),
(1118, NULL, '...', NULL, NULL, NULL, '2017-11-12', NULL, NULL, '', '', NULL, NULL, NULL, NULL, '2017-11-13', 'user.png', NULL, 5, NULL, 617, NULL, 1, NULL),
(1119, NULL, '...', NULL, NULL, NULL, '2017-11-12', NULL, NULL, '', '', NULL, NULL, NULL, NULL, '2017-11-13', 'user.png', NULL, 5, NULL, 618, NULL, 1, NULL),
(1120, NULL, '...', NULL, NULL, NULL, '2017-11-12', NULL, NULL, '', '', NULL, NULL, NULL, NULL, '2017-11-13', 'user.png', NULL, 5, NULL, 619, NULL, 1, NULL),
(1121, NULL, 'Daniel da Silva Marques', NULL, NULL, NULL, '2019-07-09', NULL, NULL, '', '', NULL, NULL, NULL, NULL, '2019-07-10', 'user.png', NULL, 5, NULL, 620, NULL, 1, NULL),
(1122, NULL, 'maria', NULL, NULL, NULL, '2019-07-09', NULL, NULL, '', '', NULL, NULL, NULL, NULL, '2019-07-10', 'user.png', NULL, 5, NULL, 621, NULL, 1, NULL),
(1123, NULL, '...', NULL, NULL, NULL, '2017-11-12', NULL, NULL, '', '', NULL, NULL, NULL, NULL, '2017-11-13', 'user.png', NULL, 5, NULL, 622, NULL, 1, NULL),
(1124, NULL, 'Cristina Maria Andrade da Costa Ventura', NULL, '964092143', 'ventura_cristina@sapo.pt', '2018-11-13', NULL, NULL, '', '', NULL, NULL, NULL, NULL, '2018-11-14', 'user.png', NULL, 5, NULL, 623, NULL, 1, NULL),
(1125, NULL, '...', NULL, NULL, NULL, '2017-11-12', NULL, NULL, '', '', NULL, NULL, NULL, NULL, '2017-11-13', 'user.png', NULL, 5, NULL, 624, NULL, 1, NULL),
(1126, NULL, '...', NULL, NULL, NULL, '2017-11-12', NULL, NULL, '', '', NULL, NULL, NULL, NULL, '2017-11-13', 'user.png', NULL, 5, NULL, 625, NULL, 1, NULL),
(1127, NULL, '...', NULL, NULL, NULL, '2017-11-12', NULL, NULL, '', '', NULL, NULL, NULL, NULL, '2017-11-13', 'user.png', NULL, 5, NULL, 626, NULL, 1, NULL),
(1128, NULL, '...', NULL, NULL, NULL, '2017-11-12', NULL, NULL, '', '', NULL, NULL, NULL, NULL, '2017-11-13', 'user.png', NULL, 5, NULL, 627, NULL, 1, NULL),
(1129, NULL, 'Paulo Jorge Fernandes Fima', NULL, '918189320', 'paulofima@gmail.com', '2019-07-09', NULL, NULL, '', '', NULL, NULL, NULL, NULL, '2019-07-10', 'user.png', NULL, 5, NULL, 628, NULL, 1, NULL),
(1130, NULL, 'Carla Cristina Marques Pereira da Silva', NULL, '917695622', NULL, '2018-11-13', NULL, NULL, '', '', NULL, NULL, NULL, NULL, '2018-11-14', 'user.png', NULL, 5, NULL, 629, NULL, 1, NULL),
(1131, NULL, '...', NULL, NULL, NULL, '2017-11-12', NULL, NULL, '', '', NULL, NULL, NULL, NULL, '2017-11-13', 'user.png', NULL, 5, NULL, 630, NULL, 1, NULL),
(1132, NULL, '...', NULL, NULL, NULL, '2017-11-12', NULL, NULL, '', '', NULL, NULL, NULL, NULL, '2017-11-13', 'user.png', NULL, 5, NULL, 631, NULL, 1, NULL),
(1133, NULL, '...', NULL, NULL, NULL, '2017-11-12', NULL, NULL, '', '', NULL, NULL, NULL, NULL, '2017-11-13', 'user.png', NULL, 5, NULL, 632, NULL, 1, NULL),
(1134, NULL, '...', NULL, NULL, NULL, '2017-11-12', NULL, NULL, '', '', NULL, NULL, NULL, NULL, '2017-11-13', 'user.png', NULL, 5, NULL, 633, NULL, 1, NULL),
(1135, NULL, '...', NULL, NULL, NULL, '2017-11-12', NULL, NULL, '', '', NULL, NULL, NULL, NULL, '2017-11-13', 'user.png', NULL, 5, NULL, 634, NULL, 1, NULL),
(1136, NULL, '...', NULL, NULL, NULL, '2017-11-12', NULL, NULL, '', '', NULL, NULL, NULL, NULL, '2017-11-13', 'user.png', NULL, 5, NULL, 635, NULL, 1, NULL),
(1137, NULL, 'Pedro Pereira Silva Alves', NULL, '914239904', NULL, '2018-11-28', NULL, NULL, '', '', NULL, NULL, NULL, NULL, '2018-11-29', 'user.png', NULL, 5, NULL, 636, NULL, 1, NULL),
(1138, NULL, '...', NULL, NULL, NULL, '2019-07-09', NULL, NULL, '', '', NULL, NULL, NULL, NULL, '2019-07-10', 'user.png', NULL, 5, NULL, 637, NULL, 1, NULL),
(1139, NULL, 'José António Tavares Bandeira', NULL, '912291784', NULL, '2019-07-09', NULL, NULL, '', '', NULL, NULL, NULL, NULL, '2019-07-10', 'user.png', NULL, 5, NULL, 638, NULL, 1, NULL),
(1140, NULL, 'Lúcia Maria da Silva Rebelo', '', '968064736', NULL, '2019-07-09', NULL, NULL, '', '', NULL, NULL, NULL, NULL, '2019-07-10', 'user.png', NULL, 5, NULL, 639, NULL, 1, NULL),
(1141, NULL, 'Lúcia Maria da Silva Rebelo', NULL, NULL, NULL, '2019-07-09', NULL, NULL, '', '', NULL, NULL, NULL, NULL, '2019-07-10', 'user.png', NULL, 5, NULL, 640, NULL, 1, NULL),
(1142, NULL, '...', NULL, NULL, NULL, '2017-11-12', NULL, NULL, '', '', NULL, NULL, NULL, NULL, '2017-11-13', 'user.png', NULL, 5, NULL, 641, NULL, 1, NULL),
(1143, NULL, '...', NULL, NULL, NULL, '2017-11-12', NULL, NULL, '', '', NULL, NULL, NULL, NULL, '2017-11-13', 'user.png', NULL, 5, NULL, 642, NULL, 1, NULL),
(1144, NULL, 'Carla Maria Soares Vidinha dos Santos', NULL, '917373265', NULL, '2017-08-13', NULL, NULL, '', '', NULL, NULL, NULL, NULL, '2017-08-14', 'user.png', NULL, 5, NULL, 643, NULL, 1, NULL),
(1145, NULL, 'Eugénia Maria Oliveira Bandeira', NULL, '964655773', 'eugenia_maria@sapo.pt', '2018-11-13', NULL, NULL, '', '', NULL, NULL, NULL, NULL, '2018-11-14', 'user.png', NULL, 5, NULL, 644, NULL, 1, NULL),
(1146, NULL, '...', NULL, NULL, NULL, '2017-11-12', NULL, NULL, '', '', NULL, NULL, NULL, NULL, '2017-11-13', 'user.png', NULL, 5, NULL, 645, NULL, 1, NULL),
(1147, NULL, 'Fernando Figueiredo Soares', NULL, '962684351', 'fernandoseraos@sapo.pt', '2018-10-04', NULL, NULL, '11658520', '194527697', NULL, NULL, NULL, NULL, '2018-10-05', 'user.png', NULL, 5, NULL, 646, NULL, 1, NULL),
(1148, NULL, 'Sónia Maria Valente da Silva', NULL, '962877027', 'ainos.silva@gmail.com', '2018-10-04', NULL, NULL, '', '', NULL, NULL, NULL, NULL, '2018-10-05', 'user.png', NULL, 5, NULL, 647, NULL, 1, NULL),
(1149, NULL, '...', NULL, NULL, NULL, '2017-11-12', NULL, NULL, '', '', NULL, NULL, NULL, NULL, '2017-11-13', 'user.png', NULL, 5, NULL, 648, NULL, 1, NULL),
(1150, NULL, '...', NULL, NULL, NULL, '2017-11-12', NULL, NULL, '', '', NULL, NULL, NULL, NULL, '2017-11-13', 'user.png', NULL, 5, NULL, 649, NULL, 1, NULL),
(1151, NULL, '...', NULL, NULL, NULL, '2017-07-25', NULL, NULL, '', '', NULL, NULL, NULL, NULL, '2017-08-11', 'user.png', NULL, 5, NULL, 650, NULL, 1, NULL),
(1152, NULL, '...', NULL, NULL, NULL, '2017-11-12', NULL, NULL, '', '', NULL, NULL, NULL, NULL, '2017-11-13', 'user.png', NULL, 5, NULL, 651, NULL, 1, NULL),
(1153, NULL, 'Deolinda de Jesus Aleixo Rebimbas', NULL, '966864903', NULL, '2018-10-04', NULL, NULL, '', '', NULL, NULL, NULL, NULL, '2018-10-05', 'user.png', NULL, 5, NULL, 652, NULL, 1, NULL),
(1154, NULL, 'Sérgio Domingo de Oliveira da Silva', NULL, '916040028', 'sdosilva@creditoagricola.pt', '2019-07-09', NULL, NULL, '', '', NULL, NULL, NULL, NULL, '2019-07-10', 'user.png', NULL, 5, NULL, 653, NULL, 1, NULL),
(1155, NULL, '...', NULL, NULL, NULL, '2017-11-12', NULL, NULL, '', '', NULL, NULL, NULL, NULL, '2017-11-13', 'user.png', NULL, 5, NULL, 654, NULL, 1, NULL),
(1156, NULL, '...', NULL, NULL, NULL, '2017-11-12', NULL, NULL, '', '', NULL, NULL, NULL, NULL, '2017-11-13', 'user.png', NULL, 5, NULL, 655, NULL, 1, NULL),
(1157, NULL, '...', NULL, NULL, NULL, '2017-11-12', NULL, NULL, '', '', NULL, NULL, NULL, NULL, '2017-11-13', 'user.png', NULL, 5, NULL, 656, NULL, 1, NULL),
(1158, NULL, '...', NULL, NULL, NULL, '2017-11-12', NULL, NULL, '', '', NULL, NULL, NULL, NULL, '2017-11-13', 'user.png', NULL, 5, NULL, 657, NULL, 1, NULL),
(1159, NULL, '...', NULL, NULL, NULL, '2017-11-12', NULL, NULL, '', '', NULL, NULL, NULL, NULL, '2017-11-13', 'user.png', NULL, 5, NULL, 658, NULL, 1, NULL),
(1160, NULL, 'Maria Liliana Rodrigues da Silva Viana', NULL, '917421656', NULL, '2018-11-13', NULL, NULL, '', '', NULL, NULL, NULL, NULL, '2018-11-14', 'user.png', NULL, 5, NULL, 659, NULL, 1, NULL),
(1161, NULL, 'Susana Maria Marques Domingues Freire', NULL, '963513008', 'sfreire74@gmail.com', '2018-11-13', NULL, NULL, '', '', NULL, NULL, NULL, NULL, '2018-11-14', 'user.png', NULL, 5, NULL, 660, NULL, 1, NULL),
(1162, NULL, 'Elisabete Pinho Salgado Rebelo', NULL, '964660779', NULL, '2019-07-09', NULL, NULL, '', '', NULL, NULL, NULL, NULL, '2019-07-10', 'user.png', NULL, 5, NULL, 661, NULL, 1, NULL),
(1163, NULL, 'Carla Alexandra Veríssimo Almeida Ferreira', NULL, '911119217', NULL, '2018-11-13', NULL, NULL, '', '', NULL, NULL, NULL, NULL, '2018-11-14', 'user.png', NULL, 5, NULL, 662, NULL, 1, NULL),
(1164, NULL, 'Sandra Maria Silva Oliveira', NULL, '965755145', NULL, '2019-07-09', NULL, NULL, '', '', NULL, NULL, NULL, NULL, '2019-07-10', 'user.png', NULL, 5, NULL, 663, NULL, 1, NULL),
(1165, NULL, 'Carla Sófia Ramos Silva Oliveira', NULL, '913640156', NULL, '2018-10-05', NULL, NULL, '', '', NULL, NULL, NULL, NULL, '2018-10-06', 'user.png', NULL, 5, NULL, 664, NULL, 1, NULL),
(1166, NULL, '...', NULL, NULL, NULL, '2017-11-12', NULL, NULL, '', '', NULL, NULL, NULL, NULL, '2017-11-13', 'user.png', NULL, 5, NULL, 665, NULL, 1, NULL),
(1167, NULL, '...', NULL, NULL, NULL, '2017-11-12', NULL, NULL, '', '', NULL, NULL, NULL, NULL, '2017-11-13', 'user.png', NULL, 5, NULL, 666, NULL, 1, NULL),
(1168, NULL, 'Paula Pereira da Fonseca', NULL, '966298460', NULL, '2018-11-13', NULL, NULL, '', '', NULL, NULL, NULL, NULL, '2018-11-14', 'user.png', NULL, 5, NULL, 667, NULL, 1, NULL),
(1169, NULL, 'Custódio Manuel Barbosa da Cunha', NULL, '961526803', NULL, '2019-07-09', NULL, NULL, '', '', NULL, NULL, NULL, NULL, '2019-07-10', 'user.png', NULL, 5, NULL, 668, NULL, 1, NULL),
(1170, NULL, '...', NULL, NULL, NULL, '2017-11-12', NULL, NULL, '', '', NULL, NULL, NULL, NULL, '2017-11-13', 'user.png', NULL, 5, NULL, 669, NULL, 1, NULL),
(1171, NULL, 'Vitor José da Fonseca Lopes Carvalho', NULL, '917067556', 'vitor.lopes@ua.pt', '2019-07-09', NULL, NULL, '', '', NULL, NULL, NULL, NULL, '2019-07-10', 'user.png', NULL, 5, NULL, 670, NULL, 1, NULL),
(1172, NULL, 'Mário Sérgio da Silva Ruela', NULL, NULL, NULL, '2019-07-09', NULL, NULL, '', '', NULL, NULL, NULL, NULL, '2019-07-10', 'user.png', NULL, 5, NULL, 671, NULL, 1, NULL),
(1173, NULL, 'Lúcia Maria Resende Silva', NULL, '912731212', NULL, '2019-07-09', NULL, NULL, '', '', NULL, NULL, NULL, NULL, '2019-07-10', 'user.png', NULL, 5, NULL, 672, NULL, 1, NULL),
(1174, NULL, 'Maria Elisabete de Amorim Machado', NULL, '935908262', 'betasalo@hotmail.com', '2018-11-13', NULL, NULL, '', '', NULL, NULL, NULL, NULL, '2018-11-14', 'user.png', NULL, 5, NULL, 673, NULL, 1, NULL),
(1175, NULL, 'Carla Sófia da Silva Rebe', NULL, '964395083', 'carlasilvarebelo@gmail.com', '2018-11-13', NULL, NULL, '11093899', '206997450', NULL, NULL, NULL, NULL, '2018-11-14', 'user.png', NULL, 5, NULL, 674, NULL, 1, NULL),
(1176, NULL, 'Cristina Maria Marques Soares Castro', NULL, '963342799', NULL, '2019-07-09', NULL, NULL, '', '', NULL, NULL, NULL, NULL, '2019-07-10', 'user.png', NULL, 5, NULL, 675, NULL, 1, NULL),
(1177, NULL, 'Célia Maria da Silva Pinto', NULL, '912665086', NULL, '2018-11-13', NULL, NULL, '11085753', '199584052', NULL, NULL, NULL, NULL, '2018-11-14', 'user.png', NULL, 5, NULL, 676, NULL, 1, NULL),
(1178, NULL, 'Patrícia Raquel S. G. R. Couto', NULL, '966059100', NULL, '2018-11-13', NULL, NULL, '', '', NULL, NULL, NULL, NULL, '2018-11-14', 'user.png', NULL, 5, NULL, 677, NULL, 1, NULL),
(1179, NULL, '...', NULL, NULL, NULL, '2018-11-13', NULL, NULL, '', '', NULL, NULL, NULL, NULL, '2018-11-14', 'user.png', NULL, 5, NULL, 678, NULL, 1, NULL),
(1180, NULL, '...', NULL, NULL, NULL, '2017-11-12', NULL, NULL, '', '', NULL, NULL, NULL, NULL, '2017-11-13', 'user.png', NULL, 5, NULL, 679, NULL, 1, NULL),
(1181, NULL, 'Gabriela Maria Tavares da Silva Cirne', NULL, '916942783', NULL, '2019-07-09', NULL, NULL, '', '', NULL, NULL, NULL, NULL, '2019-07-10', 'user.png', NULL, 5, NULL, 680, NULL, 1, NULL),
(1182, NULL, '...', NULL, NULL, NULL, '2017-11-12', NULL, NULL, '', '', NULL, NULL, NULL, NULL, '2017-11-13', 'user.png', NULL, 5, NULL, 681, NULL, 1, NULL),
(1183, NULL, '...', NULL, NULL, NULL, '2017-11-12', NULL, NULL, '', '', NULL, NULL, NULL, NULL, '2017-11-13', 'user.png', NULL, 5, NULL, 682, NULL, 1, NULL),
(1184, NULL, 'Clarinda Marques', NULL, '966191255', 'clarinda.marques@gmail.com', '2018-10-03', NULL, NULL, '', '', NULL, NULL, NULL, NULL, '2018-10-04', 'user.png', NULL, 5, NULL, 683, NULL, 1, NULL),
(1185, NULL, '...', NULL, NULL, NULL, '2017-11-12', NULL, NULL, '', '', NULL, NULL, NULL, NULL, '2017-11-13', 'user.png', NULL, 5, NULL, 684, NULL, 1, NULL),
(1186, NULL, '...', NULL, NULL, NULL, '2017-11-12', NULL, NULL, '', '', NULL, NULL, NULL, NULL, '2017-11-13', 'user.png', NULL, 5, NULL, 685, NULL, 1, NULL),
(1187, NULL, '...', NULL, NULL, NULL, '2017-11-12', NULL, NULL, '', '', NULL, NULL, NULL, NULL, '2017-11-13', 'user.png', NULL, 5, NULL, 686, NULL, 1, NULL),
(1188, NULL, '...', NULL, NULL, NULL, '2017-11-12', NULL, NULL, '', '', NULL, NULL, NULL, NULL, '2017-11-13', 'user.png', NULL, 5, NULL, 687, NULL, 1, NULL),
(1189, NULL, '...', NULL, NULL, NULL, '2017-11-12', NULL, NULL, '', '', NULL, NULL, NULL, NULL, '2017-11-13', 'user.png', NULL, 5, NULL, 688, NULL, 1, NULL),
(1190, NULL, 'Carlos André da Silva Anjos', NULL, '919444849 . Tia', NULL, '2018-11-13', NULL, NULL, '111111111', '222222222', NULL, NULL, NULL, NULL, '2018-11-14', 'user.png', NULL, 5, NULL, 689, NULL, 1, NULL),
(1191, NULL, 'Maria de Fátima Conceição Pais Correia', '', '919444849 . Tia', NULL, '2018-11-13', NULL, NULL, '33333333', '444444444', NULL, NULL, NULL, NULL, '2018-11-14', 'user.png', NULL, 5, NULL, 690, NULL, 1, NULL),
(1192, NULL, '...', NULL, NULL, NULL, '2019-07-09', NULL, NULL, '', '', NULL, NULL, NULL, NULL, '2019-07-10', 'user.png', NULL, 5, NULL, 691, NULL, 1, NULL),
(1193, NULL, '...', NULL, NULL, NULL, '2017-11-12', NULL, NULL, '', '', NULL, NULL, NULL, NULL, '2017-11-13', 'user.png', NULL, 5, NULL, 692, NULL, 1, NULL),
(1194, NULL, '...', NULL, NULL, NULL, '2017-11-12', NULL, NULL, '', '', NULL, NULL, NULL, NULL, '2017-11-13', 'user.png', NULL, 5, NULL, 693, NULL, 1, NULL),
(1195, NULL, '...', NULL, NULL, NULL, '2017-11-12', NULL, NULL, '', '', NULL, NULL, NULL, NULL, '2017-11-13', 'user.png', NULL, 5, NULL, 694, NULL, 1, NULL),
(1196, NULL, '...', NULL, NULL, NULL, '2017-11-12', NULL, NULL, '', '', NULL, NULL, NULL, NULL, '2017-11-13', 'user.png', NULL, 5, NULL, 695, NULL, 1, NULL),
(1197, NULL, 'Gracinda da Silva Carinha Dias', NULL, NULL, NULL, '2018-11-13', NULL, NULL, '', '', NULL, NULL, NULL, NULL, '2018-11-14', 'user.png', NULL, 5, NULL, 696, NULL, 1, NULL),
(1198, NULL, '...', NULL, NULL, NULL, '2017-11-12', NULL, NULL, '', '', NULL, NULL, NULL, NULL, '2017-11-13', 'user.png', NULL, 5, NULL, 697, NULL, 1, NULL),
(1199, NULL, 'Mário José Oliveira Barge', NULL, '919192518', NULL, '2019-07-09', NULL, NULL, '', '', NULL, NULL, NULL, NULL, '2019-07-10', 'user.png', NULL, 5, NULL, 698, NULL, 1, NULL),
(1200, NULL, 'Ana Rosa Cerqueira Pereira Costa', NULL, '915388520', NULL, '2019-07-09', NULL, NULL, '', '', NULL, NULL, NULL, NULL, '2019-07-10', 'user.png', NULL, 5, NULL, 699, NULL, 1, NULL),
(1201, NULL, 'Sandra Cristina Marques Matos', NULL, '969487583', NULL, '2019-07-09', NULL, NULL, '', '', NULL, NULL, NULL, NULL, '2019-07-10', 'user.png', NULL, 5, NULL, 700, NULL, 1, NULL),
(1202, NULL, 'Francisco Lopes Resende', NULL, '910226367', 'moluscosresende@gmail.com', '2017-10-01', NULL, NULL, '', '', NULL, NULL, NULL, NULL, '2017-10-02', 'user.png', NULL, 5, NULL, 701, NULL, 1, NULL),
(1203, NULL, '...', NULL, NULL, NULL, '2017-11-12', NULL, NULL, '', '', NULL, NULL, NULL, NULL, '2017-11-13', 'user.png', NULL, 5, NULL, 702, NULL, 1, NULL),
(1204, NULL, '', NULL, NULL, NULL, '2019-07-09', NULL, NULL, '', '', NULL, NULL, NULL, NULL, '2019-07-10', 'user.png', NULL, 5, NULL, 703, NULL, 1, NULL),
(1205, NULL, 'Paulo Jorge de Almeida Baptista', NULL, '913471789', NULL, '2018-11-13', NULL, NULL, '', '', NULL, NULL, NULL, NULL, '2018-11-14', 'user.png', NULL, 5, NULL, 704, NULL, 1, NULL),
(1206, NULL, 'Maria do Carmo Silva', NULL, '969335761', 'mcarmosilva2@sapo.pt', '2018-11-13', NULL, NULL, '', '', NULL, NULL, NULL, NULL, '2018-11-14', 'user.png', NULL, 5, NULL, 705, NULL, 1, NULL),
(1207, NULL, 'Jorge Miguel Pereira Guiomar', NULL, '934194002', 'jorge_guiomar@portugalmail.com', '2019-07-09', NULL, NULL, '', '', NULL, NULL, NULL, NULL, '2019-07-10', 'user.png', NULL, 5, NULL, 706, NULL, 1, NULL),
(1208, NULL, 'Maria de Fátima Silva Pires Nunes Valente', NULL, '913915164', NULL, '2018-11-13', NULL, NULL, '', '', NULL, NULL, NULL, NULL, '2018-11-14', 'user.png', NULL, 5, NULL, 707, NULL, 1, NULL),
(1209, NULL, 'Pedro Nuno Pereira Almeida M. Pinto', NULL, '966044634', NULL, '2019-07-09', NULL, NULL, '', '', NULL, NULL, NULL, NULL, '2019-07-10', 'user.png', NULL, 5, NULL, 708, NULL, 1, NULL),
(1210, NULL, 'Carlos Miguel Branco Moreira', NULL, '963994886', NULL, '2019-07-09', NULL, NULL, '', '', NULL, NULL, NULL, NULL, '2019-07-10', 'user.png', NULL, 5, NULL, 709, NULL, 1, NULL),
(1211, NULL, 'Sofia Manuela Monteiro Luz Figueiredo', NULL, '910297186', 'sofia_figueiredo@hotmail.com', '2019-07-09', NULL, NULL, '', '', NULL, NULL, NULL, NULL, '2019-07-10', 'user.png', NULL, 5, NULL, 710, NULL, 1, NULL),
(1212, NULL, 'Alcino José Dias de Sousa', NULL, '968046488', 'alcinosoos@hotmail.com', '2019-07-09', NULL, NULL, '', '', NULL, NULL, NULL, NULL, '2019-07-10', 'user.png', NULL, 5, NULL, 711, NULL, 1, NULL),
(1213, NULL, 'Jesus Quingosta Valente Tavares', NULL, '968366373', NULL, '2018-11-13', NULL, NULL, '', '', NULL, NULL, NULL, NULL, '2018-11-14', 'user.png', NULL, 5, NULL, 712, NULL, 1, NULL),
(1214, NULL, '...', NULL, NULL, NULL, '2017-11-12', NULL, NULL, '', '', NULL, NULL, NULL, NULL, '2017-11-13', 'user.png', NULL, 5, NULL, 713, NULL, 1, NULL),
(1215, NULL, 'Almerindo Fernando Valente Ribeiro', NULL, '961839977', 'fernando1968@live.com.pt', '2018-11-13', NULL, NULL, '12042942', '199794421', NULL, NULL, NULL, NULL, '2018-11-14', 'user.png', NULL, 5, NULL, 714, NULL, 1, NULL),
(1216, NULL, 'Paula Cristina Correia da Silva Ferreira Ribeiro', NULL, '962996475', 'paularibeiro1969@live.com.pt', '2018-11-13', NULL, NULL, '', '', NULL, NULL, NULL, NULL, '2018-11-14', 'user.png', NULL, 5, NULL, 715, NULL, 1, NULL),
(1217, NULL, 'Paulo Queirós', NULL, '962085287', 'pauloqueiros72@hotmail.com', '2019-07-09', NULL, NULL, '', '', NULL, NULL, NULL, NULL, '2019-07-10', 'user.png', NULL, 5, NULL, 716, NULL, 1, NULL),
(1218, NULL, 'Paulo César Correia Soutinho', NULL, '965628308', NULL, '2018-11-13', NULL, NULL, '', '', NULL, NULL, NULL, NULL, '2018-11-14', 'user.png', NULL, 5, NULL, 717, NULL, 1, NULL),
(1219, NULL, 'Cristina Maria Gomes Santos', NULL, NULL, NULL, '2018-11-13', NULL, NULL, '', '', NULL, NULL, NULL, NULL, '2018-11-14', 'user.png', NULL, 5, NULL, 718, NULL, 1, NULL),
(1220, NULL, '...', NULL, NULL, NULL, '2017-11-12', NULL, NULL, '', '', NULL, NULL, NULL, NULL, '2017-11-13', 'user.png', NULL, 5, NULL, 719, NULL, 1, NULL),
(1221, NULL, '...', NULL, NULL, NULL, '2017-11-12', NULL, NULL, '', '', NULL, NULL, NULL, NULL, '2017-11-13', 'user.png', NULL, 5, NULL, 720, NULL, 1, NULL),
(1222, NULL, 'Maria Florinda dos Santos Maia', NULL, '964658304', NULL, '2019-07-09', NULL, NULL, '', '', NULL, NULL, NULL, NULL, '2019-07-10', 'user.png', NULL, 5, NULL, 721, NULL, 1, NULL),
(1223, NULL, 'António Manuel Matos dos Santos', NULL, '962533978', NULL, '2019-07-09', NULL, NULL, '', '', NULL, NULL, NULL, NULL, '2019-07-10', 'user.png', NULL, 5, NULL, 722, NULL, 1, NULL),
(1224, NULL, 'Celia Marlene Ruivo Freitas Garrido', NULL, '914897368', NULL, '2019-07-09', NULL, NULL, '', '', NULL, NULL, NULL, NULL, '2019-07-10', 'user.png', NULL, 5, NULL, 723, NULL, 1, NULL),
(1225, NULL, '...', NULL, NULL, NULL, '2017-11-12', NULL, NULL, '', '', NULL, NULL, NULL, NULL, '2017-11-13', 'user.png', NULL, 5, NULL, 724, NULL, 1, NULL),
(1226, NULL, 'Susana Raquel Silva Valente', NULL, '917297398', NULL, '2018-11-13', NULL, NULL, '', '', NULL, NULL, NULL, NULL, '2018-11-14', 'user.png', NULL, 5, NULL, 725, NULL, 1, NULL),
(1227, NULL, '...', NULL, NULL, NULL, '2017-11-12', NULL, NULL, '', '', NULL, NULL, NULL, NULL, '2017-11-13', 'user.png', NULL, 5, NULL, 726, NULL, 1, NULL),
(1228, NULL, '...', NULL, NULL, NULL, '2017-11-12', NULL, NULL, '', '', NULL, NULL, NULL, NULL, '2017-11-13', 'user.png', NULL, 5, NULL, 727, NULL, 1, NULL),
(1229, NULL, '...', NULL, NULL, NULL, '2017-11-12', NULL, NULL, '', '', NULL, NULL, NULL, NULL, '2017-11-13', 'user.png', NULL, 5, NULL, 728, NULL, 1, NULL),
(1230, NULL, '...', NULL, NULL, NULL, '2017-11-12', NULL, NULL, '', '', NULL, NULL, NULL, NULL, '2017-11-13', 'user.png', NULL, 5, NULL, 729, NULL, 1, NULL),
(1231, NULL, '...', NULL, NULL, NULL, '2017-11-12', NULL, NULL, '', '', NULL, NULL, NULL, NULL, '2017-11-13', 'user.png', NULL, 5, NULL, 730, NULL, 1, NULL),
(1232, NULL, '...', NULL, NULL, NULL, '2018-10-01', NULL, NULL, '', '', NULL, NULL, NULL, NULL, '2018-10-02', 'user.png', NULL, 5, NULL, 731, NULL, 1, NULL),
(1233, NULL, '...', NULL, NULL, NULL, '2018-10-01', NULL, NULL, '', '', NULL, NULL, NULL, NULL, '2018-10-02', 'user.png', NULL, 5, NULL, 732, NULL, 1, NULL),
(1234, NULL, '...', NULL, NULL, NULL, '2018-10-01', NULL, NULL, '', '', NULL, NULL, NULL, NULL, '2018-10-02', 'user.png', NULL, 5, NULL, 733, NULL, 1, NULL),
(1235, NULL, '...', NULL, NULL, NULL, '2018-10-01', NULL, NULL, '', '', NULL, NULL, NULL, NULL, '2018-10-02', 'user.png', NULL, 5, NULL, 734, NULL, 1, NULL),
(1236, NULL, '...', NULL, NULL, NULL, '2017-11-12', NULL, NULL, '', '', NULL, NULL, NULL, NULL, '2017-11-13', 'user.png', NULL, 5, NULL, 735, NULL, 1, NULL),
(1237, NULL, '...', NULL, NULL, NULL, '2017-11-12', NULL, NULL, '', '', NULL, NULL, NULL, NULL, '2017-11-13', 'user.png', NULL, 5, NULL, 736, NULL, 1, NULL),
(1238, NULL, '...', NULL, NULL, NULL, '2017-11-12', NULL, NULL, '', '', NULL, NULL, NULL, NULL, '2017-11-13', 'user.png', NULL, 5, NULL, 737, NULL, 1, NULL),
(1239, NULL, '...', NULL, NULL, NULL, '2017-11-12', NULL, NULL, '', '', NULL, NULL, NULL, NULL, '2017-11-13', 'user.png', NULL, 5, NULL, 738, NULL, 1, NULL),
(1240, NULL, '...', NULL, NULL, NULL, '2018-10-01', NULL, NULL, '', '', NULL, NULL, NULL, NULL, '2018-10-02', 'user.png', NULL, 5, NULL, 739, NULL, 1, NULL),
(1241, NULL, '...', NULL, NULL, NULL, '2018-10-01', NULL, NULL, '', '', NULL, NULL, NULL, NULL, '2018-10-02', 'user.png', NULL, 5, NULL, 740, NULL, 1, NULL),
(1242, NULL, '...', NULL, NULL, NULL, '2018-10-01', NULL, NULL, '', '', NULL, NULL, NULL, NULL, '2018-10-02', 'user.png', NULL, 5, NULL, 741, NULL, 1, NULL),
(1243, NULL, '...', NULL, NULL, NULL, '2017-06-29', NULL, NULL, '', '', NULL, NULL, NULL, NULL, '2017-06-30', 'user.png', NULL, 5, NULL, 742, NULL, 1, NULL),
(1244, NULL, '...', NULL, NULL, NULL, '2017-06-29', NULL, NULL, '', '', NULL, NULL, NULL, NULL, '2017-06-30', 'user.png', NULL, 5, NULL, 743, NULL, 1, NULL),
(1245, NULL, '...', NULL, NULL, NULL, '2018-10-01', NULL, NULL, '', '', NULL, NULL, NULL, NULL, '2018-10-02', 'user.png', NULL, 5, NULL, 744, NULL, 1, NULL),
(1246, NULL, '...', NULL, NULL, NULL, '2018-10-01', NULL, NULL, '', '', NULL, NULL, NULL, NULL, '2018-10-02', 'user.png', NULL, 5, NULL, 745, NULL, 1, NULL),
(1247, NULL, '...', NULL, NULL, NULL, '2018-10-01', NULL, NULL, '', '', NULL, NULL, NULL, NULL, '2018-10-02', 'user.png', NULL, 5, NULL, 746, NULL, 1, NULL),
(1248, NULL, '...', NULL, NULL, NULL, '2017-11-12', NULL, NULL, '', '', NULL, NULL, NULL, NULL, '2017-11-13', 'user.png', NULL, 5, NULL, 747, NULL, 1, NULL),
(1249, NULL, '...', NULL, NULL, NULL, '2017-11-12', NULL, NULL, '', '', NULL, NULL, NULL, NULL, '2017-11-13', 'user.png', NULL, 5, NULL, 748, NULL, 1, NULL),
(1250, NULL, '...', NULL, NULL, NULL, '2017-11-12', NULL, NULL, '', '', NULL, NULL, NULL, NULL, '2017-11-13', 'user.png', NULL, 5, NULL, 749, NULL, 1, NULL),
(1251, NULL, '...', NULL, NULL, NULL, '2017-11-12', NULL, NULL, '', '', NULL, NULL, NULL, NULL, '2017-11-13', 'user.png', NULL, 5, NULL, 750, NULL, 1, NULL),
(1252, NULL, '...', NULL, NULL, NULL, '2017-11-12', NULL, NULL, '', '', NULL, NULL, NULL, NULL, '2017-11-13', 'user.png', NULL, 5, NULL, 751, NULL, 1, NULL),
(1253, NULL, '...', NULL, NULL, NULL, '2018-10-01', NULL, NULL, '', '', NULL, NULL, NULL, NULL, '2018-10-02', 'user.png', NULL, 5, NULL, 752, NULL, 1, NULL),
(1254, NULL, '...', NULL, NULL, NULL, '2018-10-01', NULL, NULL, '', '', NULL, NULL, NULL, NULL, '2018-10-02', 'user.png', NULL, 5, NULL, 753, NULL, 1, NULL),
(1255, NULL, '...', NULL, NULL, NULL, '2018-10-01', NULL, NULL, '', '', NULL, NULL, NULL, NULL, '2018-10-02', 'user.png', NULL, 5, NULL, 754, NULL, 1, NULL),
(1256, NULL, '...', NULL, NULL, NULL, '2018-10-01', NULL, NULL, '', '', NULL, NULL, NULL, NULL, '2018-10-02', 'user.png', NULL, 5, NULL, 755, NULL, 1, NULL),
(1257, NULL, '...', NULL, NULL, NULL, '2018-10-01', NULL, NULL, '', '', NULL, NULL, NULL, NULL, '2018-10-02', 'user.png', NULL, 5, NULL, 756, NULL, 1, NULL),
(1258, NULL, '...', NULL, NULL, NULL, '2018-10-01', NULL, NULL, '', '', NULL, NULL, NULL, NULL, '2018-10-02', 'user.png', NULL, 5, NULL, 757, NULL, 1, NULL),
(1259, '1194383', 'Tiago Aleixo Vieira', NULL, '964817896', NULL, '2008-07-27', 'Veiros', 'Portugal', '15838331', '266393764', 'A+', '3º ano', NULL, NULL, '2018-10-10', 'user.png', NULL, 1, 10, 758, NULL, 1, NULL),
(1260, NULL, 'Deolinda de Jesus Aleixo Rebimbas', NULL, '966864903', '', '2018-10-09', NULL, NULL, '', '000000000', NULL, NULL, NULL, NULL, '2018-10-10', 'user.png', NULL, 5, NULL, 759, NULL, 1, NULL),
(1261, NULL, 'Manuel Henriques Silva Vieira', NULL, '964817896', 'manuel.vieira16@hotmail.com', '2017-07-07', NULL, NULL, '10654176', '', NULL, NULL, NULL, NULL, '2017-08-16', 'user.png', NULL, 5, NULL, 760, NULL, 1, NULL),
(1262, '1194694', 'Guilherme Marques Silva', '234292800', '962568986', 'ana.l.marques@hotmail.com', '2008-06-12', NULL, 'Portugal', '156866846', '264878515', 'A+', '4º Ano', 'Agnesia renal à direita', NULL, '2018-10-10', 'user.png', NULL, 1, 14, 761, NULL, 1, NULL),
(1263, NULL, 'Cristovão Manuel Marques Silva', '234292800', '962568986', 'caisrib@aeiou.pt', '2018-10-09', NULL, NULL, '101674147ZY6', '202160068', NULL, NULL, NULL, NULL, '2018-10-10', 'user.png', NULL, 5, NULL, 762, NULL, 1, NULL),
(1264, NULL, 'Ana Luísa Silva Marques', NULL, '966845584', 'ana.l.marques@hotmail.com', '2018-10-09', NULL, NULL, '', '', NULL, NULL, NULL, NULL, '2018-10-10', 'user.png', NULL, 5, NULL, 763, NULL, 1, NULL),
(1265, '11111111111', 'Daniel José da Silva Naia', NULL, '918982777', 'marisa.naia@hotmail.com', '2007-03-14', 'Murtosa', 'Portugal', '30107085', '259474398', NULL, '5º Ano', NULL, NULL, '2018-11-14', 'user.png', NULL, 1, 30, 764, NULL, 0, 1),
(1266, NULL, 'Luís Alberto Naia Oliveira', NULL, '918982777', NULL, '2018-11-13', NULL, NULL, '12239481', '225521679', NULL, NULL, NULL, NULL, '2018-11-14', 'user.png', NULL, 5, NULL, 765, NULL, 1, NULL),
(1267, NULL, 'Marisa Andreia Tavares e Silva Naia', NULL, '918982777', 'marisa.naia@hotmail.com', '2018-11-13', NULL, NULL, '', '', NULL, NULL, NULL, NULL, '2018-11-14', 'user.png', NULL, 5, NULL, 766, NULL, 1, NULL),
(1268, '1220082', 'Rodrigo Oliveira Fernandes', NULL, '919409968', 'joaojtf@gmail.com', '2011-12-19', 'Estarreja', 'Portugal', '30884099', '277558077', NULL, NULL, NULL, NULL, '2018-11-15', 'user.png', NULL, 1, 33, 767, NULL, 0, NULL),
(1269, NULL, 'João José Tavares Fernandes', NULL, '919409968', 'joaojtf@gmail.com', '2018-11-14', NULL, NULL, '12390144', '231958846', NULL, NULL, NULL, NULL, '2018-11-15', 'user.png', NULL, 5, NULL, 768, NULL, 1, NULL),
(1270, NULL, 'Carla Alexandra de Pinho Oliveira', NULL, '913640232', 'mina.alex72@gmail.com', '2018-11-14', NULL, NULL, '', '', NULL, NULL, NULL, NULL, '2018-11-15', 'user.png', NULL, 5, NULL, 769, NULL, 1, NULL),
(1271, '1035033', 'Gonçalo Miguel Fonseca Lopes', NULL, NULL, 'goncas.lopes6@gmail.com', '2003-04-26', NULL, 'Portugal', '30573033', '247367125', NULL, '8º Ano', NULL, NULL, '2018-10-05', 'user.png', NULL, 1, 40, 770, NULL, 1, NULL),
(1272, NULL, 'Márcio Miguel Costa Ramos Lopes', NULL, '966000515', 'marcio.lopes@cuf.pt', '2018-10-04', NULL, NULL, '11239852', '173330304', NULL, NULL, NULL, NULL, '2018-10-05', 'user.png', NULL, 5, NULL, 771, NULL, 1, NULL),
(1273, NULL, 'Patrícia Alexandra Resende da Fonseca', NULL, '964105302', 'patrfonseca@iol.pt', '2018-10-04', NULL, NULL, '', '', NULL, NULL, NULL, NULL, '2018-10-05', 'user.png', NULL, 5, NULL, 772, NULL, 1, NULL),
(1274, '1077655', 'Francisco José Couto Alho', NULL, '960124778', NULL, '2005-06-21', 'Portuguesa', 'Portugal', '30980854', '257440151', NULL, '7º Ano', NULL, NULL, '2019-07-10', 'uploads/3a1caddd1f.jpg', NULL, 1, 41, 773, NULL, 1, 1),
(1275, NULL, 'Eugénia Maria de Oliveira Couto', NULL, '968848929', 'eugeniacouto69@mail.com', '2019-07-09', NULL, NULL, '08649328', '198734980', NULL, NULL, NULL, NULL, '2019-07-10', 'user.png', NULL, 5, NULL, 774, NULL, 1, NULL),
(1276, '1199989', 'Daniel Pinho OLiveira', '914221068', '918464626', 'luisoliveirams@gmail.com', '2009-01-12', 'Santa Maria da Feira', 'Portugal', '15902616', '267706901', 'A+', NULL, NULL, NULL, '2019-07-11', 'uploads/fd79c51bf9.jpg', NULL, 1, 42, 775, NULL, 1, NULL),
(1277, NULL, 'Luis Manuel Santos Oliveira', NULL, '914221068', 'luisoliveirams@gmail.com', '2019-07-10', NULL, NULL, '10866827', '203456912', NULL, NULL, NULL, NULL, '2019-07-11', 'user.png', NULL, 5, NULL, 776, NULL, 1, NULL),
(1278, NULL, 'Tânia Décia Oliveira Pinho', NULL, '918464626', 'taniadecia@hotmail.com', '2019-07-10', NULL, NULL, '', '', NULL, NULL, NULL, NULL, '2019-07-11', 'user.png', NULL, 5, NULL, 777, NULL, 1, NULL),
(1279, '0000001111', 'Miguel Duarte Ferreira', NULL, '915460106', NULL, '2013-07-25', 'Avanca', 'Portugal', '31272923', '281308098', 'O-', NULL, 'Alergias', NULL, '2018-11-15', 'user.png', NULL, 1, 57, 778, NULL, 1, NULL),
(1280, NULL, 'Vera Gracinda Alves Duarte', NULL, '915460103', NULL, '2018-11-14', NULL, NULL, '31272923', '281308098', NULL, NULL, NULL, NULL, '2018-11-15', 'user.png', NULL, 5, NULL, 779, NULL, 1, NULL),
(1281, NULL, 'Luis Miguel Santos Ferreira', NULL, '914555749', NULL, '2018-11-14', NULL, NULL, '', '', NULL, NULL, NULL, NULL, '2018-11-15', 'user.png', NULL, 5, NULL, 780, NULL, 1, NULL),
(1282, '1181727', 'Leandro Ramos Rodrigues', NULL, NULL, NULL, '2006-09-08', NULL, 'Portugal', '30466060', '258196912', NULL, '6ª ano', NULL, NULL, '2018-08-31', 'user.png', NULL, 1, 58, 781, NULL, 0, NULL),
(1283, NULL, 'Sónia Cristina Lopes Ramos', NULL, '964714922', 'sonialean@gmail.com', '2018-08-30', NULL, NULL, '12676217', '221194843', NULL, NULL, NULL, NULL, '2018-08-31', 'user.png', NULL, 5, NULL, 782, NULL, 1, NULL),
(1284, NULL, 'Jorge Alexandre dos Santos Rodrigues', NULL, '967886413', NULL, '2018-08-30', NULL, NULL, '', '', NULL, NULL, NULL, NULL, '2018-08-31', 'user.png', NULL, 5, NULL, 783, NULL, 1, NULL),
(1285, '1118402', 'Guilherme Tavares Moreira', NULL, NULL, NULL, '2008-01-30', 'Coimbra', 'Portugal', '15571902', '262870614', NULL, '4º Ano', NULL, NULL, '2018-10-10', 'user.png', NULL, 1, 62, 784, NULL, 1, 1),
(1286, NULL, 'Maribel Rodrigues Tavares', NULL, '925890149', 'tavaresmaribel@gmail.com', '2018-10-09', NULL, NULL, '12501777', '173330460', NULL, NULL, NULL, NULL, '2018-10-10', 'user.png', NULL, 5, NULL, 785, NULL, 1, NULL),
(1287, NULL, 'Pedro José Pinto Moreira', NULL, '968272483', 'pedro.moreira@coriente.pt', '2018-10-09', NULL, NULL, '', '', NULL, NULL, NULL, NULL, '2018-10-10', 'user.png', NULL, 5, NULL, 786, NULL, 1, NULL),
(1288, '1194696', 'André Filipe Maia Dias', NULL, '912565276', NULL, '2006-01-16', NULL, 'Portugal', '30285007', '255587058', 'A+', NULL, NULL, NULL, '2018-08-31', 'user.png', NULL, 1, 68, 787, NULL, 0, NULL),
(1289, NULL, 'Orlando da Silva Dias', NULL, '918960569', 'orlandodias@live.com.pt', '2018-08-30', NULL, NULL, '13320184', '164213384', NULL, NULL, NULL, NULL, '2018-08-31', 'user.png', NULL, 5, NULL, 788, NULL, 1, NULL),
(1290, NULL, 'Maria Florinda dos Santos Maia', NULL, '964658304', NULL, '2018-08-30', NULL, NULL, '', '', NULL, NULL, NULL, NULL, '2018-08-31', 'user.png', NULL, 5, NULL, 789, NULL, 1, NULL),
(1291, '1204181', 'David Garcia de Pinho e Silva', NULL, '938116540', 'ruijorge13@gmail.com', '2009-05-01', NULL, 'Portugal', '15992592', '269982043', 'O+', NULL, NULL, NULL, '2019-07-11', 'uploads/84b56e5ef6.jpg', NULL, 1, 84, 790, NULL, 1, NULL),
(1292, NULL, 'Rui Jorge de Oliveira Pinho e Silva', NULL, '938116540', 'ruijorge13@gmail.com', '2019-07-10', NULL, NULL, '10545405', '203438159', NULL, NULL, NULL, NULL, '2019-07-11', 'user.png', NULL, 5, NULL, 791, NULL, 1, NULL),
(1293, NULL, 'Ana Carla Vilhena Garcia', NULL, '969569725', 'vilhenagarcia1976@gmail.com', '2019-07-10', NULL, NULL, '', '', NULL, NULL, NULL, NULL, '2019-07-11', 'user.png', NULL, 5, NULL, 792, NULL, 1, NULL),
(1294, '1165432', 'João Tomás da Silva Pires', NULL, '916338505', NULL, '2005-10-29', NULL, 'Portugal', '31511921', '258625295', NULL, '8º Ano', NULL, NULL, '2019-07-10', 'uploads/4f708adf79.jpg', NULL, 1, 85, 793, NULL, 1, NULL),
(1295, NULL, 'Liz Paulo Marques Dias Silva Pires', NULL, '916338505', NULL, '2019-07-09', NULL, NULL, '10239094', '234321677', NULL, NULL, NULL, NULL, '2019-07-10', 'user.png', NULL, 5, NULL, 794, NULL, 1, NULL),
(1296, NULL, 'Maria Julieta F. Silva Pires', NULL, '916299285', NULL, '2019-07-09', NULL, NULL, '', '', NULL, NULL, NULL, NULL, '2019-07-10', 'user.png', NULL, 5, NULL, 795, NULL, 1, NULL),
(1297, '0000005', 'Luis Henrique Bandeira Oliveira Mendonça', NULL, '916616685', NULL, '2004-09-08', NULL, 'Portugal', '30707356', '249600625', NULL, NULL, NULL, NULL, '2019-07-10', 'uploads/d1c3184841.jpg', NULL, 1, 86, 796, NULL, 1, NULL),
(1298, NULL, 'João António Silva Caldas Oliveira Mendonça', NULL, '916616685', NULL, '2019-07-09', NULL, NULL, '89898989', '121212121', NULL, NULL, NULL, NULL, '2019-07-10', 'user.png', NULL, 5, NULL, 797, NULL, 1, NULL),
(1299, NULL, 'Maria Margarida Reis Cunha Silva Bandeira', NULL, '916652041', NULL, '2019-07-09', NULL, NULL, '', '', NULL, NULL, NULL, NULL, '2019-07-10', 'user.png', NULL, 5, NULL, 798, NULL, 1, NULL),
(1300, '00990099', 'Ricardo Andrade Magalhães', NULL, '969430742', 'ricardomagalhaes2005@hotmail.com', '2005-09-03', 'Estarreja', 'Portugal', '30791364', '257549129', 'O+', '6º Ano', NULL, NULL, '2018-11-29', 'user.png', NULL, 1, 87, 799, NULL, 0, 1),
(1301, NULL, 'Vitor Manuel Ribeiro Magalhães', NULL, '967835811', 'vmrm69@sapo.pt', '2018-11-28', NULL, NULL, '09323938', '183065670', NULL, NULL, NULL, NULL, '2018-11-29', 'user.png', NULL, 5, NULL, 800, NULL, 1, NULL),
(1302, NULL, 'Lúcia de Fátima Ribeiro Andrade', NULL, '967835305', 'luciandrade1972@hotmail.com', '2018-11-28', NULL, NULL, '', '', NULL, NULL, NULL, NULL, '2018-11-29', 'user.png', NULL, 5, NULL, 801, NULL, 1, NULL),
(1303, '1013106', 'Pedro Miguel Fonseca Valente', NULL, '915099954', 'pedromfvalente@gmail.com', '2002-05-12', 'Válega', 'Portugal', '30102799', '240916590', NULL, NULL, NULL, NULL, '2019-07-10', 'uploads/0bb636cb1b.jpg', NULL, 1, 93, 802, NULL, 1, NULL);
INSERT INTO `entidade` (`ID_Entidade`, `nLicenca`, `Nome`, `Telf`, `Telm`, `Email`, `DataNasc`, `Naturalidade`, `Pais`, `CC`, `NIF`, `GSanguineo`, `Habilitacoes`, `Doencas`, `Profissao`, `UltimaAtualizacao`, `FotoInscricao`, `FotoCromos`, `REF_TipoEnt`, `REF_Equipamento`, `REF_Morada`, `REF_Inscricao`, `Estado`, `REF_Posicao`) VALUES
(1304, NULL, 'Olímpio Manuel Marques Valente', NULL, '919702492', NULL, '2019-07-09', NULL, NULL, '56764323', '678765432', NULL, NULL, NULL, NULL, '2019-07-10', 'user.png', NULL, 5, NULL, 803, NULL, 1, NULL),
(1305, NULL, 'Maria de Fátima Borges Fonseca Valente', NULL, '914753726', NULL, '2019-07-09', NULL, NULL, '', '', NULL, NULL, NULL, NULL, '2019-07-10', 'user.png', NULL, 5, NULL, 804, NULL, 1, NULL),
(1306, '0000000000009', 'Tomás Garrido Pereira', NULL, '910672913', NULL, '2007-06-29', NULL, 'Portugal', '31234201', '263045200', NULL, '4º Ano', NULL, NULL, '2019-07-11', 'uploads/829794a92c.jpg', NULL, 1, 96, 805, NULL, 1, NULL),
(1307, NULL, 'Adelinda de Fátima Marques G. Valente', NULL, '964584646', 'adelindamgarrido@gmail.com', '2019-07-10', NULL, NULL, '09930633', '181276690', NULL, NULL, NULL, NULL, '2019-07-11', 'user.png', NULL, 5, NULL, 806, NULL, 1, NULL),
(1308, NULL, 'Carlos Alberto da Silva Pereira', NULL, '965570662', NULL, '2019-07-10', NULL, NULL, '', '', NULL, NULL, NULL, NULL, '2019-07-11', 'user.png', NULL, 5, NULL, 807, NULL, 1, NULL),
(1309, '1220084', 'Santiago Silva Matos Couras', NULL, NULL, NULL, '2012-01-25', 'Murtosa', 'Portugal', '30909264', '279574541', NULL, NULL, NULL, NULL, '2017-08-16', 'user.png', NULL, 1, 98, 808, NULL, 1, NULL),
(1310, NULL, 'Liliana Filipa Tavares Valente Couras', NULL, '914371724', NULL, '2017-08-15', NULL, NULL, '23454342', '123455432', NULL, NULL, NULL, NULL, '2017-08-16', 'user.png', NULL, 5, NULL, 809, NULL, 1, NULL),
(1311, NULL, 'Sérgio Fernando da Silva Matos', NULL, '914836959', NULL, '2017-08-15', NULL, NULL, '', '', NULL, NULL, NULL, NULL, '2017-08-16', 'user.png', NULL, 5, NULL, 810, NULL, 1, NULL),
(1312, '1197719', 'Martim Pimenta Paiva', NULL, '964195312', NULL, '2007-01-30', 'Bunheiro', 'Portugal', '30903747', '259337242', NULL, NULL, NULL, NULL, '2019-07-11', 'uploads/c231718935.jpg', NULL, 1, 100, 811, NULL, 1, NULL),
(1313, NULL, 'Sérgio Manuel Oliveira Paiva', NULL, '964195312', 'sergiomopaiva@gmail.com', '2019-07-10', NULL, NULL, '11095180', '207602905', NULL, NULL, NULL, NULL, '2019-07-11', 'user.png', NULL, 5, NULL, 812, NULL, 1, NULL),
(1314, NULL, 'Marina Isabel Silva Pimenta Paiva', NULL, '963904755', 'marinaispimentep@gmail.com', '2019-07-10', NULL, NULL, '', '', NULL, NULL, NULL, NULL, '2019-07-11', 'user.png', NULL, 5, NULL, 813, NULL, 1, NULL),
(1315, '1213417', 'Samuel Oliveira Silva Flávio', NULL, '962987857', NULL, '2010-07-31', NULL, 'Portugal', '30448998', '272858346', 'O+', NULL, NULL, NULL, '2019-07-11', 'uploads/032c71027c.jpg', NULL, 1, 103, 814, NULL, 1, 1),
(1316, NULL, 'Daniel Oliveira da Silva', NULL, '962987857', 'daniel.silva@egi.com.pt', '2019-07-10', NULL, NULL, '10342886', '196527686', NULL, NULL, NULL, NULL, '2019-07-11', 'user.png', NULL, 5, NULL, 815, NULL, 1, NULL),
(1317, NULL, 'Gorete da Silva Flávio', '234841047', NULL, NULL, '2019-07-10', NULL, NULL, '', '', NULL, NULL, NULL, NULL, '2019-07-11', 'user.png', NULL, 5, NULL, 816, NULL, 1, NULL),
(1318, NULL, 'Armando José Silva Alho', NULL, NULL, NULL, '2019-07-09', NULL, NULL, '', '', NULL, NULL, NULL, NULL, '2019-07-10', 'user.png', NULL, 5, NULL, 817, NULL, 1, NULL),
(1319, '6787650', 'Marco António de Almeida Dias', NULL, '933677263', NULL, '2003-09-09', 'Portuguesa', 'Portugal', '30814047', '275513564', NULL, '8º Ano', NULL, NULL, '2019-07-10', 'uploads/7397da7779.jpg', NULL, 1, 120, 818, NULL, 1, NULL),
(1320, NULL, 'Paulo António Valente Dias', NULL, '938420044', 'paulo.dias1975@hotmail.com', '2019-07-09', NULL, NULL, '10595867', '199584176', NULL, NULL, NULL, NULL, '2019-07-10', 'user.png', NULL, 5, NULL, 819, NULL, 1, NULL),
(1321, NULL, 'Susana Ferreira de Almeida Dias', NULL, '933325619', NULL, '2019-07-09', NULL, NULL, '', '', NULL, NULL, NULL, NULL, '2019-07-10', 'user.png', NULL, 5, NULL, 820, NULL, 1, NULL),
(1322, '1200624', 'Ivo Resende Valente', NULL, '938880094', 'valenteartur@gmail.com', '2009-01-28', 'Portuguesa', 'Portugal', '15963450', '268329753', NULL, '2º Ano', NULL, NULL, '2019-07-11', 'uploads/dc65bca672.jpg', NULL, 1, 121, 821, NULL, 1, NULL),
(1323, NULL, 'Artur Jorge Correia Valente', NULL, '938880094', 'valenteartur@gmail.com', '2019-07-10', NULL, NULL, '15963450', '268329753', NULL, NULL, NULL, NULL, '2019-07-11', 'user.png', NULL, 5, NULL, 822, NULL, 1, NULL),
(1324, NULL, 'Susana Santos Resende', NULL, '931042849', 'resendesusana@hotmail.com', '2019-07-10', NULL, NULL, '', '', NULL, NULL, NULL, NULL, '2019-07-11', 'user.png', NULL, 5, NULL, 823, NULL, 1, NULL),
(1325, '1195718', 'Jorge André Almeida Pinho', NULL, '912304963', NULL, '2004-02-10', 'Bunheiro', 'Portugal', '30363255', '259435210', NULL, '7º Ano', NULL, NULL, '2018-11-14', 'user.png', NULL, 1, 124, 824, NULL, 0, NULL),
(1326, NULL, 'Jorge Filipe Duarte Pinho', NULL, '919662857', 'duarte.pinho1981@outlook.pt', '2018-11-13', NULL, NULL, '11944638', '224823280', NULL, NULL, NULL, NULL, '2018-11-14', 'user.png', NULL, 5, NULL, 825, NULL, 1, NULL),
(1327, NULL, 'Rosaria de Lurdes Almeida Casalinho', NULL, '0101010101', NULL, '2018-11-13', NULL, NULL, '', '', NULL, NULL, NULL, NULL, '2018-11-14', 'user.png', NULL, 5, NULL, 826, NULL, 1, NULL),
(1330, '658634', 'Gustavo Manuel Fonseca Magalhães', NULL, '911960014', 'gmf.magalhães@gmail.com', '1988-10-10', NULL, 'Portugal', '13352416', '254399258', NULL, NULL, NULL, NULL, '2019-07-10', 'uploads/4d0e9295a1.jpg', NULL, 1, 129, 829, NULL, 1, NULL),
(1331, '822267', 'João Miguel Fernandes Pinho', NULL, '915932655', NULL, '1995-09-16', NULL, 'Portugal', '14515051', '231394993', NULL, NULL, NULL, NULL, '2019-07-10', 'uploads/1da8979888.jpg', NULL, 1, 130, 830, NULL, 1, NULL),
(1332, '848571', 'Tiago Miguel Miranda Silva', NULL, '910096480', 'tiagommiranda@gmail.com', '1996-04-09', NULL, 'Portugal', '14706659', '248740369', NULL, NULL, NULL, NULL, '2018-10-02', 'user.png', NULL, 1, 131, 831, NULL, 0, NULL),
(1333, '736593', 'João Pedro Oliveira Antunes Correia', NULL, '913435198', 'jpedro_66@hotmail.com', '1992-08-05', NULL, 'Porugal', '13889023', '271006935', NULL, NULL, NULL, NULL, '2019-07-10', 'uploads/8c86e74024.jpg', NULL, 1, 132, 832, NULL, 1, NULL),
(1334, '822254', 'André Filipe Rodrigues da Silva', NULL, '917376475', 'andre-estarreja@hotmail.com', '1995-01-02', 'Estarreja', 'Portugal', '14501195', '254203027', NULL, NULL, NULL, NULL, '2019-07-10', 'uploads/502c801ea5.jpg', NULL, 1, 137, 833, NULL, 1, NULL),
(1335, '889077', 'Leandro Alexandre Henriques Almeida', NULL, NULL, 'henriques ep@hotmail.com', '1997-09-09', NULL, 'Portugal', '15223357', '226694631', NULL, NULL, NULL, NULL, '2018-10-02', 'user.png', NULL, 1, 138, 834, NULL, 0, NULL),
(1336, '1110405', 'Rui Pedro Rebelo Ferreira', NULL, '939328176', 'ruipedroferreira89@gmail.com', '2004-12-05', 'Torreira', 'Portugal', '30502065', '271672285', NULL, '7º Ano', NULL, NULL, '2019-07-10', 'uploads/c020789104.jpg', NULL, 1, 140, 835, NULL, 1, NULL),
(1337, NULL, 'Anabela Morim Rebelo Ferreira', NULL, '912370679', 'panabela1976morim@gmail.com', '2019-07-09', NULL, NULL, '11112664', '201757672', NULL, NULL, NULL, NULL, '2019-07-10', 'user.png', NULL, 5, NULL, 836, NULL, 1, NULL),
(1338, NULL, 'Jorge Alípio Reis Ferreira', NULL, '912370842', 'jalipio634@gmail.com', '2019-07-09', NULL, NULL, '', '', NULL, NULL, NULL, NULL, '2019-07-10', 'user.png', NULL, 5, NULL, 837, NULL, 1, NULL),
(1339, '1185171', 'Manuel Fragoso Laranjeira', NULL, NULL, NULL, '2009-04-02', NULL, '', '15958951', '267658621', NULL, '2º Ano', NULL, NULL, '2019-07-11', 'uploads/0e3bd13a7c.jpg', NULL, 1, 141, 838, NULL, 1, NULL),
(1340, NULL, 'Pedro Miguel da Silva Laranjeira', NULL, '963783603', 'pmsl1973@hotmail.com', '2019-07-10', NULL, NULL, '76767676', '676767676', NULL, NULL, NULL, NULL, '2019-07-11', 'user.png', NULL, 5, NULL, 839, NULL, 1, NULL),
(1341, NULL, 'Maria Amélia Fragoso Valente', NULL, '963795410', 'mafvalente@hotmail.com', '2019-07-10', NULL, NULL, '', '', NULL, NULL, NULL, NULL, '2019-07-11', 'user.png', NULL, 5, NULL, 840, NULL, 1, NULL),
(1342, '12121212', 'David Miguel dos Santos Sá Ferreira', NULL, '969875531', NULL, '2005-07-21', NULL, 'Portugal', '15743055', '256562113', NULL, NULL, NULL, NULL, '2019-07-10', 'uploads/29c2e22756.jpg', NULL, 1, 149, 841, NULL, 1, 1),
(1343, NULL, 'Júlio Jardim de Sá Ferreira', NULL, '969875531', 'julio.jardim28@gmail.com', '2019-07-09', NULL, NULL, '09800352', '208366342', NULL, NULL, NULL, NULL, '2019-07-10', 'user.png', NULL, 5, NULL, 842, NULL, 1, NULL),
(1344, NULL, 'Clara Margarida Cardoso dos Santos', NULL, NULL, NULL, '2019-07-09', NULL, NULL, '', '', NULL, NULL, NULL, NULL, '2019-07-10', 'user.png', NULL, 5, NULL, 843, NULL, 1, NULL),
(1345, '0000011111', 'Márcio André da Silva Costeira', NULL, '91329600', 'marcio_costeira@hotmail.com', '2002-10-04', 'Aveiro', 'Portugal', '77668876', '987890987', NULL, NULL, NULL, NULL, '2018-11-14', 'user.png', NULL, 1, 147, 844, NULL, 0, NULL),
(1346, NULL, 'Sandra Cristina Silva Ramos Costeira', NULL, '913797205', NULL, '2018-11-13', NULL, NULL, '333333333', '465456545', NULL, NULL, NULL, NULL, '2018-11-14', 'user.png', NULL, 5, NULL, 845, NULL, 1, NULL),
(1347, NULL, 'Luís André Silva Costeira', NULL, '910572637', NULL, '2018-11-13', NULL, NULL, '', '', NULL, NULL, NULL, NULL, '2018-11-14', 'user.png', NULL, 5, NULL, 846, NULL, 1, NULL),
(1348, '1044225', 'Diogo Filipe Silva Pereira', NULL, '910103512', NULL, '2003-02-23', NULL, NULL, '10293847', '657483920', NULL, NULL, NULL, NULL, '2019-07-10', 'uploads/ae7fc9115d.jpg', NULL, 1, 148, 847, NULL, 1, NULL),
(1349, NULL, 'Paulo Miguel Lopes Pereira', NULL, '915745503', 'paulopereira105@hotmail.com', '2019-07-09', NULL, NULL, '11317721', '219470642', NULL, NULL, NULL, NULL, '2019-07-10', 'user.png', NULL, 5, NULL, 848, NULL, 1, NULL),
(1350, NULL, 'Marisa Santos Silva Pereira', NULL, '914648977', 'marisapereira105@hotmail.com', '2019-07-09', NULL, NULL, '', '', NULL, NULL, NULL, NULL, '2019-07-10', 'user.png', NULL, 5, NULL, 849, NULL, 1, NULL),
(1351, '752969', 'Gonçalo Ferreira Bem Haja', '234753353', '916188539', 'gbemhaja@gmail.com', '1993-01-15', 'Portuguesa', 'Portugal', '14077986', '230782493', NULL, 'Mestrado', NULL, NULL, '2018-10-02', 'user.png', NULL, 1, 151, 850, NULL, 0, NULL),
(1352, '765259', 'Gabriel Fernando ATZ', NULL, '916735588', 'gabatz4@hotmail.com', '1981-08-04', NULL, 'Brasil', '30358697', '241250765', NULL, NULL, NULL, NULL, '2018-10-02', 'user.png', NULL, 1, 152, 851, NULL, 0, NULL),
(1353, '824080', 'Pedro Miguel Tavares Oliveira', NULL, '913769325', 'oliveira_887@hotmail.com', '1994-01-16', 'Vale de Cambra', 'Portugal', '14514212', '261778480', NULL, '9º Ano', NULL, NULL, '2018-10-03', 'user.png', NULL, 1, 153, 852, NULL, 0, NULL),
(1354, '892722', 'Vasco Costa Rodrigues', NULL, '918084660', 'vasquinho.rodrigues7@gmail.com', '1995-01-01', 'Santa Maria da Feira', 'Portugal', '15010365', '258297832', NULL, '12ª Ano', NULL, NULL, '2018-10-02', 'user.png', NULL, 1, 154, 853, NULL, 0, NULL),
(1355, '895623', 'Óscar Rafael Nunes Gomes', NULL, '910392091', 'oscargomes97@gmail.com', '1997-08-01', 'Ovar', 'Portugal', '1475239', '270563792', NULL, '12º Ano', NULL, NULL, '2018-10-02', 'user.png', NULL, 1, 155, 854, NULL, 0, NULL),
(1356, '595057', 'Firmino Vieira Salgado', NULL, '918859565', NULL, '1984-12-29', NULL, 'Portugal', '12727251', '225664046', NULL, '9º Ano', NULL, NULL, '2018-10-02', 'user.png', NULL, 1, 156, 855, NULL, 0, NULL),
(1358, '825285', 'Nuno Miguel Soares Dias', NULL, '911069681', 'nunomiguel1993@hotmail.com', '1993-10-14', 'Silvalde', 'Portugal', '14522040', '227200322', NULL, NULL, NULL, '6º Ano', '2018-10-02', 'user.png', NULL, 1, 158, 857, NULL, 0, NULL),
(1359, '863489', 'Fábio Fernandes Novo', NULL, '911555881', 'fabionovo42@gmail.com', '1997-02-18', 'Ovar', 'Portugal', '14762921', '252664108', NULL, '12º Ano', NULL, NULL, '2018-10-02', 'user.png', NULL, 1, 159, 858, NULL, 0, NULL),
(1360, '846821', 'Ricardo Jorge Costa Fazenda', NULL, '914665221', 'ricardofazenda18@hotmail.com', '1995-06-04', 'Oliveira de Azemeis', 'Portugal', '1425430', '241808103', NULL, '12º Ano', NULL, NULL, '2019-07-10', 'uploads/f785c131d3.jpg', NULL, 1, 160, 859, NULL, 1, NULL),
(1361, '685260', 'Bruno Rafael Oliveira marques', NULL, '917925403', 'brunocasalinho25@gmail.com', '1990-07-09', 'Estarreja', 'Portugal', '13550253', '256987319', NULL, '12º Ano', NULL, NULL, '2018-11-14', 'user.png', NULL, 1, 161, 860, NULL, 0, NULL),
(1362, '891626', 'Gonçalo Filipe Costa Gomes', NULL, '918486167', NULL, '1998-06-19', 'Portuguesa', 'Portugal', '15229578', '239778642', NULL, '12º Ano', NULL, NULL, '2019-07-10', 'uploads/a1d3fc449e.jpg', NULL, 1, 162, 861, NULL, 1, NULL),
(1363, '1161630', 'João Pedro Rodrigues Oliveira e Silva', NULL, NULL, NULL, '2003-10-06', 'Portuguesa', 'Portugal', '30062786', '254731945', NULL, NULL, NULL, NULL, '2018-11-14', 'user.png', NULL, 1, 165, 862, NULL, 0, NULL),
(1364, NULL, 'José Maria de Oliveira e Silva', NULL, '914630320', NULL, '2017-11-12', NULL, NULL, '05461511', '164495100', NULL, NULL, NULL, NULL, '2017-11-13', 'user.png', NULL, 5, NULL, 863, NULL, 1, NULL),
(1365, '00000000001', 'José Tomás Santarém do Carmo', NULL, '967343915', 'verasantare_ft@hotmail.com', '2009-08-05', 'Porto', 'Portugal', '30103106', '270601384', NULL, NULL, NULL, NULL, '2018-11-15', 'user.png', NULL, 1, 169, 864, NULL, 0, NULL),
(1366, NULL, 'Vera Diana Ferreira Santarém do Carmo', NULL, '967343915', 'verasantare_ft@hotmail.com', '2018-11-14', NULL, NULL, '12176384', '217727107', NULL, NULL, NULL, NULL, '2018-11-15', 'user.png', NULL, 5, NULL, 865, NULL, 1, NULL),
(1367, NULL, 'José Fernando Teixeira Tavares do Carmo', NULL, '938225389', 'zevireu@hotmail.com', '2018-11-14', NULL, NULL, '', '', NULL, NULL, NULL, NULL, '2018-11-15', 'user.png', NULL, 5, NULL, 866, NULL, 1, NULL),
(1368, '1104568', 'Tomás Leite Valente', NULL, '918736577', 'danielavalente00@hotmail.com', '2005-01-21', NULL, NULL, '30308300', '262178206', NULL, '9ºAno', NULL, NULL, '2019-07-10', 'uploads/dd0d636ef0.jpg', NULL, 1, 171, 867, NULL, 1, NULL),
(1369, NULL, 'Daniela Marisa Oliveira Leite Valente', NULL, '918736577', 'danielavalente00@hotmail.com', '2019-07-09', NULL, NULL, '12393962', '212991183', NULL, NULL, NULL, NULL, '2019-07-10', 'user.png', NULL, 5, NULL, 868, NULL, 1, NULL),
(1370, NULL, 'Bruno Manuel Oliveira Valente', NULL, '914468290', NULL, '2019-07-09', NULL, NULL, '', '', NULL, NULL, NULL, NULL, '2019-07-10', 'user.png', NULL, 5, NULL, 869, NULL, 1, NULL),
(1371, '111111', 'Rodrigo Filipe Silva Leite Tavares', NULL, NULL, NULL, '2007-02-22', 'Aveiro', 'Portugal', '30771862', '267036728', NULL, '5º Ano', NULL, NULL, '2018-11-14', 'user.png', NULL, 1, 172, 870, NULL, 0, NULL),
(1372, NULL, 'Tânia Alexandra Azevedo Silva Leite Tavares', NULL, '916477283', NULL, '2018-11-13', NULL, NULL, '12872619', '224030906', NULL, NULL, NULL, NULL, '2018-11-14', 'user.png', NULL, 5, NULL, 871, NULL, 1, NULL),
(1373, NULL, 'Jorge Filipe Cunha Tavares', NULL, '916474138', 'jorgetavares_00@hotmail.com', '2018-11-13', NULL, NULL, '', '', NULL, NULL, NULL, NULL, '2018-11-14', 'user.png', NULL, 5, NULL, 872, NULL, 1, NULL),
(1374, '1013830', 'Rúben Filipe Batista Marques', NULL, '916533444', NULL, '2002-09-21', 'Válega', 'Portugal', '30051312', '267044674', NULL, '11º Ano', NULL, NULL, '2019-07-10', 'uploads/f5d3bc7eda.jpg', NULL, 1, 173, 873, NULL, 1, 1),
(1375, NULL, 'António Joaquim Vitoriano Marques', NULL, '916533444', NULL, '2019-07-09', NULL, NULL, '8161177', '987689871', NULL, NULL, NULL, NULL, '2019-07-10', 'user.png', NULL, 5, NULL, 874, NULL, 1, NULL),
(1376, NULL, 'Maria de Fátima Batista Gama Marques', NULL, '910292274', 'fatimamarques1900@hotmail.com', '2019-07-09', NULL, NULL, '', '', NULL, NULL, NULL, NULL, '2019-07-10', 'user.png', NULL, 5, NULL, 875, NULL, 1, NULL),
(1377, '3333333333', 'Xavier Marques Cirne', NULL, '917065384', 'm.fatima.cirne@hotmail.com', '2004-03-31', 'Aveiro', 'Portugal', '15518173', '247107905', 'O-', '6º Ano', NULL, NULL, '2019-07-10', 'uploads/6ce25f349e.jpg', NULL, 1, 174, 876, NULL, 1, NULL),
(1378, NULL, 'Maria de Fátima de Oliveira Marques', NULL, '917065384', 'm.fatima.cirne@hotmail.com', '2019-07-09', NULL, NULL, '11855119', '196638860', NULL, NULL, NULL, NULL, '2019-07-10', 'user.png', NULL, 5, NULL, 877, NULL, 1, NULL),
(1379, NULL, 'Rui Manuel Almeida Cirne', NULL, '910460500', 'ruicirne@hotmail.com', '2019-07-09', NULL, NULL, '', '', NULL, NULL, NULL, NULL, '2019-07-10', 'user.png', NULL, 5, NULL, 878, NULL, 1, NULL),
(1380, '1184748', 'Tiago José Valente da Silva', NULL, '932365627', NULL, '2004-06-02', NULL, 'Portugal', '30333419', '252189558', NULL, '7º Ano', NULL, NULL, '2019-07-10', 'uploads/d1422041ed.jpg', NULL, 1, 175, 879, NULL, 1, NULL),
(1381, NULL, 'José Manuel Beirão da Silva', NULL, '964687684', 'jose_m_b_silva@hotmail.com', '2019-07-09', NULL, NULL, '11223890', '211189685', NULL, NULL, NULL, NULL, '2019-07-10', 'user.png', NULL, 5, NULL, 880, NULL, 1, NULL),
(1382, NULL, 'Maria Celina Valente Abreu', NULL, '966040610', NULL, '2019-07-09', NULL, NULL, '', '', NULL, NULL, NULL, NULL, '2019-07-10', 'user.png', NULL, 5, NULL, 881, NULL, 1, NULL),
(1383, '1011276', 'Diogo Fonseca Tavares', NULL, NULL, NULL, '2002-04-30', NULL, NULL, '30050672', '262875527', NULL, '9ª Ano', NULL, NULL, '2018-11-14', 'user.png', NULL, 1, 176, 882, NULL, 0, NULL),
(1384, NULL, 'Maria Idalina Valente Fonseca Tavares', NULL, '916294753', 'idalinatavares5@gmail.com', '2018-11-13', NULL, NULL, '10412028', '190807270', NULL, NULL, NULL, NULL, '2018-11-14', 'user.png', NULL, 5, NULL, 883, NULL, 1, NULL),
(1385, NULL, 'Ricardo da Silva Tavares', NULL, '933556317', NULL, '2018-11-13', NULL, NULL, '', '', NULL, NULL, NULL, NULL, '2018-11-14', 'user.png', NULL, 5, NULL, 884, NULL, 1, NULL),
(1386, '00000081', 'Rui Manuel Campos Timóteo', NULL, '914997959', NULL, '2005-06-29', 'Murtosa', 'Portugal', '31383208', '274674130', NULL, '5º Ano', NULL, NULL, '2018-11-14', 'user.png', NULL, 1, 185, 885, NULL, 0, NULL),
(1387, NULL, 'Judite do Carmo Matos Campos Timóteo', NULL, '914997959', NULL, '2018-11-13', NULL, NULL, '12056888', '209364289', NULL, NULL, NULL, NULL, '2018-11-14', 'user.png', NULL, 5, NULL, 886, NULL, 1, NULL),
(1388, NULL, 'Rui Manuel da Fonseca Timóteo', NULL, '918837190', NULL, '2018-11-13', NULL, NULL, '', '', NULL, NULL, NULL, NULL, '2018-11-14', 'user.png', NULL, 5, NULL, 887, NULL, 1, NULL),
(1389, '1213423', 'Salvador Marques Torres Tavares', NULL, NULL, NULL, '2010-10-22', 'Aveiro', 'Portugal', '88866660', '980987678', NULL, NULL, NULL, NULL, '2019-07-11', 'uploads/75b710cf22.jpg', NULL, 1, 188, 888, NULL, 1, NULL),
(1390, NULL, 'Luis Filipe Bandeira Torres Tavares', NULL, '961361230', 'luistorrestavares@gmail.com', '2019-07-10', NULL, NULL, '33333333', '454567675', NULL, NULL, NULL, NULL, '2019-07-11', 'user.png', NULL, 5, NULL, 889, NULL, 1, NULL),
(1391, NULL, 'Carla Sófia dos Reis Marques', NULL, '963792460', NULL, '2019-07-10', NULL, NULL, '', '', NULL, NULL, NULL, NULL, '2019-07-11', 'user.png', NULL, 5, NULL, 890, NULL, 1, NULL),
(1393, '1204178', 'Alexandre Cardoso Valente', NULL, NULL, NULL, '2008-07-10', NULL, 'Portugal', '15721822', '263939375', 'O+', '4º Ano', NULL, NULL, '2018-10-10', 'user.png', NULL, 1, 190, 892, NULL, 1, NULL),
(1394, NULL, 'José Augusto Borges Valente', NULL, '969587003', 'joseabvalente@gmail.com', '2018-10-09', NULL, NULL, '', '', NULL, NULL, NULL, NULL, '2018-10-10', 'user.png', NULL, 5, NULL, 893, NULL, 1, NULL),
(1395, NULL, 'Ana Cláudia Cardoso Valente', NULL, '963644542', 'anavalente77@hotmail.com', '2018-10-09', NULL, NULL, '', '', NULL, NULL, NULL, NULL, '2018-10-10', 'user.png', NULL, 5, NULL, 894, NULL, 1, NULL),
(1396, '1216616', 'Daniel Vaz dos Ramos Alfredo', NULL, NULL, NULL, '2008-03-30', NULL, NULL, '66666666', '980965478', NULL, NULL, NULL, NULL, '2018-11-15', 'user.png', NULL, 1, 191, 895, NULL, 0, NULL),
(1397, NULL, 'Bonfim dos Ramos Alfredo', NULL, '926172507', NULL, '2018-11-14', NULL, NULL, '', '', NULL, NULL, NULL, NULL, '2018-11-15', 'user.png', NULL, 5, NULL, 896, NULL, 1, NULL),
(1398, NULL, 'Augusta Espirito Santo Vaz', NULL, NULL, NULL, '2018-11-14', NULL, NULL, '', '', NULL, NULL, NULL, NULL, '2018-11-15', 'user.png', NULL, 5, NULL, 897, NULL, 1, NULL),
(1399, '888888', 'Miguel Guilherme Borges Oliveira Silva', NULL, '966580198', 'phots82@gmail.com', '2013-12-06', NULL, NULL, '31350564', '132456543', NULL, NULL, NULL, NULL, '2018-11-15', 'user.png', NULL, 1, 192, 898, NULL, 0, NULL),
(1400, NULL, 'Paulo Henrique de Oliveira Tavares da Silva', NULL, '966580198', NULL, '2018-11-14', NULL, NULL, '', '456776543', NULL, NULL, NULL, NULL, '2018-11-15', 'user.png', NULL, 5, NULL, 899, NULL, 1, NULL),
(1401, NULL, 'Luísa Mafalda Soutinho Borges', NULL, '967369800', NULL, '2018-11-14', NULL, NULL, '', '', NULL, NULL, NULL, NULL, '2018-11-15', 'user.png', NULL, 5, NULL, 900, NULL, 1, NULL),
(1402, '1213416', 'João Paulo Reis Pires', NULL, '932316471', NULL, '2010-12-30', NULL, NULL, '30567957', '273449460', 'A+', NULL, NULL, NULL, '2019-07-11', 'uploads/3bd50a27e2.jpg', NULL, 1, 193, 901, NULL, 1, NULL),
(1403, NULL, 'Paulo Rafael da Silva Pires', NULL, '932316471', 'pirecese21@hotmail.com', '2019-07-10', NULL, NULL, '', '', NULL, NULL, NULL, NULL, '2019-07-11', 'user.png', NULL, 5, NULL, 902, NULL, 1, NULL),
(1404, NULL, 'Alda Susana da Silva Reis', NULL, NULL, 'aldapires@hotmail.com', '2019-07-10', NULL, NULL, '', '', NULL, NULL, NULL, NULL, '2019-07-11', 'user.png', NULL, 5, NULL, 903, NULL, 1, NULL),
(1405, '1228394', 'Estêvão Martinho Rodrigues Silva Dias', NULL, '965815433', 'lisete.dias@hotmail.com', '2006-06-09', '', 'Portuguesa', '30996672', '256895783', 'O+', '5º Ano', NULL, NULL, '2019-07-10', 'uploads/825fd401c8.jpg', NULL, 1, 194, 904, NULL, 1, NULL),
(1406, NULL, 'Maria Lisete Rodrigues Silva', NULL, '965815433', NULL, '2019-07-09', NULL, NULL, '', '', NULL, NULL, NULL, NULL, '2019-07-10', 'user.png', NULL, 5, NULL, 905, NULL, 1, NULL),
(1407, NULL, 'Manuel Gomes Dias', NULL, '962566973', NULL, '2019-07-09', NULL, NULL, '', '', NULL, NULL, NULL, NULL, '2019-07-10', 'user.png', NULL, 5, NULL, 906, NULL, 1, NULL),
(1408, '43434343', 'André Miguel Ribeiro Silva', NULL, '936102768', NULL, '2000-07-20', NULL, NULL, '46567876', '234565432', 'A+', '10º Ano', NULL, NULL, '2018-11-14', 'user.png', NULL, 1, 198, 907, NULL, 0, NULL),
(1409, NULL, 'Pedro Miguel Domingues Silva', NULL, '934233936', 'pedro.silva@yazaki-europe.com', '2018-11-13', NULL, NULL, '12345678', '987654321', NULL, NULL, NULL, NULL, '2018-11-14', 'user.png', NULL, 5, NULL, 908, NULL, 1, NULL),
(1410, NULL, 'Elizabeth Maria Ribeiro Silva', NULL, '939033960', 'elizabeth.ribeiro77@gmail.com', '2018-11-13', NULL, NULL, '', '', NULL, NULL, NULL, NULL, '2018-11-14', 'user.png', NULL, 5, NULL, 909, NULL, 1, NULL),
(1411, '445534', 'Miguel Monteiro da Fonseca', NULL, NULL, 'miguelfonseca2002@hotmail.com', '2002-06-06', NULL, NULL, '30436329', '291806747', NULL, NULL, NULL, NULL, '2019-07-10', 'uploads/64510e6e50.jpg', NULL, 1, 200, 910, NULL, 1, NULL),
(1412, NULL, 'Henrique Nuno Oliveira da Fonseca', NULL, '964415061', 'hnunofonseca@hotmail.com', '2019-07-09', NULL, NULL, '34567887', '122332435', NULL, NULL, NULL, NULL, '2019-07-10', 'user.png', NULL, 5, NULL, 911, NULL, 1, NULL),
(1413, NULL, 'Paula Alexandra Monteiro da Fonseca', NULL, '966188719', NULL, '2019-07-09', NULL, NULL, '', '', NULL, NULL, NULL, NULL, '2019-07-10', 'user.png', NULL, 5, NULL, 912, NULL, 1, NULL),
(1414, '444455', 'Guilherme Xavier Marques Alves', NULL, '939649211', NULL, '2005-09-23', 'Portuguesa', 'Portugal', '31249341', '255953178', 'A+', '7º Ano', NULL, NULL, '2019-07-10', 'uploads/5b56e156e3.jpg', NULL, 1, 201, 913, NULL, 1, NULL),
(1415, NULL, 'António Manuel de Castro Alves', NULL, '913406040', NULL, '2019-07-09', NULL, NULL, '44335522', '678789873', NULL, NULL, NULL, NULL, '2019-07-10', 'user.png', NULL, 5, NULL, 914, NULL, 1, NULL),
(1416, NULL, 'Irene Augusta Tavares Marques', NULL, '965563761', NULL, '2019-07-09', NULL, NULL, '', '', NULL, NULL, NULL, NULL, '2019-07-10', 'user.png', NULL, 5, NULL, 915, NULL, 1, NULL),
(1417, '980987', 'Nuno Francisco Venâncio Morais', NULL, '964788532', NULL, '2009-02-14', 'Porto', 'Portugal', '15922034', '227960734', 'O+', NULL, NULL, NULL, '2019-07-11', 'uploads/6c91e45c67.jpg', NULL, 1, 202, 916, NULL, 1, NULL),
(1418, NULL, 'Paulo Jorge Oliveira Morais', NULL, '967446917', NULL, '2019-07-10', NULL, NULL, '12234683', '227960734', NULL, NULL, NULL, NULL, '2019-07-11', 'user.png', NULL, 5, NULL, 917, NULL, 1, NULL),
(1419, NULL, 'Patrícia Isabel Fernandes Venâncio Morais', NULL, '964788532', '', '2019-07-10', NULL, NULL, '', '', NULL, NULL, NULL, NULL, '2019-07-11', 'user.png', NULL, 5, NULL, 918, NULL, 1, NULL),
(1420, '657430', 'Gabriel Jorge da Costa Barroso de Santo António', NULL, NULL, NULL, '2011-07-27', NULL, 'Portugal', '30773389', '276749782', NULL, NULL, NULL, NULL, '2017-09-30', 'user.png', NULL, 1, 203, 919, NULL, 1, NULL),
(1421, NULL, 'Vera Isabel da Costa Barroso de Santo António', NULL, '966073013', 'barrososic@hotmail.com', '2017-09-29', NULL, NULL, '12516100', '240980867', NULL, NULL, NULL, NULL, '2017-09-30', 'user.png', NULL, 5, NULL, 920, NULL, 1, NULL),
(1422, NULL, 'Sergio Gabriel Duarte de Santo António', NULL, '964764837', 'santo1976@hotmail.com', '2017-09-29', NULL, NULL, '', '', NULL, NULL, NULL, NULL, '2017-09-30', 'user.png', NULL, 5, NULL, 921, NULL, 1, NULL),
(1423, '324578', 'Duarte Marquez Silva', NULL, NULL, NULL, '2013-03-09', 'Vila Nova de Gaia', 'Portugal', '31184414', '280543115', 'A+', 'Pré', NULL, NULL, '2017-09-30', 'user.png', NULL, 1, 205, 922, NULL, 1, NULL),
(1424, NULL, 'Ana Karina da Costa Marquez  Silva', NULL, '916492226', 'ana_karina104@hotmail.com', '2017-09-29', NULL, NULL, '13445219', '217128998', NULL, NULL, NULL, NULL, '2017-09-30', 'user.png', NULL, 5, NULL, 923, NULL, 1, NULL),
(1425, NULL, 'Martinho Armando de Oliveira da Silva Marquez', NULL, '914167594', NULL, '2017-09-29', NULL, NULL, '', '', NULL, NULL, NULL, NULL, '2017-09-30', 'user.png', NULL, 5, NULL, 924, NULL, 1, NULL),
(1426, '909098', 'Gustavo Marquez da Silva', NULL, NULL, NULL, '2013-03-09', 'Vila Nova de Gaia', 'Portugal', '31184405', '280543042', 'A+', 'Pré', NULL, NULL, '2017-09-30', 'user.png', NULL, 1, 206, 925, NULL, 1, NULL),
(1427, NULL, 'Ana Karina da Costa Marquez Silva', NULL, '916492226', 'ana_karina104@hotmail.com', '2017-09-29', NULL, NULL, '13445219', '217128998', NULL, NULL, NULL, NULL, '2017-09-30', 'user.png', NULL, 5, NULL, 926, NULL, 1, NULL),
(1428, NULL, 'Martinho Armando de Oliveira da Silva Marquez', NULL, '914167594', NULL, '2017-09-29', NULL, NULL, '', '', NULL, NULL, NULL, NULL, '2017-09-30', 'user.png', NULL, 5, NULL, 927, NULL, 1, NULL),
(1429, '1111112', 'Samuel Oliveira Guiomar', NULL, NULL, NULL, '2009-06-09', NULL, 'Portugal', '30049494', '274145987', NULL, '4º Ano', NULL, NULL, '2019-07-11', 'uploads/b08d781a99.jpg', NULL, 1, 208, 928, NULL, 1, 1),
(1430, NULL, 'Tiago Miguel Guiomar Silva', NULL, '967719148', 'tiago.silva.328@hotmail.com', '2019-07-10', NULL, NULL, '', '', NULL, NULL, NULL, NULL, '2019-07-11', 'user.png', NULL, 5, NULL, 929, NULL, 1, NULL),
(1431, NULL, 'Ana Cristina Oliveira Silva', NULL, '962438182', NULL, '2019-07-10', NULL, NULL, '', '', NULL, NULL, NULL, NULL, '2019-07-11', 'user.png', NULL, 5, NULL, 930, NULL, 1, NULL),
(1432, '211111111', 'Gustavo Filipe Garcês Dias', NULL, NULL, NULL, '2009-12-23', 'Estarreja', NULL, '30231306', '274851172', NULL, NULL, NULL, NULL, '2019-07-11', 'uploads/1f907356c2.jpg', NULL, 1, 209, 931, NULL, 1, NULL),
(1433, NULL, 'Helena Cristina Carmo Garcês', NULL, '914386711', 'helena.garces@iol.pt', '2019-07-10', NULL, NULL, '3333334', '454567890', NULL, NULL, NULL, NULL, '2019-07-11', 'user.png', NULL, 5, NULL, 932, NULL, 1, NULL),
(1434, NULL, 'Jorge Filipe Oliveira Dias', NULL, '918556162', 'jo_dias@msn.com', '2019-07-10', NULL, NULL, '', '', NULL, NULL, NULL, NULL, '2019-07-11', 'user.png', NULL, 5, NULL, 933, NULL, 1, NULL),
(1435, '111112', 'Mateus Oliveira Gaudêncio', NULL, '928055092', NULL, '2008-08-21', NULL, 'Portugal', '15735162', '264201167', NULL, '4º Ano', NULL, NULL, '2018-10-10', 'user.png', NULL, 1, 210, 934, NULL, 1, NULL),
(1436, NULL, 'Cristina Alexandra Morgado Torres de Oliveira', NULL, '912649663', 'cristinatorres1973@gmail.com', '2018-10-09', NULL, NULL, '10064343', '205505112', NULL, NULL, NULL, NULL, '2018-10-10', 'user.png', NULL, 5, NULL, 935, NULL, 1, NULL),
(1437, NULL, 'Paulo Fernando da Costa Gaudêncio', NULL, '918289254', NULL, '2018-10-09', NULL, NULL, '', '', NULL, NULL, NULL, NULL, '2018-10-10', 'user.png', NULL, 5, NULL, 936, NULL, 1, NULL),
(1438, '1006320', 'Rodrigo Vigário Pinto', NULL, NULL, NULL, '2002-02-10', 'Estarreja', NULL, '13452312', '543456231', NULL, NULL, NULL, NULL, '2018-11-14', 'user.png', NULL, 1, 212, 937, NULL, 0, NULL),
(1439, NULL, 'António Paulo Miranda Gonçalves Pinto', NULL, '969115909', 'apaulopinto1@gmail.com', '2018-11-13', NULL, NULL, '34567890', '987689098', NULL, NULL, NULL, NULL, '2018-11-14', 'user.png', NULL, 5, NULL, 938, NULL, 1, NULL),
(1440, NULL, 'Paula Cristina Vigário Pinto', NULL, '965489509', NULL, '2018-11-13', NULL, NULL, '', '', NULL, NULL, NULL, NULL, '2018-11-14', 'user.png', NULL, 5, NULL, 939, NULL, 1, NULL),
(1441, '123456', 'Christian Abranches Guedes', NULL, NULL, NULL, '2012-12-27', NULL, 'Portugal', '31133236', '280587961', NULL, NULL, NULL, NULL, '2017-10-13', 'user.png', NULL, 1, 214, 940, NULL, 1, NULL),
(1442, NULL, 'Joel Peter Guedes Rodrigues', NULL, '966572731', 's.morsms@hotmail.com', '2017-10-12', NULL, NULL, '31133236', '280587961', NULL, NULL, NULL, NULL, '2017-10-13', 'user.png', NULL, 5, NULL, 941, NULL, 1, NULL),
(1443, NULL, 'Carina Elisabete Marques Abranches Guedes', NULL, '916429014', 'carinaabranches@hotmail.com', '2017-10-12', NULL, NULL, '', '', NULL, NULL, NULL, NULL, '2017-10-13', 'user.png', NULL, 5, NULL, 942, NULL, 1, NULL),
(1444, '123213', 'Afonso Tavares Silva', NULL, NULL, NULL, '2011-09-30', NULL, 'Portugal', '30827946', '277834937', NULL, '1º Ano', NULL, NULL, '2018-10-23', 'user.png', NULL, 1, 215, 943, NULL, 1, NULL),
(1445, NULL, 'Tito Miguel Monteiro Silva', NULL, '965368618', 'titomiguel1976@hotmail.com', '2018-10-22', NULL, NULL, '11464852', '211956694', NULL, NULL, NULL, NULL, '2018-10-23', 'user.png', NULL, 5, NULL, 944, NULL, 1, NULL),
(1446, NULL, 'Isabel Cristina Valente Tavares Silva', NULL, '964474068', 'cristina.silva.9@hotmail.com', '2018-10-22', NULL, NULL, '', '', NULL, NULL, NULL, NULL, '2018-10-23', 'user.png', NULL, 5, NULL, 945, NULL, 1, NULL),
(1447, '241234', 'Gonçalo Rodrigues Fernandes', NULL, NULL, NULL, '2012-05-30', 'Estareja', 'Portugal', '31000197', '278614159', NULL, NULL, NULL, NULL, '2017-10-04', 'user.png', NULL, 1, 216, 946, NULL, 1, NULL),
(1448, NULL, 'Edgar Daniel Pereira Fernandes', NULL, '965201490', 'e.fernands80@gmail.com', '2017-10-03', NULL, NULL, '11824723', '226451178', NULL, NULL, NULL, NULL, '2017-10-04', 'user.png', NULL, 5, NULL, 947, NULL, 1, NULL),
(1449, NULL, 'Ana Catarina Rodrigues Santo António Fernandes', NULL, '964789577', 'catarina.antonio82@gmail.com', '2017-10-03', NULL, NULL, '', '', NULL, NULL, NULL, NULL, '2017-10-04', 'user.png', NULL, 5, NULL, 948, NULL, 1, NULL),
(1450, '122112', 'Gustavo José Campos Couras', NULL, NULL, NULL, '2012-04-08', NULL, 'Portugal', '30957602', '279322607', NULL, NULL, NULL, NULL, '2017-10-04', 'user.png', NULL, 1, 217, 949, NULL, 1, NULL),
(1451, NULL, 'Paula Alexandra Tavares Valente Couras', NULL, '916461358', NULL, '2017-10-03', NULL, NULL, '12424266', '214356442', NULL, NULL, NULL, NULL, '2017-10-04', 'user.png', NULL, 5, NULL, 950, NULL, 1, NULL),
(1452, NULL, 'Marco António Matos Campos', NULL, '916402456', NULL, '2017-10-03', NULL, NULL, '', '', NULL, NULL, NULL, NULL, '2017-10-04', 'user.png', NULL, 5, NULL, 951, NULL, 1, NULL),
(1453, '112233', 'Salvador Rodrigues Soares', NULL, NULL, NULL, '2012-04-28', NULL, 'Portugal', '30972696', '278433030', 'O+', NULL, NULL, NULL, '2018-11-15', 'user.png', NULL, 1, 218, 952, NULL, 0, NULL),
(1454, NULL, 'Arménio José Oliveira Soares', NULL, '917295918', 'armenios@portugalmail.pt', '2018-11-14', NULL, NULL, '11821663', '228504155', NULL, NULL, NULL, NULL, '2018-11-15', 'user.png', NULL, 5, NULL, 953, NULL, 1, NULL),
(1455, NULL, 'Liliana Raquel Gouveia Rodrigues', NULL, '966331046', 'lilianagrodrigues@gmail.com', '2018-11-14', NULL, NULL, '', '', NULL, NULL, NULL, NULL, '2018-11-15', 'user.png', NULL, 5, NULL, 954, NULL, 1, NULL),
(1456, '221133', 'Guilherme Rodrigues Soares', NULL, NULL, NULL, '2008-01-16', NULL, 'Portugal', '15560601', '262461900', 'O+', NULL, NULL, NULL, '2018-11-15', 'user.png', NULL, 1, 219, 955, NULL, 0, NULL),
(1457, NULL, 'Arménio José Oliveira Soares', NULL, '917295918', 'armenios@portugalmail.pt', '2018-11-14', NULL, NULL, '11821863', '228504155', NULL, NULL, NULL, NULL, '2018-11-15', 'user.png', NULL, 5, NULL, 956, NULL, 1, NULL),
(1458, NULL, 'Liliana Raquel Gouveia Rodrigues', NULL, '966331046', 'lilianagrodrigues@gmail.com', '2018-11-14', NULL, NULL, '', '', NULL, NULL, NULL, NULL, '2018-11-15', 'user.png', NULL, 5, NULL, 957, NULL, 1, NULL),
(1459, '332211', 'André Jorge da Silva Marques Nunes', NULL, NULL, NULL, '2008-05-08', 'Aveiro', 'Portugal', '15666770', '268620482', NULL, NULL, NULL, NULL, '2017-10-05', 'user.png', NULL, 1, 221, 958, NULL, 1, NULL),
(1460, NULL, 'Ana Rita Gomes da Silva', NULL, '910775314', 'rita_silva_7@hotmail.com', '2017-10-04', NULL, NULL, '13758801', '257794557', NULL, NULL, NULL, NULL, '2017-10-05', 'user.png', NULL, 5, NULL, 959, NULL, 1, NULL),
(1461, NULL, 'Rui Jorge Marques Nunes', NULL, '917994690', NULL, '2017-10-04', NULL, NULL, '', '', NULL, NULL, NULL, NULL, '2017-10-05', 'user.png', NULL, 5, NULL, 960, NULL, 1, NULL),
(1462, '123321', 'Alejandro Manuel Lopez Gonzalez', NULL, NULL, NULL, '2007-12-22', NULL, 'Venezuela', '31983241', '291442188', NULL, NULL, NULL, NULL, '2018-11-14', 'user.png', NULL, 1, 222, 961, NULL, 0, NULL),
(1463, NULL, 'Deima Carolina Gonzalez Bracho', NULL, '933960910', 'deimagonzalez@hotmail.com', '2018-11-13', NULL, NULL, '896947', '345432345', NULL, NULL, NULL, NULL, '2018-11-14', 'user.png', NULL, 5, NULL, 962, NULL, 1, NULL),
(1464, NULL, 'Ricardo Laurindo Tavares', NULL, '933960910', 'laudo6@hotmail.com', '2018-11-13', NULL, NULL, '', '', NULL, NULL, NULL, NULL, '2018-11-14', 'user.png', NULL, 5, NULL, 963, NULL, 1, NULL),
(1465, '111223', 'Afonso Nunes Teixeira de Lacerda Neves', NULL, NULL, NULL, '2013-01-02', NULL, NULL, '311365019', '280130902', NULL, NULL, NULL, NULL, '2018-11-15', 'user.png', NULL, 1, 224, 964, NULL, 1, NULL),
(1466, NULL, 'Joana Carolina Nunes Teixeira de Lacerda Neves', NULL, '918283980', 'joana.pajoana@gmail.com', '2018-11-14', NULL, NULL, '1234322', '234565434', NULL, NULL, NULL, NULL, '2018-11-15', 'user.png', NULL, 5, NULL, 965, NULL, 1, NULL),
(1467, NULL, 'Ricardo Jorge Nunes Teixeira de Lacerda Neves', NULL, '917766343', NULL, '2018-11-14', NULL, NULL, '', '', NULL, NULL, NULL, NULL, '2018-11-15', 'user.png', NULL, 5, NULL, 966, NULL, 1, NULL),
(1468, '2111111', 'José Pedro Valente Monteiro', NULL, '913206363', NULL, '2010-01-14', 'Salreu', 'Portugal', '30247086', '269931457', NULL, NULL, NULL, NULL, '2019-07-11', 'uploads/b31122dd69.jpg', NULL, 1, 225, 967, NULL, 1, NULL),
(1469, NULL, 'Aida Maria Marques Teixeira Valente Monteiro', NULL, '913206363', 'aida14106@gmail.com', '2019-07-10', NULL, NULL, '12064384', '214296180', NULL, NULL, NULL, NULL, '2019-07-11', 'user.png', NULL, 5, NULL, 968, NULL, 1, NULL),
(1470, NULL, 'Hugo Filipe Oliveira Monteiro', NULL, '937080360', NULL, '2019-07-10', NULL, NULL, '', '', NULL, NULL, NULL, NULL, '2019-07-11', 'user.png', NULL, 5, NULL, 969, NULL, 1, NULL),
(1471, '123123', 'Vasco Pinto Ferreira', NULL, NULL, NULL, '2010-11-20', 'Beduido', 'Portugal', '30542498', '272614726', NULL, '1º Ano', NULL, NULL, '2019-07-11', 'uploads/054088c831.jpg', NULL, 1, 226, 970, NULL, 1, NULL),
(1472, NULL, 'Vitor Manuel Tavares Ferreira', NULL, '914253784', 'vferreira@dow.com', '2019-07-10', NULL, NULL, '10536622', '193477203', NULL, NULL, NULL, NULL, '2019-07-11', 'user.png', NULL, 5, NULL, 971, NULL, 1, NULL),
(1473, NULL, 'Maria Raquel do Carmo Pinto Ferreira', NULL, '963676929', NULL, '2019-07-10', NULL, NULL, '', '', NULL, NULL, NULL, NULL, '2019-07-11', 'user.png', NULL, 5, NULL, 972, NULL, 1, NULL),
(1474, '1204538', 'José Filipe Marques Rocha', NULL, '968222955', 'camilojrocha@gmail.com', '2009-03-21', 'Estarreja', 'Portugal', '159458234', '267241933', NULL, '2º Ano', NULL, NULL, '2019-07-11', 'uploads/099da9f9b2.jpg', NULL, 1, 228, 973, NULL, 1, NULL),
(1475, NULL, 'Camilo José Tavares Resende Gomes Rocha', NULL, '968222955', 'camilojrocha@gmail.com', '2019-07-10', NULL, NULL, '22222222', '333333333', NULL, NULL, NULL, NULL, '2019-07-11', 'user.png', NULL, 5, NULL, 974, NULL, 1, NULL),
(1476, NULL, 'Regina Maria Marques', NULL, '96269704', 'regina.m.marques@gmail.com', '2019-07-10', NULL, NULL, '', '', NULL, NULL, NULL, NULL, '2019-07-11', 'user.png', NULL, 5, NULL, 975, NULL, 1, NULL),
(1477, '848566', 'Leonardo Miguel Santos Monteiro', NULL, '917590120', 'leopesquina@hotmail.com', '1996-02-11', NULL, 'Portugal', '66666666', '876787654', NULL, NULL, NULL, NULL, '2018-11-14', 'user.png', NULL, 1, NULL, 976, NULL, 0, NULL),
(1478, '911175', 'André Filipe da Silva Ribas', NULL, '917047577', 'andre.ribass@ua.pt', '1993-08-03', NULL, 'Portugal', '14504718', '253612411', NULL, NULL, NULL, NULL, '2018-10-02', 'user.png', NULL, 1, NULL, 977, NULL, 0, NULL),
(1479, '1222596', 'Joaquim Puig', NULL, '918066704', 'joacopuig10@gmail.com', '1996-07-06', NULL, 'Argentina', 'AAD663211', '787654345', NULL, NULL, NULL, NULL, '2018-10-02', 'user.png', NULL, 1, NULL, 978, NULL, 0, NULL),
(1480, '2132111', 'Lucio Marcelo Lopez', NULL, '+543424086185', NULL, '1996-01-03', NULL, 'Argentina', 'AA2792517', '765789098', NULL, NULL, NULL, NULL, '2018-10-02', 'user.png', NULL, 1, NULL, 979, NULL, 0, NULL),
(1481, '1226337', 'Ivan Ezequiel Ortigosa', NULL, '935205152/918066704', NULL, '1995-03-11', NULL, 'Argentina', 'AAD655954', '980909765', NULL, NULL, NULL, NULL, '2018-10-03', 'user.png', NULL, 1, NULL, 980, NULL, 0, NULL),
(1483, '863499', 'Afonso Sá Vaz de Oliveira', NULL, '915958810', 'afonsosvoliveira@gmail.com', '1997-08-06', NULL, 'Portugal', '14700237', '265808871', NULL, 'Licenciado', NULL, NULL, '2018-10-03', 'user.png', NULL, 1, NULL, 982, NULL, 0, NULL),
(1495, '5342312', 'Manuel Catarino Santos Silva', NULL, '918443050', NULL, '2002-09-20', 'Porto', 'Portugal', '14975665', '242517650', 'A+', NULL, NULL, NULL, '2018-11-14', 'user.png', NULL, 1, 229, 994, NULL, 0, NULL),
(1496, NULL, 'Vitor Manuel dos Santos Silva', NULL, '917278673', 'vitor.silva130@gmail.com', '2018-11-13', NULL, NULL, '63627265', '165243673', NULL, NULL, NULL, NULL, '2018-11-14', 'user.png', NULL, 5, NULL, 995, NULL, 1, NULL),
(1497, NULL, 'Anete Marisa Pinto Gomes Catarino', NULL, '', 'anete.catarino@gmail.com', '2018-11-13', NULL, NULL, '', '', NULL, NULL, NULL, NULL, '2018-11-14', 'user.png', NULL, 5, NULL, 996, NULL, 1, NULL),
(1498, '154235', 'Diogo Rafael Sousa Dias', NULL, NULL, NULL, '2009-10-14', 'Cambrigde', NULL, '35635252', '162537654', NULL, NULL, NULL, NULL, '2019-07-11', 'uploads/0cbc4223e7.jpg', NULL, 1, 230, 997, NULL, 1, NULL),
(1499, NULL, 'Pedro Miguel Correia Dias', NULL, NULL, 'dias691@hotmail.co.uk', '2019-07-10', NULL, NULL, '36524267', '265345726', NULL, NULL, NULL, NULL, '2019-07-11', 'user.png', NULL, 5, NULL, 998, NULL, 1, NULL),
(1500, NULL, 'Ana Cristina Mateus Sousa', NULL, NULL, 'estrela78@hotmail.co.uk', '2019-07-10', NULL, NULL, '', '', NULL, NULL, NULL, NULL, '2019-07-11', 'user.png', NULL, 5, NULL, 999, NULL, 1, NULL),
(1501, '114356', 'Luciano Américo Lopes Moreira', NULL, '914545831', 'henriqueisabel21@gmail.com', '2006-12-19', NULL, NULL, '1911212006', '266252443', NULL, '5º Ano', NULL, NULL, '2018-08-31', 'user.png', NULL, 1, 232, 1000, NULL, 0, NULL),
(1502, NULL, 'Isabel Maria Fernandes Lopes da Silva', NULL, '915611514', '', '2018-08-30', NULL, NULL, '222222222', '333333333', NULL, NULL, NULL, NULL, '2018-08-31', 'user.png', NULL, 5, NULL, 1001, NULL, 1, NULL),
(1503, NULL, 'Henrique dos Santos Moreira', NULL, NULL, 'henriqueisabel21@gmail.com', '2018-08-30', NULL, NULL, '', '', NULL, NULL, NULL, NULL, '2018-08-31', 'user.png', NULL, 5, NULL, 1002, NULL, 1, NULL),
(1504, '231121', 'Leonardo Rafael Afonso Oliveira', NULL, '938691065', 'leonardoafonso772@gmail.com', '2002-07-31', NULL, 'Portugal', '30169042', '263024504', NULL, '7ºAno', NULL, NULL, '2019-07-10', 'uploads/35187b4624.jpg', NULL, 1, 233, 1003, NULL, 1, NULL),
(1505, NULL, 'Manuel Alberto Oliveira Sousa', NULL, '963855672', NULL, '2019-07-09', NULL, NULL, '13094830', '194767396', NULL, NULL, NULL, NULL, '2019-07-10', 'user.png', NULL, 5, NULL, 1004, NULL, 1, NULL),
(1506, NULL, 'Maria Manuela Correia Afonso Lopes Oliveira', NULL, '966421959', NULL, '2019-07-09', NULL, NULL, '', '', NULL, NULL, NULL, NULL, '2019-07-10', 'user.png', NULL, 5, NULL, 1005, NULL, 1, NULL),
(1507, '1144332', 'João Miguel Assunção Figueiredo', NULL, '937018034  mãe', 'quelspaecor@gmail.com', '2013-04-03', 'Aveiro', 'Portugal', '31200608', '280612400', 'O+', NULL, NULL, NULL, '2018-11-15', 'user.png', NULL, 1, 235, 1006, NULL, 0, NULL),
(1508, NULL, 'Silvia Raquel da Silva Assunção', NULL, '937018034', 'quelspaecor@gmail.com', '2018-11-14', NULL, NULL, '3333334', '123432123', NULL, NULL, NULL, NULL, '2018-11-15', 'user.png', NULL, 5, NULL, 1007, NULL, 1, NULL),
(1509, NULL, 'José Romeu Valente Figueira', NULL, '914443410', 'oficinamagro@hotmail.com', '2018-11-14', NULL, NULL, '', '', NULL, NULL, NULL, NULL, '2018-11-15', 'user.png', NULL, 5, NULL, 1008, NULL, 1, NULL),
(1510, '11113343', 'Gonçalo Rafael Assunção Figueira', NULL, NULL, NULL, '2010-09-23', 'Aveiro', 'Portugal', '30502720', '274575493', NULL, NULL, NULL, NULL, '2018-11-15', 'user.png', NULL, 1, 236, 1009, NULL, 0, NULL),
(1511, NULL, 'Silvia Raquel da Silva Assunção', NULL, '937018034', 'quelspaecor@gmail.com', '2018-11-14', NULL, NULL, '1232323', '232425141', NULL, NULL, NULL, NULL, '2018-11-15', 'user.png', NULL, 5, NULL, 1010, NULL, 1, NULL),
(1512, NULL, 'José Romeu Valente Figueira', NULL, '914443410', 'oficinamagro@hotmail.com', '2018-11-14', NULL, NULL, '', '', NULL, NULL, NULL, NULL, '2018-11-15', 'user.png', NULL, 5, NULL, 1011, NULL, 1, NULL),
(1513, '1123212', 'André Miguel Ribeiro Silva', '936102768', '934233936', 'andre.mig@hotmail.com', '2000-07-20', NULL, NULL, '30234056', '269026720', NULL, NULL, NULL, NULL, '2018-11-14', 'user.png', NULL, 1, NULL, 1012, NULL, 0, NULL),
(1514, '961383', 'Rúben Gonçalo Soares Azevedo', NULL, '967677988', NULL, '2000-07-21', NULL, NULL, '15820920', '265988829', NULL, NULL, NULL, NULL, '2019-07-10', 'uploads/fb50c52498.jpg', NULL, 1, 237, 1013, NULL, 1, NULL),
(1515, '123232', 'Tomás Nadais Rodrigues Martins', NULL, '914622930', 'tomasnadais@gmail.com', '1999-11-02', NULL, NULL, '14770250', '123212121', NULL, NULL, NULL, NULL, '2018-11-14', 'user.png', NULL, 1, NULL, 1014, NULL, 0, NULL),
(1516, '923157', 'Carlos Daniel da Silva Ferreira', NULL, '918942644', NULL, '1999-09-28', NULL, 'Portugal', '15471779', '232554455', 'A+', NULL, NULL, NULL, '2018-10-04', 'user.png', NULL, 1, 260, 1015, NULL, 1, NULL),
(1517, '983790', 'Jorge Emanuel Tavares Silva', NULL, '916608781', 'jorginhoh1@hotmail.com', '2000-08-01', NULL, NULL, '15826549', '271761180', 'O+', NULL, NULL, NULL, '2018-11-14', 'user.png', NULL, 1, NULL, 1016, NULL, 0, NULL),
(1518, '955775', 'Fábio Daniel Oliveira e Silva Flavio', NULL, '911926924', NULL, '2000-09-29', 'Estarreja', 'Portugal', '14889953', '148899536', 'A+', '10º Ano', NULL, NULL, '2019-07-10', 'uploads/f0bdbfca9e.jpg', NULL, 1, 262, 1017, NULL, 1, NULL),
(1519, '5676544', 'Salvador Amador Lopes Ribeiro', NULL, NULL, NULL, '2014-09-01', 'Vila Nova de Gaia', 'Portugal', '31493802', '284033448', NULL, NULL, NULL, NULL, '2017-11-23', 'user.png', NULL, 1, 238, 1018, NULL, 1, NULL),
(1520, NULL, 'Sandra Amador', NULL, '912255707', 'mariaposa.pt@gmail.com', '2017-11-22', NULL, NULL, '1111111', '222222222', NULL, NULL, NULL, NULL, '2017-11-23', 'user.png', NULL, 5, NULL, 1019, NULL, 1, NULL),
(1521, NULL, 'Renato Valente', NULL, '914938413', 'renatocvalente@gmail.com', '2017-11-22', NULL, NULL, '', '', NULL, NULL, NULL, NULL, '2017-11-23', 'user.png', NULL, 5, NULL, 1020, NULL, 1, NULL),
(1522, '77777', 'Jorge Leandro Saleiro Vilarinho', NULL, '912458916', NULL, '2002-11-26', NULL, 'Portugal', '30415294', '262448491', NULL, NULL, NULL, NULL, '2018-11-14', 'user.png', NULL, 1, 240, 1021, NULL, 0, NULL),
(1523, NULL, 'Jorge Nelson Pires Vilarinho', '', '914190250', '', '2018-11-13', NULL, NULL, '08351905', '171545389', NULL, NULL, NULL, NULL, '2018-11-14', 'user.png', NULL, 5, NULL, 1022, NULL, 1, NULL),
(1524, NULL, 'Maria Gracelina Moreira Saleiro', '', NULL, '', '2018-11-13', NULL, NULL, '', '', NULL, NULL, NULL, NULL, '2018-11-14', 'user.png', NULL, 5, NULL, 1023, NULL, 1, NULL),
(1525, '3333333333333', 'Rui Miguel Murteira Costa', NULL, '962051515', NULL, '2001-09-22', NULL, NULL, '30082417', '239519400', 'O-', '10º Ano', NULL, NULL, '2018-11-14', 'user.png', NULL, 1, 241, 1024, NULL, 0, NULL),
(1526, NULL, 'Luis Manuel Oliveira Costa', NULL, '962563196', NULL, '2018-11-13', NULL, NULL, '10964675', '191869481', NULL, NULL, NULL, NULL, '2018-11-14', 'user.png', NULL, 5, NULL, 1025, NULL, 1, NULL),
(1527, NULL, 'Maria Helena Duarte Murteira', NULL, NULL, NULL, '2018-11-13', NULL, NULL, '22222223', '345432345', NULL, NULL, NULL, NULL, '2018-11-14', 'user.png', NULL, 5, NULL, 1026, NULL, 1, NULL),
(1528, '3456543', 'Dinis Tavares da Costa Marques Figueira', '964080125 mãe', '967018967 avó', NULL, '2010-09-17', 'Pardilhó', 'Portugal', '30497523', '272627992', NULL, '2º ano', NULL, NULL, '2018-10-23', 'user.png', NULL, 1, 242, 1027, NULL, 1, NULL),
(1529, NULL, 'Elisabete Tavares da Costa', NULL, '964080125', 'elisabete.costa@cgd.pt', '2018-10-22', NULL, NULL, '11297329', '202675220', NULL, NULL, NULL, NULL, '2018-10-23', 'user.png', NULL, 5, NULL, 1028, NULL, 1, NULL),
(1530, NULL, 'Carlos Vitor Marques Tavares', NULL, '965009470', 'carlosvitormf@gmail.com', '2018-10-22', NULL, NULL, '', '', NULL, NULL, NULL, NULL, '2018-10-23', 'user.png', NULL, 5, NULL, 1029, NULL, 1, NULL),
(1531, '44444444', 'Alexandre Goís Carvalho Simões', NULL, '969093669', NULL, '2008-12-21', 'Portuguesa', 'Portugal', '15772853', '258726075', NULL, NULL, NULL, NULL, '2018-11-15', 'user.png', NULL, 1, 243, 1030, NULL, 0, NULL),
(1532, NULL, 'Paulo Jorge Tavares Simões', NULL, '912679910', NULL, '2018-11-14', NULL, NULL, '', '', NULL, NULL, NULL, NULL, '2018-11-15', 'user.png', NULL, 5, NULL, 1031, NULL, 1, NULL),
(1533, '123432', 'Carlos Bruno Anjos Ruela', NULL, '919393210', 'kaparica37@gmail.com', '1997-11-16', 'Portuguesa', 'Portugal', '14958338', '123456789', NULL, NULL, NULL, NULL, '2018-10-03', 'user.png', NULL, 1, 244, 1032, NULL, 1, NULL),
(1534, '65476', 'Jorge André Pinho Graça', NULL, '910506521', 'j.andre10@hotmail.com', '1999-04-23', 'Portuguesa', 'Portugal', '14737876', '234543212', NULL, NULL, NULL, NULL, '2019-07-10', 'uploads/8fa4022578.jpg', NULL, 1, 245, 1033, NULL, 1, NULL),
(1535, '23454', 'João Paulo Gomes Duarte', NULL, '912642578', 'joaopgduarte10@gmail.com', '1994-06-18', 'Brasileira', 'Brasil', '356065', '145674321', NULL, NULL, NULL, NULL, '2019-07-10', 'uploads/c6221b012e.jpg', NULL, 1, 246, 1034, NULL, 1, NULL),
(1536, '45326', 'Tyler Nicholas Pinho', NULL, '962966518', 'tylerpinho20@aol.com', '1996-07-12', 'USA', 'USA', '31977386', '135797543', NULL, NULL, NULL, NULL, '2018-10-03', 'user.png', NULL, 1, 247, 1035, NULL, 1, NULL),
(1537, '729946', 'André Melo Themudo Soares Castro', NULL, '912424516', NULL, '1992-11-20', 'Portuguesa', 'Portugal', '13857716', '345432123', NULL, NULL, NULL, NULL, '2019-07-10', 'uploads/214f2ca2a1.jpg', NULL, 1, 248, 1036, NULL, 1, NULL),
(1538, '561723', 'Sérgio Jorge Sousa Machado', '', '916685329', '', '1981-12-28', 'Portuguesa', 'Portugal', '12084123', '238691985', NULL, NULL, NULL, NULL, '2019-07-10', 'uploads/25b28bdeff.jpg', NULL, 1, 249, 1037, NULL, 1, NULL),
(1539, '707653', 'João Pedro Calcado Corte Real', NULL, '963545292', NULL, '1989-01-07', 'Portuguesa', 'Portugal', '13561958', '204926092', NULL, NULL, NULL, NULL, '2019-07-10', 'uploads/ecbb0fc1a4.jpg', NULL, 1, 250, 1038, NULL, 1, NULL),
(1540, '727945', 'Raul Manuel Alves da Rocha', NULL, '917221494', NULL, '1990-01-25', 'Portuguesa', 'Portugal', '13768743', '243363443', NULL, NULL, NULL, NULL, '2018-10-03', 'user.png', NULL, 1, 251, 1039, NULL, 1, NULL),
(1541, '889606', 'Rui Jorge Oliveira Santos', NULL, '915446607', NULL, '1995-07-21', 'Portuguesa', 'Portugal', '147594146', '235821047', NULL, NULL, NULL, NULL, '2018-10-03', 'user.png', NULL, 1, 252, 1040, NULL, 1, NULL),
(1542, '567512', 'Nuno André da Costa Oliveira', NULL, '916043596', NULL, '1982-04-21', 'Portuguesa', 'Portugal', '11854348', '212884999', NULL, NULL, NULL, NULL, '2018-10-03', 'user.png', NULL, 1, 253, 1041, NULL, 1, NULL),
(1543, '890563', 'José Olavo Semedo Martins', NULL, '918846950', NULL, '1996-01-03', 'Portuguesa', 'Portugal', '14686426', '267366060', NULL, NULL, NULL, NULL, '2019-07-10', 'uploads/0b611d07ab.jpg', NULL, 1, 254, 1042, NULL, 1, NULL),
(1544, '847928', 'Duarte Castro Alves', NULL, '914065797', NULL, '1996-03-14', 'Portuguesa', 'Portugal', '13658296', '123321345', NULL, NULL, NULL, NULL, '2019-07-10', 'uploads/0f97fcc885.jpg', NULL, 1, 255, 1043, NULL, 1, NULL),
(1545, '750177', 'Miguel Ângelo Calcado de Almeida', NULL, '915873029', NULL, '1992-12-18', 'Portuguesa', 'Portugal', '14050755', '232123543', NULL, NULL, NULL, NULL, '2019-07-10', 'uploads/fcf626cd54.jpg', NULL, 1, 256, 1044, NULL, 1, NULL);
INSERT INTO `entidade` (`ID_Entidade`, `nLicenca`, `Nome`, `Telf`, `Telm`, `Email`, `DataNasc`, `Naturalidade`, `Pais`, `CC`, `NIF`, `GSanguineo`, `Habilitacoes`, `Doencas`, `Profissao`, `UltimaAtualizacao`, `FotoInscricao`, `FotoCromos`, `REF_TipoEnt`, `REF_Equipamento`, `REF_Morada`, `REF_Inscricao`, `Estado`, `REF_Posicao`) VALUES
(1546, '858860', 'João Miguel Oliveira Soares', NULL, '912378353', NULL, '1997-05-31', 'Portuguesa', 'Portugal', '14861816', '432154321', NULL, NULL, NULL, NULL, '2019-07-10', 'uploads/d42e06d476.jpg', NULL, 1, 257, 1045, NULL, 1, NULL),
(1547, '981557', 'António Daniel Vieira Carvalho', NULL, '918053781', NULL, '1996-02-08', 'Portuguesa', 'Portugal', '15147832', '238134946', NULL, NULL, NULL, NULL, '2018-10-04', 'user.png', NULL, 1, 258, 1046, NULL, 1, NULL),
(1548, '923158', 'Daniel Alves Silva', NULL, '911115364', NULL, '1999-07-31', 'Portuguesa', 'Portugal', '15483683', '187654321', NULL, NULL, NULL, NULL, '2019-07-10', 'uploads/e6d6c1aa47.jpg', NULL, 1, 259, 1047, NULL, 1, NULL),
(1549, '23456', 'Daniel David Meaño de Oliveira', '234865791', NULL, 'danieldanielmeano@gmail.com', '2001-12-26', 'Venezuelana', 'Portugal', '15074452', '257583947', NULL, NULL, NULL, NULL, '2019-07-10', 'uploads/5bbff6a58d.jpg', NULL, 1, 268, 1048, NULL, 1, NULL),
(1550, '1073918', 'João António Santos Pinheiro', NULL, '916558100', NULL, '2001-04-23', 'Portuguesa', 'Portugal', '15494474', '250462664', NULL, NULL, NULL, NULL, '2019-07-10', 'uploads/e7f11b8e87.jpg', NULL, 1, 269, 1049, NULL, 1, NULL),
(1552, '1011000', 'Diogo Santos Vigário', NULL, '914355381', NULL, '2001-06-18', 'Portuguesa', 'Portugal', '302986049', '211979546', NULL, NULL, NULL, NULL, '2018-11-14', 'user.png', NULL, 1, 271, 1051, NULL, 0, NULL),
(1553, '234543', 'Carlos Manuel França Cálix', NULL, '913707565', NULL, '2001-10-21', 'Portuguesa', 'Portugal', '30680164', '254369936', NULL, NULL, NULL, NULL, '2019-07-10', 'uploads/e372c9c776.jpg', NULL, 1, 272, 1052, NULL, 1, NULL),
(1554, '994338', 'Bruno Marques', NULL, '912458165', 'lourencomarques44@gmail.com', '2001-03-04', 'Portuguesa', 'Portugal', '301822328', '251584720', 'O+', NULL, NULL, NULL, '2019-07-10', 'uploads/ef989e5e49.jpg', NULL, 1, 273, 1053, NULL, 1, NULL),
(1555, '987330', 'Vasco Xavier Marques Almeida', NULL, '910438118', 'vasco-cde@hotmail.com', '2001-02-16', 'Portuguesa', 'Portugal', '30064977', '238912680', NULL, NULL, NULL, NULL, '2019-07-10', 'uploads/9cf6f3563e.jpg', NULL, 1, 274, 1054, NULL, 1, NULL),
(1556, '11111111', 'Abel Xavier Marques Andrade', NULL, '915970271', 'abelmarques260@gmail.com', '2001-12-07', 'Portuguesa', 'Venezuela', '15945186', '266539190', NULL, NULL, NULL, NULL, '2019-07-10', 'user.png', NULL, 1, 275, 1055, NULL, 1, NULL),
(1557, '11111112', 'Christopher Alexander Esteves Cortes', NULL, '938779007', 'christopheresteves1108@gmail.com', '2001-08-11', 'Portuguesa', 'Venezuela', '31573632', '296306070', NULL, NULL, NULL, NULL, '2019-07-10', 'uploads/b8f19f8cbb.jpg', NULL, 1, 276, 1056, NULL, 1, NULL),
(1558, '1111345', 'João Pedro de Galvão e Silva', NULL, NULL, 'josegalvao31@gmail.com', '2002-09-09', 'Avanca', 'Portugal', '14401793', '247364193', 'O+', NULL, NULL, NULL, '2019-07-10', 'uploads/1d091e50ee.jpg', NULL, 1, 278, 1057, NULL, 1, NULL),
(1559, NULL, 'Elisabete Marisa da Costa Galvão', NULL, '966649587', 'marisagalvao2777@live.com.pt', '2019-07-09', NULL, NULL, '11110955', '215700694', NULL, NULL, NULL, NULL, '2019-07-10', 'user.png', NULL, 5, NULL, 1058, NULL, 1, NULL),
(1560, NULL, 'António Luis da Silva', NULL, '917204123', 'antoniol.silva1965@gmail.com', '2019-07-09', NULL, NULL, '', '', NULL, NULL, NULL, NULL, '2019-07-10', 'user.png', NULL, 5, NULL, 1059, NULL, 1, NULL),
(1561, '1234563', 'Bruno Ferreira Silva', NULL, NULL, 'jessi.silva54@gmail.com', '2002-07-02', 'Ovar', 'Portugal', '30819702', '250397919', 'A+', NULL, NULL, NULL, '2018-10-05', 'user.png', NULL, 1, 279, 1060, NULL, 1, NULL),
(1562, NULL, 'Eduardo Jorge Valente Silva', NULL, '938357018', NULL, '2018-10-04', NULL, NULL, '9611330', '169004627', NULL, NULL, NULL, NULL, '2018-10-05', 'user.png', NULL, 5, NULL, 1061, NULL, 1, NULL),
(1563, NULL, 'Maria Lasalete Ferreira Crez Silva', NULL, '933737824', NULL, '2018-10-04', NULL, NULL, '', '', NULL, NULL, NULL, NULL, '2018-10-05', 'user.png', NULL, 5, NULL, 1062, NULL, 1, NULL),
(1564, '1083910', 'João Pedro Novo Sabina', NULL, '963632245', NULL, '2005-04-08', 'Torreira', 'Portugal', '15020423', '253748054', NULL, '7ºAno', NULL, NULL, '2018-10-06', 'uploads/1fbeecf4ae.jpg', NULL, 1, 280, 1063, NULL, 1, NULL),
(1565, NULL, 'Rosa Maria Evaristo Novo', NULL, '961537051', 'rosanovo72@gmail.com', '2018-10-05', NULL, NULL, '9851961', '175965579', NULL, NULL, NULL, NULL, '2018-10-06', 'user.png', NULL, 5, NULL, 1064, NULL, 1, NULL),
(1566, NULL, 'Diamantino Manuel Sabina', NULL, '961320720', 'diamantino.sabina@gmail.com', '2018-10-05', NULL, NULL, '', '', NULL, NULL, NULL, NULL, '2018-10-06', 'user.png', NULL, 5, NULL, 1065, NULL, 1, NULL),
(1567, '111111324', 'Pedro Miguel Rodrigues Pinto', NULL, '916561558', NULL, '2005-06-27', NULL, NULL, '15942734', '255404360', NULL, '7ºAno', NULL, NULL, '2019-07-10', 'uploads/4600f678a4.jpg', NULL, 1, 281, 1066, NULL, 1, NULL),
(1568, NULL, 'Miguel Duarte Pinto Pereira', NULL, '916561558', NULL, '2019-07-09', NULL, NULL, '12841388', '224239228', NULL, NULL, NULL, NULL, '2019-07-10', 'user.png', NULL, 5, NULL, 1067, NULL, 1, NULL),
(1569, NULL, 'Cátia Sofia Pereira Rodrigues', NULL, '913345654', NULL, '2019-07-09', NULL, NULL, '', '', NULL, NULL, NULL, NULL, '2019-07-10', 'user.png', NULL, 5, NULL, 1068, NULL, 1, NULL),
(1570, '990099', 'Ricardo Andrade Magalhães', NULL, '969430742', 'ricardomagalhaes2005@hotmail.com', '2005-09-03', NULL, NULL, '30791364', '257549129', 'O+', NULL, NULL, NULL, '2018-11-29', 'user.png', NULL, 1, NULL, 1069, NULL, 0, NULL),
(1571, '432151', 'Tiago André Rodrigues Soares', NULL, '918378090', NULL, '2005-09-14', NULL, 'Portugal', '15381725', '257810978', NULL, NULL, NULL, NULL, '2019-07-10', 'uploads/f9136ae1e7.jpg', NULL, 1, 282, 1070, NULL, 1, NULL),
(1572, NULL, 'Ana Paula Rodrigues Cabral', NULL, '918378090', 'anaprcabral@hotmail.com', '2019-07-09', NULL, NULL, '15381725', '257810978', NULL, NULL, NULL, NULL, '2019-07-10', 'user.png', NULL, 5, NULL, 1071, NULL, 1, NULL),
(1573, NULL, 'José Manuel Carvalho Marques', NULL, NULL, NULL, '2019-07-09', NULL, NULL, '', '', NULL, NULL, NULL, NULL, '2019-07-10', 'user.png', NULL, 5, NULL, 1072, NULL, 1, NULL),
(1574, '765432', 'Ricardo Daniel Tavares Nunes', NULL, '962817443', NULL, '2004-05-22', NULL, NULL, '14984216', '257751874', 'A+', NULL, NULL, NULL, '2018-10-06', 'user.png', NULL, 1, 283, 1073, NULL, 1, NULL),
(1575, NULL, 'Graça Maria Nunes de Pinho Tavares', NULL, '962817443', NULL, '2018-10-05', NULL, NULL, '7433389', '171085752', NULL, NULL, NULL, NULL, '2018-10-06', 'user.png', NULL, 5, NULL, 1074, NULL, 1, NULL),
(1576, NULL, 'António Manuel Tavares Silva', NULL, '962817443', NULL, '2018-10-05', NULL, NULL, '', '', NULL, NULL, NULL, NULL, '2018-10-06', 'user.png', NULL, 5, NULL, 1075, NULL, 1, NULL),
(1577, '2323451', 'Sabastian José Oliveira', NULL, '910039748', 'sabasmeano@gmail.com', '2004-07-09', NULL, NULL, '15074463', '257583670', NULL, NULL, NULL, NULL, '2019-07-10', 'uploads/517bc92bd6.jpg', NULL, 1, 284, 1076, NULL, 1, NULL),
(1578, NULL, 'Marlene de Oliveira da Silva', NULL, NULL, 'lene4669@gmail.com', '2019-07-09', NULL, NULL, '12502378', '244430829', NULL, NULL, NULL, NULL, '2019-07-10', 'user.png', NULL, 5, NULL, 1077, NULL, 1, NULL),
(1579, NULL, 'Arquimedes José Meaño Sanchez', NULL, NULL, NULL, '2019-07-09', NULL, NULL, '', '', NULL, NULL, NULL, NULL, '2019-07-10', 'user.png', NULL, 5, NULL, 1078, NULL, 1, NULL),
(1580, '1107246', 'Martim Aleixo Sousa', NULL, '918382164', 'sousacarlos72@gmail.com', '2006-12-06', 'Ovar', 'Portugal', '30356709', '258537027', NULL, '6º Ano', NULL, NULL, '2019-07-10', 'uploads/9d36df764d.jpg', NULL, 1, 285, 1079, NULL, 1, NULL),
(1581, NULL, 'Carlos Manuel', NULL, '918382164', 'sousacarlos72@gmai.com', '2019-07-09', NULL, NULL, '10911879', '197807534', NULL, NULL, NULL, NULL, '2019-07-10', 'user.png', NULL, 5, NULL, 1080, NULL, 1, NULL),
(1582, NULL, 'Ana Paula Oliveira Aleixo', NULL, '918622461', NULL, '2019-07-09', NULL, NULL, '', '', NULL, NULL, NULL, NULL, '2019-07-10', 'user.png', NULL, 5, NULL, 1081, NULL, 1, NULL),
(1583, '1194308', 'Rodrigo Miguel Silva Sousa', '234849569', NULL, NULL, '2006-09-26', 'Estarreja', 'Portugal', '15408709', '258167408', NULL, '6º Ano', NULL, NULL, '2019-07-10', 'uploads/01d41f605c.jpg', NULL, 1, 286, 1082, NULL, 1, NULL),
(1584, NULL, 'António Boaventura Alves de Sousa', NULL, '962705488', NULL, '2019-07-09', NULL, NULL, '7685224', '173809243', NULL, NULL, NULL, NULL, '2019-07-10', 'user.png', NULL, 5, NULL, 1083, NULL, 1, NULL),
(1585, NULL, 'Rosa Maria Tavares Silva', NULL, '962924795', 'rosa.mariats@hotmail.com', '2019-07-09', NULL, NULL, '', '', NULL, NULL, NULL, NULL, '2019-07-10', 'user.png', NULL, 5, NULL, 1084, NULL, 1, NULL),
(1586, '123411', 'Diogo Miranda Amarante', NULL, NULL, NULL, '2007-02-12', NULL, 'Portugal', '30504750', '262067439', NULL, NULL, NULL, NULL, '2019-07-11', 'uploads/56ee00188d.jpg', NULL, 1, 287, 1085, NULL, 1, NULL),
(1587, NULL, 'António João Rodrigues Miranda', NULL, NULL, NULL, '2019-07-10', NULL, NULL, '7329829', '182343367', NULL, NULL, NULL, NULL, '2019-07-11', 'user.png', NULL, 5, NULL, 1086, NULL, 1, NULL),
(1588, '1457321', 'Rodrigo Pinho Peixoto', NULL, '935952549', NULL, '2007-03-10', 'Porto', 'Portugal', '30976147', '259737178', 'O+', '6º Ano', NULL, NULL, '2019-07-10', 'uploads/a2e21fe5c8.jpg', NULL, 1, 288, 1087, NULL, 1, NULL),
(1589, NULL, 'Serafim da Silva Peixoto', NULL, NULL, NULL, '2019-07-09', NULL, NULL, '8428031', '179219278', NULL, NULL, NULL, NULL, '2019-07-10', 'user.png', NULL, 5, NULL, 1088, NULL, 1, NULL),
(1590, NULL, 'Irene sofia Henriques Pereira de Pinho', NULL, '925419015', NULL, '2019-07-09', NULL, NULL, '', '', NULL, NULL, NULL, NULL, '2019-07-10', 'user.png', NULL, 5, NULL, 1089, NULL, 1, NULL),
(1591, '2321245', 'Fabiano Silva Monteiro', NULL, NULL, NULL, '2007-04-23', NULL, 'Portugal', '31224573', '262352273', NULL, NULL, NULL, NULL, '2019-07-10', 'uploads/5bf5656df4.jpg', NULL, 1, 289, 1090, NULL, 1, NULL),
(1592, NULL, 'António da Silva Monteiro', NULL, '935098437monteirosilvaantónio84@gmail.com', NULL, '2019-07-09', NULL, NULL, '13268840', '224756184', NULL, NULL, NULL, NULL, '2019-07-10', 'user.png', NULL, 5, NULL, 1091, NULL, 1, NULL),
(1593, NULL, 'Elisabete Mónica Pereira Monteiro', NULL, '935098437', NULL, '2019-07-09', NULL, NULL, '13305069', '214136868', NULL, NULL, NULL, NULL, '2019-07-10', 'user.png', NULL, 5, NULL, 1092, NULL, 1, NULL),
(1594, '11443321', 'Diogo Costa Cunha Valente', NULL, '931985423', NULL, '2007-01-02', 'Ovar', 'Portugal', '31386908', '262336880', NULL, NULL, NULL, NULL, '2019-07-10', 'uploads/f5fc29a006.jpg', NULL, 1, 290, 1093, NULL, 1, NULL),
(1595, NULL, 'Patrícia Manuel da Costa Cunha', NULL, '931985423', NULL, '2019-07-09', NULL, NULL, '11068460', '219039046', NULL, NULL, NULL, NULL, '2019-07-10', 'user.png', NULL, 5, NULL, 1094, NULL, 1, NULL),
(1596, NULL, 'Edgar da Graça Valente', NULL, NULL, NULL, '2019-07-09', NULL, NULL, '', '', NULL, NULL, NULL, NULL, '2019-07-10', 'user.png', NULL, 5, NULL, 1095, NULL, 1, NULL),
(1597, '543211', 'João Tiago Paiva Mendonça', NULL, NULL, 'paulo.oliveira.mendonca@gmail.com', '2007-02-18', 'Murtosa', 'Portugal', '31232273', '261070444', NULL, NULL, NULL, NULL, '2019-07-10', 'uploads/5df7607231.jpg', NULL, 1, 291, 1096, NULL, 1, NULL),
(1598, NULL, 'Paulo Alexandre da Silva Caldas de Oliveira Mendonça', '', '967123286', 'paulo.oliveira.mendonca@gmail.com', '2019-07-09', NULL, NULL, '10628291', '173488242', NULL, NULL, NULL, NULL, '2019-07-10', 'user.png', NULL, 5, NULL, 1097, NULL, 1, NULL),
(1599, NULL, 'Maria João Henriques da Costa Paiva', NULL, '962388100', NULL, '2019-07-09', NULL, NULL, '', '', NULL, NULL, NULL, NULL, '2019-07-10', 'user.png', NULL, 5, NULL, 1098, NULL, 1, NULL),
(1600, '1235555', 'Diogo Oliveira Cabilhas', NULL, '913664630', 'paula_cabilhas@hotmail.com', '2007-06-14', 'Pardilhó', 'Portugal', '31231706', '274284987', NULL, '5º Ano', NULL, NULL, '2019-07-10', 'uploads/50db54210d.jpg', NULL, 1, 292, 1099, NULL, 1, NULL),
(1601, NULL, 'Paula Cristina Gomes Oliveira Cabilhas', NULL, '913664630', 'paula_cabilhas@hotmail.com', '2019-07-09', NULL, NULL, '9838179', '196638887', NULL, NULL, NULL, NULL, '2019-07-10', 'user.png', NULL, 5, NULL, 1100, NULL, 1, NULL),
(1602, NULL, 'Paulo Alexandre da Silva Cabilhas', NULL, '913271279', NULL, '2019-07-09', NULL, NULL, '', '', NULL, NULL, NULL, NULL, '2019-07-10', 'user.png', NULL, 5, NULL, 1101, NULL, 1, NULL),
(1603, '111111111', 'Guilherme Afonso Rodrigues Saramago', NULL, NULL, NULL, '2007-02-28', 'Salreu', 'Portugal', '31595262', '274821524', NULL, NULL, NULL, NULL, '2019-07-10', 'uploads/66e8851e2c.jpg', NULL, 1, 293, 1102, NULL, 1, NULL),
(1604, NULL, 'Sandra Cristina Bastos Rodrigues', NULL, '913405931', NULL, '2019-07-09', NULL, NULL, '11703138', '224906160', NULL, NULL, NULL, NULL, '2019-07-10', 'user.png', NULL, 5, NULL, 1103, NULL, 1, NULL),
(1605, NULL, 'Carlos Alberto Pereira Saramago', NULL, '914665080', NULL, '2019-07-09', NULL, NULL, '', '', NULL, NULL, NULL, NULL, '2019-07-10', 'user.png', NULL, 5, NULL, 1104, NULL, 1, NULL),
(1606, '11224433', 'Santiago Nunes Gomes', NULL, '912333479', NULL, '2008-09-03', NULL, 'Portugal', '15799356', '275094383', NULL, '4º Ano', NULL, NULL, '2018-10-10', 'user.png', NULL, 1, 295, 1105, NULL, 1, NULL),
(1607, NULL, 'Rui Jorge Marques Gomes', NULL, '912333479', NULL, '2018-10-09', NULL, NULL, '10371274', '196027276', NULL, NULL, NULL, NULL, '2018-10-10', 'user.png', NULL, 5, NULL, 1106, NULL, 1, NULL),
(1608, NULL, 'Susana Maria de Pinho Nunes', NULL, '917305118', NULL, '2018-10-09', NULL, NULL, '', '', NULL, NULL, NULL, NULL, '2018-10-10', 'user.png', NULL, 5, NULL, 1107, NULL, 1, NULL),
(1609, '54345654', 'Diogo Miguel Antão de Afonso', NULL, '962412149 pai', NULL, '2008-09-09', 'Estarreja', 'Portugal', '30745342', '275835936', NULL, '4º Ano', NULL, NULL, '2018-10-10', 'user.png', NULL, 1, 296, 1108, NULL, 1, NULL),
(1610, NULL, 'Luis Miguel de Oliveira Afonso', NULL, '962412149', 'rluismanuela@gmail.com', '2018-10-09', NULL, NULL, '9611136', '189652225', NULL, NULL, NULL, NULL, '2018-10-10', 'user.png', NULL, 5, NULL, 1109, NULL, 1, NULL),
(1611, NULL, 'Maria Manuela de Sousa Antão', NULL, '961910759', NULL, '2018-10-09', NULL, NULL, '', '', NULL, NULL, NULL, NULL, '2018-10-10', 'user.png', NULL, 5, NULL, 1110, NULL, 1, NULL),
(1612, '2123324', 'Samuel Pereira Figueiredo', NULL, '964566918', NULL, '2008-11-19', NULL, NULL, '15853656', '265360560', NULL, '4º Ano', 'Asmatico - faz tratamento', NULL, '2018-10-10', 'user.png', NULL, 1, 297, 1111, NULL, 1, NULL),
(1613, NULL, 'Rui Manuel Rodrigues de Figueiredo', NULL, '964566918', NULL, '2018-10-09', NULL, NULL, '10050893', '193509482', NULL, NULL, NULL, NULL, '2018-10-10', 'user.png', NULL, 5, NULL, 1112, NULL, 1, NULL),
(1614, NULL, 'Claudia Sofia da Silva Pereira Figueiredo', NULL, '967568191', NULL, '2018-10-09', NULL, NULL, '', '', NULL, NULL, NULL, NULL, '2018-10-10', 'user.png', NULL, 5, NULL, 1113, NULL, 1, NULL),
(1615, '2343212', 'Ricardo Daniel Soares Gonchar', NULL, NULL, NULL, '2009-11-08', NULL, NULL, '30196886', '269683836', NULL, NULL, NULL, NULL, '2019-07-11', 'uploads/07001fb967.jpg', NULL, 1, 298, 1114, NULL, 1, NULL),
(1616, NULL, 'Yuliya Gonchar', NULL, '913378822', 'ysg1@hotmail.com', '2019-07-10', NULL, NULL, '31188099', '243927495', NULL, NULL, NULL, NULL, '2019-07-11', 'user.png', NULL, 5, NULL, 1115, NULL, 1, NULL),
(1617, NULL, 'João Valente', NULL, '963979533', NULL, '2019-07-10', NULL, NULL, '30196886', '269683836', NULL, NULL, NULL, NULL, '2019-07-11', 'user.png', NULL, 5, NULL, 1116, NULL, 1, NULL),
(1618, '432543', 'Deyker Didier Vasconcelos Matos', NULL, '912559076', 'dig24lisseth@gmail.com', '2009-09-30', 'Caracas', 'Venezuela', '32139815', '295457864', NULL, NULL, NULL, NULL, '2018-10-10', 'user.png', NULL, 1, 299, 1117, NULL, 1, NULL),
(1619, NULL, 'José Alberto Vasconcelos Sousa', NULL, '928056619', NULL, '2018-10-09', NULL, NULL, '31710245', '295218177', NULL, NULL, NULL, NULL, '2018-10-10', 'user.png', NULL, 5, NULL, 1118, NULL, 1, NULL),
(1620, NULL, 'Digna Lisseth Matos Ochoa', NULL, '912559076', 'dig24lisseth@gmail.com', '2018-10-09', NULL, NULL, '', '', NULL, NULL, NULL, NULL, '2018-10-10', 'user.png', NULL, 5, NULL, 1119, NULL, 1, NULL),
(1621, '1221233', 'Dinis Vieira Miranda', NULL, '916036891', NULL, '2009-06-09', 'Portuguesa', 'Portugal', '30049737', '271583681', NULL, NULL, NULL, NULL, '2019-07-11', 'uploads/5eb90f98c0.jpg', NULL, 1, 300, 1120, NULL, 1, NULL),
(1622, NULL, 'Raquel da Conceição Rodrigues Vieira', NULL, '916036891', NULL, '2019-07-10', NULL, NULL, '11258418', '211254975', NULL, NULL, NULL, NULL, '2019-07-11', 'user.png', NULL, 5, NULL, 1121, NULL, 1, NULL),
(1623, NULL, 'Alfredo José da Silva Miranda', NULL, '917139987', NULL, '2019-07-10', NULL, NULL, '', '', NULL, NULL, NULL, NULL, '2019-07-11', 'user.png', NULL, 5, NULL, 1122, NULL, 1, NULL),
(1624, '121213', 'Pol Sousa Mestres', NULL, '912867785', 'mestresmar37@gmail.com', '2009-06-30', 'Tarragona', 'Espanha', '3223440', '279362064', 'O+', NULL, 'Asmatico', NULL, '2019-07-11', 'uploads/91dadfc8d7.jpg', NULL, 1, 301, 1123, NULL, 1, NULL),
(1625, NULL, 'Maria del Mar Mestres Ramon', NULL, '912867785', 'mestresmar37@gmail.com', '2019-07-10', NULL, NULL, 'BEQ179036', '111111111', NULL, NULL, NULL, NULL, '2019-07-11', 'user.png', NULL, 5, NULL, 1124, NULL, 1, NULL),
(1626, NULL, 'Paulo Guilherme Sousa Dias', NULL, '918381799', NULL, '2019-07-10', NULL, NULL, '', '', NULL, NULL, NULL, NULL, '2019-07-11', 'user.png', NULL, 5, NULL, 1125, NULL, 1, NULL),
(1627, '343212', 'Tiago Cristovão da Silva Dias', NULL, NULL, NULL, '2011-02-05', 'Canelas', 'Portugal', '30595128', '273662562', NULL, NULL, NULL, NULL, '2018-10-23', 'user.png', NULL, 1, 302, 1126, NULL, 1, NULL),
(1628, NULL, 'Paulo Valente Dias', NULL, '965643344', 'paulodias1975@gmail.com.com', '2018-10-22', NULL, NULL, '10544757', '208024514', NULL, NULL, NULL, NULL, '2018-10-23', 'user.png', NULL, 5, NULL, 1127, NULL, 1, NULL),
(1629, NULL, 'Catarina Alexandra Ramos da Silva', NULL, '965386450', 'catarina.alexandra.ramos.silva@gmail.com', '2018-10-22', NULL, NULL, '', '', NULL, NULL, NULL, NULL, '2018-10-23', 'user.png', NULL, 5, NULL, 1128, NULL, 1, NULL),
(1630, '1251058', 'Sebastião José Pereira da Silveira', NULL, '963667439', 'ajfsilveira@gmail.com', '2011-09-12', NULL, 'Portugal', '30813096', '277276390', NULL, NULL, NULL, NULL, '2018-11-15', 'user.png', NULL, 1, 303, 1129, NULL, 1, NULL),
(1631, NULL, 'Abílio José Ferreira da Silveira', NULL, '963667439', 'ajfsilveira@gmail.com', '2018-11-14', NULL, NULL, '23432123', '345665432', NULL, NULL, NULL, NULL, '2018-11-15', 'user.png', NULL, 5, NULL, 1130, NULL, 1, NULL),
(1632, NULL, 'Ilidia Mónica Marques Pereira', NULL, NULL, NULL, '2018-11-14', NULL, NULL, '', '', NULL, NULL, NULL, NULL, '2018-11-15', 'user.png', NULL, 5, NULL, 1131, NULL, 1, NULL),
(1633, '00000000', 'Rodrigo da Cruz Reis', NULL, '965327471', 'carlosmpcreis@hotmail.com', '2010-11-24', 'Matosinhos', 'Portugal', '30545940', '275101509', NULL, '2º Ano', NULL, NULL, '2019-07-11', 'uploads/d2f34642c4.jpg', NULL, 1, 304, 1132, NULL, 1, NULL),
(1634, NULL, 'Carlos Manuel da Costa Reis', NULL, '965327471', 'carlosmpcreis@hotmail.com', '2019-07-10', NULL, NULL, '11332970', '221896643', NULL, NULL, NULL, NULL, '2019-07-11', 'user.png', NULL, 5, NULL, 1133, NULL, 1, NULL),
(1635, NULL, 'Fernanda Marisa Rodrigues da Cruz', NULL, '965480399', 'fmarisarcruz@hotmail.com', '2019-07-10', NULL, NULL, '', '', NULL, NULL, NULL, NULL, '2019-07-11', 'user.png', NULL, 5, NULL, 1134, NULL, 1, NULL),
(1636, '0000002', 'David José da Silva Chipelo', NULL, '913175602', NULL, '2010-08-11', NULL, 'Portugal', '30525326', '272514845', NULL, '3º Ano', 'Suspeita de asma', NULL, '2019-07-11', 'uploads/ec18782176.jpg', NULL, 1, 305, 1135, NULL, 1, NULL),
(1637, NULL, 'Loredana Narcisa Bondoc', NULL, '913175602', NULL, '2019-07-10', NULL, NULL, '31584989', '242800327', NULL, NULL, NULL, NULL, '2019-07-11', 'user.png', NULL, 5, NULL, 1136, NULL, 1, NULL),
(1638, NULL, 'José António da Silva Chipelo', NULL, '912457336', NULL, '2019-07-10', NULL, NULL, '', '', NULL, NULL, NULL, NULL, '2019-07-11', 'user.png', NULL, 5, NULL, 1137, NULL, 1, NULL),
(1639, '00000003', 'Baltasar Marques Pires', NULL, NULL, NULL, '2010-12-21', NULL, 'Portugal', '30562223', '273364367', NULL, NULL, NULL, NULL, '2019-07-11', 'uploads/7b2d44b76e.jpg', NULL, 1, 306, 1138, NULL, 1, NULL),
(1640, NULL, 'Sonia Alexandra Soutinho Marques', NULL, '960182425', NULL, '2019-07-10', NULL, NULL, '', '', NULL, NULL, NULL, NULL, '2019-07-11', 'user.png', NULL, 5, NULL, 1139, NULL, 1, NULL),
(1641, '323456', 'Andrés Santiago Yánez Ferreira', '234844124', NULL, NULL, '2008-12-05', 'Venezuelana', 'Venezuela', '30289514', '296947873', 'O-', '3º Ano', NULL, 'Estudante', '2018-11-15', 'user.png', NULL, 1, 307, 1140, NULL, 1, NULL),
(1642, NULL, 'Natália Ferreira de Almeida', NULL, '', 'natalia_ferreira@hotmail.com', '2018-11-14', NULL, NULL, '14487739', '249610736', NULL, NULL, NULL, NULL, '2018-11-15', 'user.png', NULL, 5, NULL, 1141, NULL, 1, NULL),
(1643, NULL, 'Marlon Ismael Yánez Querecuto', NULL, '916817231', 'marlon_yanez@outlook.com', '2018-11-14', NULL, NULL, '', '', NULL, NULL, NULL, NULL, '2018-11-15', 'user.png', NULL, 5, NULL, 1142, NULL, 1, NULL),
(1644, '1232123', 'João Silva Pinho', NULL, '966855683', 'carlosmvpinho@gmail.com', '2010-11-10', 'Murtosa', 'Portugal', '30253164', '270234136', NULL, '1º Ciclo', NULL, 'Estudante', '2019-07-11', 'uploads/fd8bda59ec.jpg', NULL, 1, 308, 1143, NULL, 1, NULL),
(1645, NULL, 'Carlos Manuel Valente de Pinho', NULL, '966855683', 'carlosmvpinho@gmail.com', '2019-07-10', NULL, NULL, '09786750', '187009899', NULL, NULL, NULL, NULL, '2019-07-11', 'user.png', NULL, 5, NULL, 1144, NULL, 1, NULL),
(1646, NULL, 'Olga de Fátima Pereira Silva', NULL, '960150751', 'olgafpsilva@sapo.pt', '2019-07-10', NULL, NULL, '', '', NULL, NULL, NULL, NULL, '2019-07-11', 'user.png', NULL, 5, NULL, 1145, NULL, 1, NULL),
(1647, '6545632', 'Leonardo José Silva Rodrigues Botrav', NULL, NULL, NULL, '2004-10-25', 'Portuguesa', 'Portugal', '310672490', '258436077', NULL, 'Secundária', NULL, NULL, '2018-11-15', 'user.png', NULL, 1, 309, 1146, NULL, 1, NULL),
(1648, NULL, 'Guida Maria da Silva Rodrigues', NULL, '912318977', NULL, '2018-11-14', NULL, NULL, '', '', NULL, NULL, NULL, NULL, '2018-11-15', 'user.png', NULL, 5, NULL, 1147, NULL, 1, NULL),
(1649, '1122112', 'Ricardo Henrique Silva Carvalho', '234284037', '913300258', NULL, '2005-01-19', NULL, NULL, '31533815', '252547934', NULL, NULL, NULL, NULL, '2019-07-10', 'uploads/5d9d36ccb6.jpg', NULL, 1, 310, 1148, NULL, 1, NULL),
(1650, NULL, 'Ana Teresa de Jesus Silva', NULL, NULL, NULL, '2019-07-09', NULL, NULL, '10427984', '206704453', NULL, NULL, NULL, NULL, '2019-07-10', 'user.png', NULL, 5, NULL, 1149, NULL, 1, NULL),
(1651, '5443456', 'Diego Martim Afonso de Marquez', NULL, NULL, NULL, '2011-10-27', 'Portuguesa', NULL, '30847220', '277699894', NULL, NULL, NULL, NULL, '2018-11-15', 'user.png', NULL, 1, 311, 1150, NULL, 1, NULL),
(1652, NULL, 'Jessika Sharon Marques Marquez', NULL, '910502691', 'jessikasharon@hotmail.com', '2018-11-14', NULL, NULL, '111111', '111111111', NULL, NULL, NULL, NULL, '2018-11-15', 'user.png', NULL, 5, NULL, 1151, NULL, 1, NULL),
(1653, NULL, 'Cláudio Alexandre da Silva Afonso', NULL, NULL, NULL, '2018-11-14', NULL, NULL, '', '', NULL, NULL, NULL, NULL, '2018-11-15', 'user.png', NULL, 5, NULL, 1152, NULL, 1, NULL),
(1654, '44444', 'Gustavo Alexandre Gomes Urbano', NULL, '910271693  (mãe)', 'patriciaurbano@sapo.pt', '2011-07-16', 'Portuguesa', NULL, '30765044', '278300561', NULL, NULL, NULL, NULL, '2018-11-15', 'user.png', NULL, 1, 312, 1153, NULL, 1, NULL),
(1655, NULL, 'Patrícia Isabel Lopes Urbano', NULL, '910271693', 'patriciaurbano@sapo.pt', '2018-11-14', NULL, NULL, '111111', '111111112', NULL, NULL, NULL, NULL, '2018-11-15', 'user.png', NULL, 5, NULL, 1154, NULL, 1, NULL),
(1656, '332244', 'Bruno Rafael Silva Sousa', NULL, '969494964-966005785', 'brunobenfiquista447@gmail.com', '2005-12-17', 'Portuguesa', NULL, '15601951', '256947368', NULL, NULL, NULL, NULL, '2019-07-10', 'uploads/86f86ae987.jpg', NULL, 1, 313, 1155, NULL, 1, NULL),
(1657, NULL, 'António João Lopes Sousa', NULL, '966005785', 'sousaj73@hotmail.com', '2019-07-09', NULL, NULL, '10452672', '186462204', NULL, NULL, NULL, NULL, '2019-07-10', 'user.png', NULL, 5, NULL, 1156, NULL, 1, NULL),
(1658, NULL, 'Maria Manuela Tavares Silva Sousa', NULL, '969494964', 'mariamanuelas@sapo.pt', '2019-07-09', NULL, NULL, '', '', NULL, NULL, NULL, NULL, '2019-07-10', 'user.png', NULL, 5, NULL, 1157, NULL, 1, NULL),
(1659, '378908', 'Duarte Marques Pires', NULL, NULL, NULL, '2013-08-17', 'Portuguesa', NULL, '31287280', '281873011', NULL, NULL, NULL, NULL, '2018-11-15', 'user.png', NULL, 1, 314, 1158, NULL, 1, NULL),
(1660, NULL, 'Rui Baltazar Rodrigues Pires', NULL, '915864298', 'rbpires@gmail.com', '2018-11-14', NULL, NULL, '13911622', '214606511', NULL, NULL, NULL, NULL, '2018-11-15', 'user.png', NULL, 5, NULL, 1159, NULL, 1, NULL),
(1661, NULL, 'Sonia Alexandra Soutinho Marques', NULL, '960182425', NULL, '2018-11-14', NULL, NULL, '', '', NULL, NULL, NULL, NULL, '2018-11-15', 'user.png', NULL, 5, NULL, 1160, NULL, 1, NULL),
(1662, '222212', 'Duarte Martins Marques', NULL, '919035618', 'landiny@gmail.com', '2013-01-26', 'Portuguesa', NULL, '31149723', '280348991', NULL, NULL, NULL, NULL, '2018-11-15', 'user.png', NULL, 1, 315, 1161, NULL, 1, NULL),
(1663, NULL, 'Orlando Manuel Nogueira Marques', NULL, '919035618', 'landiny@gmail.com', '2018-11-14', NULL, NULL, '11863713', '218574703', NULL, NULL, NULL, NULL, '2018-11-15', 'user.png', NULL, 5, NULL, 1162, NULL, 1, NULL),
(1664, NULL, 'Sandra Soares Martins', NULL, '965566866', 'sandrasoaresmartins@gmail.com', '2018-11-14', NULL, NULL, '', '', NULL, NULL, NULL, NULL, '2018-11-15', 'user.png', NULL, 5, NULL, 1163, NULL, 1, NULL),
(1665, '4455533', 'João Nuno Teixeira Laranjeira', '', NULL, '', '2013-11-15', 'Portuguesa', 'Portugal', '31360688', '382373780', 'O+', NULL, NULL, NULL, '2018-11-15', 'user.png', NULL, 1, 316, 1164, NULL, 1, NULL),
(1666, NULL, 'Jorge Daniel Gonçalves Laranjeira', NULL, '968805025', 'jorge.d.laranjeira@gmail.com', '2018-11-14', NULL, NULL, '10759685', '173297641', NULL, NULL, NULL, NULL, '2018-11-15', 'user.png', NULL, 5, NULL, 1165, NULL, 1, NULL),
(1667, NULL, 'Bárbara Isabel Aniceto T. Laranjeira', NULL, '919388053', 'barbara.i.laranjeira@gmail.com', '2018-11-14', NULL, NULL, '', '', NULL, NULL, NULL, NULL, '2018-11-15', 'user.png', NULL, 5, NULL, 1166, NULL, 1, NULL),
(1668, '444555', 'Diogo Miguel Martins Damas', NULL, '914644520', NULL, '2012-03-27', 'Portuguesa', 'Portugal', '30948308', '278155936', NULL, NULL, NULL, NULL, '2018-11-15', 'user.png', NULL, 1, 317, 1167, NULL, 1, NULL),
(1669, NULL, 'Célia Maria Rodrigues Martins', NULL, '914644520', 'celia-mrm@hotmail.com', '2018-11-14', NULL, NULL, '10871557', '212781715', NULL, NULL, NULL, NULL, '2018-11-15', 'user.png', NULL, 5, NULL, 1168, NULL, 1, NULL),
(1670, NULL, 'Frederico António Ribeiro Damas', NULL, '916978638', 'fredericodamas@hotmail.com', '2018-11-14', NULL, NULL, '', '', NULL, NULL, NULL, NULL, '2018-11-15', 'user.png', NULL, 5, NULL, 1169, NULL, 1, NULL),
(1671, '44433322', 'Leonardo Vieira da Costa Marques', NULL, NULL, NULL, '2012-09-12', 'Portuguesa', 'Portugal', '31075879', '279813228', 'A+', '1º Ano', NULL, NULL, '2018-11-15', 'user.png', NULL, 1, NULL, 1170, NULL, 1, NULL),
(1672, NULL, 'Liliana da Costa Marques', NULL, '964730272', 'lilianacmarques@outlook.com', '2018-11-14', NULL, NULL, '11669002', '222110465', NULL, NULL, NULL, NULL, '2018-11-15', 'user.png', NULL, 5, NULL, 1171, NULL, 1, NULL),
(1673, NULL, 'Joaquim Domingos de Sousa Marques', '', '927397618', NULL, '2018-11-14', NULL, NULL, '', '', NULL, NULL, NULL, NULL, '2018-11-15', 'user.png', NULL, 5, NULL, 1172, NULL, 1, NULL),
(1674, '2323343', 'Rafael Castro e Silva', '', '914041932', 'soniacosmaticos@sapo.pt', '2008-07-08', 'Portuguesa', 'Portugal', '15719538', '266493610', 'B+', NULL, NULL, NULL, '2018-11-29', 'user.png', NULL, 1, 318, 1173, NULL, 1, NULL),
(1675, NULL, 'Sónia Alexandra dos Santos e Castro', NULL, '914041932', 'soniacosmeticos@sapo.pt', '2018-11-28', NULL, NULL, '', '', NULL, NULL, NULL, NULL, '2018-11-29', 'user.png', NULL, 5, NULL, 1174, NULL, 1, NULL),
(1677, '111221', 'Gonçalo Dinís Silva Monteiro', NULL, '934090177', NULL, '2006-01-05', NULL, 'Portugal', '31657818', '269286829', NULL, NULL, 'Bronquite', NULL, '2018-12-05', 'user.png', NULL, 1, 319, 1176, NULL, 1, NULL),
(1678, NULL, 'Joaquim Jesus Freitas Silva', NULL, '918676538', NULL, '2018-12-04', NULL, NULL, '', '', NULL, NULL, NULL, NULL, '2018-12-05', 'user.png', NULL, 5, NULL, 1177, NULL, 1, NULL),
(1679, NULL, 'Júlia Arminda Almeida Lopes e Silva', NULL, NULL, NULL, '2018-12-04', NULL, NULL, '', '', NULL, NULL, NULL, NULL, '2018-12-05', 'user.png', NULL, 5, NULL, 1178, NULL, 1, NULL),
(1680, NULL, 'Joaquim Jesus Freitas Silva', NULL, '918676538', NULL, '2018-12-04', NULL, NULL, '', '', NULL, NULL, NULL, NULL, '2018-12-05', 'user.png', NULL, 5, NULL, 1179, NULL, 1, NULL),
(1681, NULL, 'Júlia Arminda Almeida Lopes e Silva', NULL, NULL, NULL, '2018-12-04', NULL, NULL, '', '', NULL, NULL, NULL, NULL, '2018-12-05', 'user.png', NULL, 5, NULL, 1180, NULL, 1, NULL),
(1682, '555333222', 'João Gabriel Marques Silva', NULL, NULL, NULL, '2009-02-12', 'Estarreja', 'Portugal', '15921223', '275066886', NULL, '4º Ano', NULL, NULL, '2019-07-11', 'uploads/0e91fcc43f.jpg', NULL, 1, 320, 1181, NULL, 1, NULL),
(1683, NULL, 'João Pedro Silva', NULL, '967115549', 'jp.silva39@hotmail.com', '2019-07-10', NULL, NULL, '10895205', '189671726', NULL, NULL, NULL, NULL, '2019-07-11', 'user.png', NULL, 5, NULL, 1182, NULL, 1, NULL),
(1684, NULL, 'Ana Sofia Soutinho Marques', NULL, NULL, NULL, '2019-07-10', NULL, NULL, '', '', NULL, NULL, NULL, NULL, '2019-07-11', 'user.png', NULL, 5, NULL, 1183, NULL, 1, NULL),
(1685, '2211111', 'Duarte Resende Costa', NULL, NULL, NULL, '2011-09-06', NULL, 'Portugal', '30809419', '277476194', NULL, 'º Ano', NULL, NULL, '2018-12-10', 'user.png', NULL, 1, 321, 1184, NULL, 1, NULL),
(1686, NULL, 'Alberto Jorge Daniel Resende Costa', NULL, '968656141', 'alberto.costa@ua.pt', '2018-12-09', NULL, NULL, '', '', NULL, NULL, NULL, NULL, '2018-12-10', 'user.png', NULL, 5, NULL, 1185, NULL, 1, NULL),
(1687, NULL, 'Rosa Maria Branco de Matos Costa Resende', NULL, '917722103', NULL, '2018-12-09', NULL, NULL, '', '', NULL, NULL, NULL, NULL, '2018-12-10', 'user.png', NULL, 5, NULL, 1186, NULL, 1, NULL),
(1688, '1111342', 'Duarte Pereira de Sousa', NULL, '917318833', NULL, '2014-11-27', NULL, 'Portugal', '31535917', '284589586', NULL, NULL, 'Alergias alimentares', NULL, '2018-12-10', 'user.png', NULL, 1, 322, 1187, NULL, 1, NULL),
(1689, NULL, 'Luis Miguel Pereira de Sousa', NULL, '966492010', 'miguel.sousa@hotmail.com', '2018-12-09', NULL, NULL, '5555555', '333444222', NULL, NULL, NULL, NULL, '2018-12-10', 'user.png', NULL, 5, NULL, 1188, NULL, 1, NULL),
(1690, NULL, 'Raquel Sofia Valente Pereira', NULL, '917318833', NULL, '2018-12-09', NULL, NULL, '', '', NULL, NULL, NULL, NULL, '2018-12-10', 'user.png', NULL, 5, NULL, 1189, NULL, 1, NULL),
(1691, '442221', 'Diogo Miguel Silva Oliveira', NULL, '936733089', NULL, '2012-03-09', NULL, NULL, '30937177', '278011110', NULL, NULL, NULL, NULL, '2018-12-10', 'user.png', NULL, 1, 323, 1190, NULL, 1, NULL),
(1692, NULL, 'Pedro Miguel dos Santos Rosas Oliveira', NULL, '936733089', 'pedromrso@gmail.com', '2018-12-09', NULL, NULL, '12024294', '216336988', NULL, NULL, NULL, NULL, '2018-12-10', 'user.png', NULL, 5, NULL, 1191, NULL, 1, NULL),
(1693, NULL, 'Marisa Isabel Matos Silva', NULL, NULL, NULL, '2018-12-09', NULL, NULL, '', '', NULL, NULL, NULL, NULL, '2018-12-10', 'user.png', NULL, 5, NULL, 1192, NULL, 1, NULL);

-- --------------------------------------------------------

--
-- Table structure for table `entidaderel`
--

CREATE TABLE `entidaderel` (
  `ID_EntidadeRel` int(11) NOT NULL,
  `ID_Entidade` int(11) DEFAULT NULL,
  `ID_EntidadeAssoc` int(11) DEFAULT NULL,
  `ID_EntidadeAssocTipo` int(11) DEFAULT NULL
) ENGINE=InnoDB DEFAULT CHARSET=utf8 COLLATE=utf8_unicode_ci ROW_FORMAT=COMPACT;

--
-- Dumping data for table `entidaderel`
--

INSERT INTO `entidaderel` (`ID_EntidadeRel`, `ID_Entidade`, `ID_EntidadeAssoc`, `ID_EntidadeAssocTipo`) VALUES
(2, 141, 641, 2),
(4, 149, 642, 2),
(9, 187, 646, 1),
(10, 188, 647, 2),
(11, 186, 648, 2),
(12, 185, 713, 2),
(13, 189, 714, 1),
(14, 192, 715, 1),
(15, 194, 716, 1),
(16, 195, 717, 1),
(17, 193, 718, 1),
(18, 191, 719, 1),
(19, 183, 720, 2),
(20, 184, 721, 2),
(21, 190, 722, 1),
(22, 161, 723, 2),
(23, 166, 724, 1),
(24, 162, 725, 2),
(25, 176, 726, 1),
(26, 163, 727, 1),
(27, 177, 728, 1),
(28, 164, 729, 1),
(29, 178, 730, 2),
(30, 169, 731, 2),
(31, 171, 732, 1),
(32, 174, 733, 1),
(33, 167, 734, 1),
(34, 181, 735, 1),
(35, 172, 736, 2),
(36, 170, 737, 1),
(37, 179, 738, 1),
(38, 173, 739, 1),
(39, 180, 740, 1),
(40, 165, 741, 1),
(41, 175, 742, 1),
(42, 168, 743, 1),
(43, 150, 744, 2),
(44, 158, 745, 1),
(45, 148, 746, 2),
(46, 137, 747, 1),
(47, 157, 748, 2),
(48, 153, 749, 2),
(49, 144, 750, 1),
(50, 136, 751, 1),
(51, 156, 752, 1),
(52, 151, 753, 1),
(53, 159, 754, 2),
(54, 145, 755, 1),
(55, 155, 756, 2),
(56, 147, 757, 1),
(57, 154, 758, 1),
(58, 140, 759, 1),
(59, 143, 760, 1),
(60, 142, 761, 2),
(61, 146, 762, 1),
(62, 160, 763, 2),
(63, 139, 764, 2),
(64, 112, 765, 1),
(65, 99, 766, 1),
(66, 100, 767, 1),
(67, 102, 768, 1),
(68, 105, 769, 2),
(69, 114, 770, 1),
(70, 106, 771, 2),
(71, 107, 772, 2),
(72, 98, 773, 1),
(73, 113, 774, 2),
(74, 101, 775, 1),
(75, 109, 776, 1),
(76, 97, 777, 1),
(77, 108, 778, 2),
(78, 111, 779, 2),
(79, 110, 780, 1),
(80, 104, 781, 1),
(81, 96, 782, 1),
(82, 134, 783, 2),
(83, 130, 784, 1),
(84, 135, 785, 1),
(85, 121, 786, 1),
(86, 116, 787, 1),
(87, 123, 788, 1),
(88, 115, 789, 2),
(89, 127, 790, 1),
(90, 119, 791, 1),
(91, 118, 792, 1),
(92, 122, 793, 1),
(93, 120, 794, 1),
(94, 124, 795, 1),
(95, 131, 796, 1),
(97, 47, 798, 1),
(98, 48, 799, 1),
(99, 49, 800, 2),
(106, 42, 807, 1),
(107, 39, 808, 1),
(108, 36, 809, 1),
(109, 37, 810, 2),
(110, 38, 811, 2),
(111, 35, 812, 2),
(112, 34, 813, 9),
(113, 45, 814, 2),
(114, 44, 815, 1),
(115, 213, 816, 2),
(116, 202, 817, 2),
(117, 203, 818, 1),
(118, 196, 819, 1),
(119, 197, 820, 1),
(120, 210, 821, 1),
(121, 198, 822, 2),
(122, 204, 823, 2),
(123, 201, 824, 2),
(124, 212, 825, 2),
(125, 211, 826, 1),
(126, 199, 827, 1),
(127, 206, 828, 2),
(128, 207, 829, 1),
(129, 205, 830, 1),
(130, 209, 831, 1),
(131, 200, 832, 1),
(134, 65, 836, 1),
(135, 87, 837, 1),
(136, 91, 838, 2),
(137, 55, 839, 2),
(138, 72, 840, 2),
(139, 56, 949, 2),
(140, 82, 950, 1),
(141, 67, 951, 2),
(142, 57, 952, 1),
(143, 63, 953, 2),
(144, 71, 954, 1),
(145, 78, 955, 2),
(146, 86, 956, 1),
(147, 79, 957, 2),
(148, 79, 958, 2),
(149, 81, 959, 2),
(150, 64, 960, 2),
(151, 80, 961, 1),
(152, 85, 962, 1),
(153, 93, 963, 2),
(154, 62, 964, 1),
(155, 59, 965, 1),
(156, 60, 966, 2),
(158, 83, 968, 1),
(159, 61, 969, 2),
(160, 90, 970, 1),
(161, 73, 971, 1),
(162, 52, 972, 1),
(163, 92, 973, 1),
(164, 68, 974, 2),
(165, 51, 975, 1),
(168, 978, 979, 1),
(169, 980, 981, 7),
(172, 50, 986, 2),
(173, 53, 987, 2),
(174, 54, 988, 2),
(175, 58, 989, 2),
(176, 69, 990, 1),
(177, 74, 991, 2),
(178, 1, 992, 1),
(179, 1, 993, 2),
(180, 141, 976, 1),
(181, 136, 994, 2),
(182, 137, 995, 2),
(183, 139, 996, 1),
(184, 140, 997, 2),
(185, 142, 998, 1),
(186, 143, 999, 2),
(187, 144, 1000, 2),
(188, 148, 1001, 1),
(189, 145, 1002, 2),
(190, 146, 1003, 2),
(191, 147, 1004, 2),
(192, 149, 1005, 1),
(193, 150, 1006, 1),
(194, 151, 1007, 2),
(195, 153, 1008, 1),
(196, 154, 1009, 2),
(197, 155, 1010, 1),
(198, 156, 1011, 2),
(199, 157, 1012, 1),
(200, 158, 1013, 2),
(201, 159, 1014, 1),
(202, 160, 1015, 1),
(203, 223, 1016, 1),
(204, 223, 1017, 2),
(205, 224, 1018, 1),
(206, 224, 1019, 2),
(207, 225, 1020, 1),
(208, 225, 1021, 2),
(209, 226, 1022, 1),
(210, 226, 1023, 2),
(211, 227, 1024, 1),
(212, 227, 1025, 2),
(213, 214, 1026, 1),
(214, 214, 1027, 2),
(215, 215, 1028, 1),
(216, 215, 1029, 2),
(217, 216, 1030, 1),
(218, 216, 1031, 2),
(219, 217, 1032, 1),
(220, 217, 1033, 2),
(223, 219, 1036, 1),
(224, 219, 1037, 2),
(225, 220, 1038, 1),
(226, 220, 1039, 2),
(227, 221, 1040, 1),
(228, 221, 1041, 2),
(229, 222, 1042, 1),
(230, 222, 1043, 2),
(231, 196, 1044, 2),
(232, 197, 1045, 2),
(233, 198, 1046, 2),
(234, 199, 1047, 2),
(235, 200, 1048, 2),
(236, 201, 1049, 2),
(237, 202, 1050, 2),
(238, 203, 1051, 2),
(239, 204, 1052, 2),
(240, 205, 1053, 2),
(241, 206, 1054, 1),
(242, 207, 1055, 2),
(243, 208, 1056, 1),
(244, 208, 1057, 2),
(245, 209, 1058, 2),
(246, 210, 1059, 2),
(247, 211, 1060, 2),
(248, 212, 1061, 1),
(249, 213, 1062, 1),
(250, 182, 1063, 1),
(251, 182, 1064, 2),
(252, 183, 1065, 1),
(253, 184, 1066, 1),
(254, 185, 1067, 1),
(255, 186, 1068, 1),
(256, 187, 1069, 2),
(257, 188, 1070, 1),
(258, 189, 1071, 2),
(259, 190, 1072, 2),
(260, 191, 1073, 2),
(261, 192, 1074, 2),
(262, 193, 1075, 2),
(263, 194, 1076, 2),
(264, 195, 1077, 2),
(265, 161, 1078, 1),
(266, 162, 1079, 1),
(267, 163, 1080, 2),
(268, 164, 1081, 2),
(269, 165, 1082, 2),
(270, 166, 1083, 2),
(271, 167, 1084, 2),
(272, 168, 1085, 2),
(273, 169, 1086, 1),
(274, 170, 1087, 2),
(275, 171, 1088, 2),
(276, 172, 1089, 1),
(277, 173, 1090, 2),
(278, 174, 1091, 2),
(279, 175, 1092, 2),
(280, 176, 1093, 2),
(281, 177, 1094, 2),
(282, 178, 1095, 1),
(283, 179, 1096, 2),
(284, 180, 1097, 2),
(285, 181, 1098, 2),
(286, 138, 1099, 1),
(287, 152, 1100, 1),
(288, 115, 1101, 1),
(289, 116, 1102, 2),
(290, 117, 1103, 1),
(291, 117, 1104, 2),
(292, 117, 1105, 1),
(293, 117, 1106, 2),
(294, 118, 1107, 2),
(295, 119, 1108, 2),
(296, 120, 1109, 2),
(297, 121, 1110, 2),
(298, 122, 1111, 2),
(299, 123, 1112, 2),
(300, 124, 1113, 2),
(301, 125, 1114, 1),
(302, 125, 1115, 2),
(303, 126, 1116, 1),
(304, 126, 1117, 2),
(305, 127, 1118, 2),
(306, 128, 1119, 1),
(307, 128, 1120, 2),
(308, 129, 1121, 1),
(309, 129, 1122, 2),
(310, 130, 1123, 2),
(311, 131, 1124, 2),
(312, 132, 1125, 1),
(313, 132, 1126, 2),
(314, 133, 1127, 1),
(315, 133, 1128, 2),
(316, 134, 1129, 1),
(317, 135, 1130, 2),
(318, 75, 1131, 1),
(319, 75, 1132, 2),
(320, 76, 1133, 1),
(321, 76, 1134, 2),
(322, 77, 1135, 1),
(323, 77, 1136, 2),
(324, 78, 1137, 1),
(325, 80, 1138, 2),
(326, 81, 1139, 1),
(327, 82, 1140, 2),
(328, 83, 1141, 2),
(329, 84, 1142, 1),
(330, 84, 1143, 2),
(331, 85, 1144, 2),
(332, 86, 1145, 2),
(333, 87, 1146, 2),
(334, 88, 1147, 1),
(335, 88, 1148, 2),
(336, 89, 1149, 1),
(337, 89, 1150, 2),
(338, 90, 1151, 2),
(339, 91, 1152, 1),
(340, 92, 1153, 2),
(341, 93, 1154, 1),
(342, 94, 1155, 1),
(343, 94, 1156, 2),
(344, 95, 1157, 1),
(345, 95, 1158, 2),
(346, 96, 1159, 2),
(347, 97, 1160, 2),
(348, 98, 1161, 2),
(349, 99, 1162, 2),
(350, 100, 1163, 2),
(351, 101, 1164, 2),
(352, 102, 1165, 2),
(353, 103, 1166, 1),
(354, 103, 1167, 2),
(355, 104, 1168, 2),
(356, 105, 1169, 1),
(357, 106, 1170, 1),
(358, 107, 1171, 1),
(359, 108, 1172, 1),
(360, 109, 1173, 2),
(361, 110, 1174, 2),
(362, 111, 1175, 1),
(363, 112, 1176, 2),
(364, 113, 1177, 1),
(365, 114, 1178, 2),
(366, 34, 1179, 9),
(367, 35, 1180, 1),
(368, 36, 1181, 2),
(369, 37, 1182, 1),
(370, 38, 1183, 1),
(371, 39, 1184, 2),
(372, 40, 1185, 1),
(373, 40, 1186, 2),
(374, 41, 1187, 1),
(375, 41, 1188, 2),
(376, 42, 1189, 2),
(377, 43, 1190, 1),
(378, 43, 1191, 2),
(379, 44, 1192, 2),
(380, 45, 1193, 1),
(381, 46, 1194, 1),
(382, 46, 1195, 2),
(383, 47, 1196, 2),
(384, 48, 1197, 2),
(385, 49, 1198, 1),
(386, 50, 1199, 1),
(387, 51, 1200, 2),
(388, 52, 1201, 2),
(389, 53, 1202, 1),
(390, 54, 1203, 1),
(391, 55, 1204, 1),
(392, 56, 1205, 1),
(393, 57, 1206, 2),
(394, 58, 1207, 1),
(395, 59, 1208, 2),
(396, 60, 1209, 1),
(397, 61, 1210, 1),
(398, 62, 1211, 2),
(399, 63, 1212, 1),
(400, 64, 1213, 1),
(401, 65, 1214, 2),
(402, 66, 1215, 1),
(403, 66, 1216, 2),
(404, 67, 1217, 1),
(405, 68, 1218, 1),
(406, 69, 1219, 2),
(407, 70, 1220, 1),
(408, 70, 1221, 2),
(409, 71, 1222, 2),
(410, 72, 1223, 1),
(411, 73, 1224, 2),
(412, 74, 1225, 1),
(413, 978, 1226, 2),
(414, 980, 1227, 8),
(415, 9, 1228, 1),
(416, 9, 1229, 2),
(417, 10, 1230, 1),
(418, 10, 1231, 2),
(419, 11, 1232, 1),
(420, 11, 1233, 2),
(421, 12, 1234, 1),
(422, 12, 1235, 2),
(423, 13, 1236, 1),
(424, 13, 1237, 2),
(425, 14, 1238, 1),
(426, 14, 1239, 2),
(427, 15, 1240, 1),
(428, 15, 1241, 2),
(429, 16, 1242, 1),
(430, 16, 1243, 2),
(431, 16, 1244, 1),
(432, 16, 1245, 2),
(433, 17, 1246, 1),
(434, 17, 1247, 2),
(435, 18, 1248, 1),
(436, 18, 1249, 2),
(437, 19, 1250, 1),
(438, 19, 1251, 2),
(440, 21, 1253, 1),
(441, 21, 1254, 2),
(442, 22, 1255, 1),
(443, 22, 1256, 2),
(444, 23, 1257, 1),
(445, 23, 1258, 2),
(446, 207, 1055, 2),
(447, 217, 1033, 2),
(448, 217, 1033, 2),
(449, 217, 1033, 2),
(450, 179, 1096, 2),
(451, 179, 1096, 2),
(452, 212, 1061, 1),
(453, 212, 1061, 1),
(454, 191, 1073, 2),
(455, 194, 1076, 2),
(456, 194, 1076, 2),
(457, 182, 1064, 2),
(458, 204, 1052, 2),
(459, 61, 1210, 1),
(460, 61, 1210, 1),
(461, 61, 1210, 1),
(462, 61, 1210, 1),
(463, 227, 1025, 2),
(464, 227, 1025, 2),
(465, 214, 1027, 2),
(466, 214, 1027, 2),
(467, 175, 1092, 2),
(468, 175, 1092, 2),
(469, 175, 1092, 2),
(470, 186, 1068, 1),
(471, 186, 1068, 1),
(472, 1259, 1260, 2),
(473, 1259, 1261, 1),
(474, 1259, 1261, 1),
(475, 92, 1153, 2),
(476, 92, 1153, 2),
(477, 184, 1066, 1),
(478, 184, 1066, 1),
(479, 184, 1066, 1),
(480, 184, 1066, 1),
(481, 227, 1025, 2),
(482, 214, 1027, 2),
(483, 177, 1094, 2),
(484, 177, 1094, 2),
(485, 177, 1094, 2),
(486, 1262, 1263, 1),
(487, 1262, 1264, 2),
(488, 1262, 1264, 2),
(489, 83, 1141, 2),
(490, 82, 1140, 2),
(491, 161, 1078, 1),
(492, 161, 1078, 1),
(493, 82, 1140, 2),
(494, 82, 1140, 2),
(495, 82, 1140, 2),
(496, 191, 1073, 2),
(497, 193, 1075, 2),
(498, 194, 1076, 2),
(499, 85, 1144, 2),
(500, 108, 1172, 1),
(501, 169, 1086, 1),
(502, 196, 1044, 2),
(503, 196, 1044, 2),
(504, 196, 1044, 2),
(505, 83, 1141, 2),
(506, 143, 999, 2),
(507, 88, 1148, 2),
(508, 93, 1154, 1),
(509, 122, 1111, 2),
(510, 111, 1175, 2),
(511, 1265, 1266, 1),
(512, 1265, 1267, 2),
(513, 199, 1047, 2),
(514, 217, 1033, 2),
(515, 207, 1055, 2),
(516, 1268, 1269, 1),
(517, 1268, 1270, 2),
(518, 212, 1061, 1),
(519, 210, 1059, 2),
(520, 201, 1049, 1),
(521, 112, 1176, 2),
(522, 206, 1054, 1),
(523, 44, 1192, 2),
(524, 169, 1086, 1),
(525, 141, 976, 1),
(526, 1271, 1272, 1),
(527, 1271, 1273, 2),
(528, 1274, 1275, 2),
(529, 1276, 1277, 1),
(530, 1276, 1278, 2),
(531, 109, 1173, 2),
(532, 99, 1162, 2),
(533, 200, 1048, 2),
(534, 62, 1211, 2),
(535, 145, 1002, 2),
(536, 78, 1137, 1),
(537, 220, 1039, 2),
(538, 67, 1217, 1),
(539, 144, 1000, 2),
(540, 156, 1011, 2),
(541, 110, 1174, 2),
(542, 147, 1004, 2),
(543, 134, 1129, 1),
(544, 215, 1029, 2),
(545, 211, 1060, 2),
(546, 1279, 1280, 2),
(547, 1279, 1281, 1),
(548, 1282, 1283, 2),
(549, 1282, 1284, 1),
(550, 90, 1151, 2),
(551, 173, 1090, 2),
(552, 192, 1074, 2),
(553, 1285, 1286, 2),
(554, 1285, 1287, 1),
(555, 105, 1169, 1),
(556, 157, 1012, 1),
(557, 118, 1107, 2),
(558, 71, 1222, 2),
(559, 104, 1168, 2),
(560, 104, 1168, 2),
(561, 104, 1168, 2),
(562, 1288, 1289, 1),
(563, 1288, 1290, 2),
(564, 71, 1222, 2),
(565, 1288, 1290, 2),
(566, 51, 1200, 2),
(567, 57, 1206, 2),
(568, 162, 1079, 1),
(569, 186, 1068, 1),
(570, 164, 1081, 2),
(571, 163, 1080, 2),
(572, 97, 1160, 2),
(573, 224, 1019, 1),
(574, 225, 1021, 1),
(575, 73, 1224, 2),
(576, 69, 1219, 2),
(577, 52, 1201, 2),
(578, 168, 1085, 1),
(579, 119, 1108, 2),
(580, 146, 1003, 2),
(581, 223, 1017, 2),
(582, 1291, 1292, 1),
(583, 1291, 1293, 2),
(584, 1294, 1295, 1),
(585, 1294, 1296, 2),
(586, 1297, 1298, 1),
(587, 1297, 1299, 2),
(588, 1300, 1301, 1),
(589, 1300, 1302, 2),
(590, 153, 1008, 1),
(591, 181, 1098, 2),
(592, 50, 1199, 1),
(593, 176, 1093, 2),
(594, 197, 1045, 2),
(595, 1303, 1304, 1),
(596, 1303, 1305, 2),
(597, 1306, 1307, 2),
(598, 1306, 1308, 1),
(599, 178, 1095, 1),
(600, 1309, 1310, 2),
(601, 1309, 1311, 1),
(602, 63, 1212, 1),
(603, 1312, 1313, 1),
(604, 1312, 1314, 2),
(605, 107, 1171, 1),
(606, 139, 996, 1),
(607, 139, 996, 1),
(608, 1315, 1316, 1),
(609, 1315, 1317, 2),
(610, 68, 1218, 1),
(611, 154, 1009, 2),
(612, 86, 1145, 2),
(613, 160, 1015, 2),
(614, 159, 1014, 2),
(615, 160, 1015, 2),
(616, 121, 1110, 2),
(617, 209, 1058, 2),
(618, 196, 1044, 2),
(619, 98, 1161, 2),
(620, 156, 1011, 2),
(621, 158, 1013, 2),
(622, 155, 1010, 1),
(623, 158, 1013, 2),
(624, 198, 1046, 2),
(625, 90, 1260, 2),
(626, 90, 1260, 2),
(627, 50, 1199, 1),
(628, 51, 1200, 2),
(629, 52, 1201, 2),
(630, 57, 1206, 2),
(631, 61, 1210, 1),
(632, 62, 1211, 2),
(633, 63, 1212, 1),
(634, 67, 1217, 1),
(635, 68, 1218, 1),
(636, 69, 1219, 2),
(637, 73, 1224, 2),
(638, 1303, 1305, 2),
(639, 78, 1137, 1),
(640, 79, 958, 2),
(641, 83, 1141, 2),
(642, 85, 1144, 2),
(643, 88, 1148, 2),
(644, 90, 1260, 2),
(645, 92, 1153, 2),
(646, 90, 1260, 2),
(647, 93, 1154, 1),
(648, 97, 1160, 2),
(649, 98, 1161, 2),
(650, 99, 1162, 2),
(651, 104, 1168, 2),
(652, 105, 1169, 1),
(653, 107, 1171, 1),
(654, 109, 1173, 2),
(655, 110, 1174, 2),
(656, 111, 1175, 2),
(657, 1271, 1273, 2),
(658, 1297, 1299, 2),
(659, 82, 1140, 2),
(660, 80, 1138, 2),
(661, 118, 1107, 2),
(662, 119, 1108, 2),
(663, 121, 1110, 2),
(664, 122, 1111, 2),
(665, 134, 1129, 1),
(666, 1274, 1318, 1),
(667, 1294, 1296, 2),
(668, 1300, 1302, 2),
(669, 139, 996, 1),
(670, 141, 976, 1),
(671, 142, 998, 1),
(672, 143, 999, 2),
(673, 144, 1000, 2),
(674, 145, 1002, 2),
(675, 146, 1003, 2),
(676, 147, 1004, 2),
(677, 148, 1001, 1),
(678, 147, 1004, 2),
(679, 151, 1007, 2),
(680, 153, 1008, 1),
(681, 154, 1009, 2),
(682, 156, 1011, 2),
(683, 157, 1012, 1),
(684, 158, 1013, 2),
(685, 159, 1014, 2),
(686, 160, 1015, 2),
(687, 1282, 1284, 1),
(688, 162, 1079, 1),
(689, 163, 1080, 2),
(690, 164, 1081, 2),
(691, 168, 1085, 1),
(692, 169, 1086, 1),
(693, 173, 1090, 2),
(694, 175, 1092, 2),
(695, 176, 1093, 2),
(696, 177, 1094, 2),
(697, 178, 1095, 1),
(698, 179, 1096, 2),
(699, 1306, 1308, 1),
(700, 1312, 1314, 2),
(701, 184, 1066, 1),
(702, 186, 1068, 1),
(703, 191, 1073, 2),
(704, 192, 1074, 2),
(705, 193, 1075, 2),
(706, 194, 1076, 2),
(707, 1259, 1261, 1),
(708, 1259, 1261, 1),
(709, 1259, 1260, 1),
(710, 1259, 1260, 1),
(711, 1262, 1264, 2),
(712, 1282, 1284, 1),
(713, 1285, 1287, 1),
(714, 198, 1046, 2),
(715, 1291, 1293, 2),
(716, 197, 1045, 2),
(717, 196, 1044, 2),
(718, 209, 1058, 2),
(719, 200, 1048, 2),
(720, 1276, 1278, 2),
(721, 206, 1054, 1),
(722, 210, 1059, 2),
(723, 207, 1055, 2),
(724, 201, 1049, 1),
(725, 199, 1047, 2),
(726, 199, 1047, 2),
(727, 212, 1061, 1),
(728, 211, 1060, 2),
(729, 1276, 1278, 2),
(730, 225, 1021, 1),
(731, 223, 1017, 2),
(732, 1309, 1311, 1),
(733, 224, 1019, 1),
(734, 227, 1025, 2),
(735, 227, 1025, 2),
(736, 1268, 1270, 2),
(737, 1279, 1281, 1),
(738, 1315, 1317, 2),
(739, 214, 1027, 2),
(740, 217, 1033, 2),
(741, 217, 1033, 1),
(742, 215, 1029, 2),
(743, 220, 1039, 2),
(744, 1274, 1318, 1),
(745, 79, 958, 2),
(746, 92, 1153, 2),
(747, 52, 1201, 2),
(748, 81, 1139, 1),
(749, 72, 1223, 1),
(750, 135, 1130, 2),
(751, 1319, 1320, 1),
(752, 1319, 1321, 2),
(753, 1322, 1323, 1),
(754, 1322, 1324, 2),
(755, 172, 1089, 1),
(756, 135, 1130, 2),
(757, 1325, 1326, 1),
(758, 1325, 1327, 2),
(759, 978, 1226, 2),
(760, 978, 1226, 2),
(761, 141, 976, 1),
(762, 113, 1177, 2),
(763, 101, 1164, 2),
(764, 113, 1177, 2),
(765, 120, 1109, 2),
(766, 978, 1226, 2),
(767, 978, 1226, 2),
(768, 113, 1177, 2),
(769, 101, 1164, 2),
(770, 60, 1209, 1),
(771, 64, 1213, 1),
(772, 64, 1213, 1),
(773, 53, 1202, 1),
(774, 189, 1071, 2),
(775, 1288, 1290, 2),
(776, 71, 1222, 2),
(777, 185, 1067, 1),
(778, 1336, 1337, 2),
(779, 1336, 1338, 1),
(780, 1339, 1340, 1),
(781, 1339, 1341, 2),
(782, 123, 1112, 2),
(783, 116, 1102, 2),
(784, 124, 1113, 1),
(785, 1339, 1341, 2),
(786, 185, 1067, 1),
(787, 116, 1102, 2),
(788, 116, 1102, 2),
(789, 1336, 1338, 1),
(790, 123, 1112, 2),
(791, 124, 1113, 1),
(792, 213, 1062, 1),
(793, 52, 1201, 2),
(794, 79, 958, 2),
(795, 92, 1153, 2),
(796, 113, 1177, 2),
(797, 1274, 1318, 1),
(798, 156, 1011, 2),
(799, 113, 1177, 2),
(800, 198, 1046, 2),
(802, 80, 1138, 2),
(803, 86, 1145, 2),
(804, 108, 1172, 1),
(805, 112, 1176, 2),
(806, 1342, 1343, 1),
(807, 1342, 1344, 2),
(808, 1342, 1344, 2),
(809, 1345, 1346, 2),
(810, 1345, 1347, 1),
(811, 1342, 1344, 2),
(812, 1342, 1344, 2),
(813, 1348, 1349, 1),
(814, 1348, 1350, 2),
(815, 1348, 1350, 2),
(816, 1342, 1344, 2),
(817, 1342, 1344, 2),
(818, 1345, 1347, 1),
(819, 1348, 1350, 2),
(820, 141, 976, 1),
(821, 141, 976, 1),
(822, 149, 1005, 1),
(823, 131, 1124, 2),
(824, 1300, 1302, 2),
(825, 1300, 1302, 2),
(826, 102, 1165, 2),
(827, 102, 1165, 2),
(828, 149, 1005, 2),
(829, 148, 1001, 1),
(831, 100, 1163, 2),
(832, 221, 1041, 2),
(833, 222, 1043, 2),
(834, 108, 1172, 1),
(835, 1365, 1366, 2),
(836, 1365, 1367, 1),
(837, 1365, 1367, 1),
(838, 195, 1077, 2),
(839, 1368, 1369, 2),
(840, 1368, 1370, 1),
(841, 1371, 1372, 2),
(842, 1371, 1373, 1),
(843, 1371, 1373, 1),
(844, 1374, 1375, 1),
(845, 1374, 1376, 2),
(846, 1371, 1373, 1),
(847, 1377, 1378, 2),
(848, 1377, 1379, 1),
(849, 1380, 1381, 1),
(850, 1380, 1382, 2),
(851, 1380, 1382, 2),
(852, 1383, 1384, 2),
(853, 1383, 1385, 1),
(854, 56, 1205, 1),
(855, 55, 1204, 1),
(856, 55, 1204, 1),
(857, 171, 1088, 2),
(858, 170, 1087, 2),
(859, 187, 1069, 2),
(860, 205, 1053, 2),
(861, 36, 1181, 2),
(862, 203, 1051, 2),
(863, 1386, 1387, 2),
(864, 1386, 1388, 1),
(865, 1386, 1388, 1),
(866, 140, 997, 2),
(867, 150, 1006, 1),
(868, 1389, 1390, 1),
(869, 1389, 1391, 2),
(870, 174, 1091, 2),
(871, 1393, 1394, 1),
(872, 1393, 1395, 2),
(873, 1396, 1397, 1),
(874, 1396, 1398, 2),
(875, 1399, 1400, 1),
(876, 1399, 1401, 2),
(877, 1402, 1403, 1),
(878, 1402, 1404, 2),
(879, 1405, 1406, 2),
(880, 1405, 1407, 1),
(881, 114, 1178, 2),
(882, 1377, 1379, 1),
(883, 136, 994, 2),
(884, 141, 976, 2),
(885, 188, 1070, 1),
(886, 159, 1014, 2),
(887, 160, 1015, 2),
(888, 139, 996, 1),
(889, 168, 1085, 1),
(890, 158, 1013, 2),
(891, 1365, 1367, 1),
(892, 1282, 1284, 1),
(893, 1408, 1409, 1),
(894, 1408, 1410, 2),
(895, 1402, 1404, 2),
(896, 188, 1070, 1),
(897, 137, 995, 2),
(898, 181, 1098, 2),
(899, 175, 1092, 2),
(900, 1411, 1412, 1),
(901, 1411, 1413, 2),
(902, 1414, 1415, 1),
(903, 1414, 1416, 2),
(904, 1417, 1418, 1),
(905, 1417, 1419, 2),
(906, 1420, 1421, 2),
(907, 1420, 1422, 1),
(908, 59, 1208, 2),
(909, 1423, 1424, 2),
(910, 1423, 1425, 1),
(911, 1426, 1427, 2),
(912, 1426, 1428, 1),
(913, 53, 1202, 1),
(914, 59, 1208, 2),
(915, 193, 1075, 2),
(916, 1262, 1264, 2),
(917, 213, 1062, 1),
(918, 198, 1046, 2),
(919, 141, 976, 2),
(920, 1377, 1379, 1),
(921, 120, 1109, 2),
(922, 223, 1017, 2),
(923, 219, 1037, 2),
(924, 219, 1037, 2),
(925, 1429, 1430, 1),
(926, 1429, 1431, 2),
(927, 1432, 1433, 2),
(928, 1432, 1434, 1),
(929, 198, 1046, 2),
(930, 1435, 1436, 2),
(931, 1435, 1437, 1),
(932, 181, 1098, 2),
(933, 181, 1098, 2),
(934, 213, 1062, 1),
(935, 161, 1078, 2),
(936, 181, 1098, 2),
(937, 1371, 1373, 1),
(938, 1265, 1267, 2),
(939, 120, 1109, 2),
(940, 1386, 1388, 1),
(941, 1438, 1439, 1),
(942, 1438, 1440, 2),
(943, 39, 1184, 2),
(944, 1441, 1442, 1),
(945, 1441, 1443, 2),
(946, 1444, 1445, 1),
(947, 1444, 1446, 2),
(948, 1447, 1448, 1),
(949, 1447, 1449, 2),
(950, 1450, 1451, 2),
(951, 1450, 1452, 1),
(952, 1453, 1454, 1),
(953, 1453, 1455, 2),
(954, 1456, 1457, 1),
(955, 1456, 1458, 2),
(956, 66, 1216, 2),
(957, 66, 1216, 2),
(958, 1459, 1460, 2),
(959, 1459, 1461, 1),
(960, 1462, 1463, 2),
(961, 1462, 1464, 1),
(962, 34, 1179, 9),
(963, 1465, 1466, 2),
(964, 1465, 1467, 1),
(965, 1468, 1469, 2),
(966, 1468, 1470, 1),
(967, 1471, 1472, 1),
(968, 1471, 1473, 2),
(969, 1462, 1464, 1),
(970, 180, 1097, 1),
(971, 181, 1098, 2),
(972, 1265, 1267, 2),
(973, 1462, 1464, 1),
(974, 1474, 1475, 1),
(975, 1474, 1476, 2),
(976, 1474, 1476, 2),
(977, 1444, 1446, 2),
(978, 1441, 1443, 2),
(979, 1453, 1455, 2),
(980, 1468, 1470, 1),
(981, 193, 1075, 2),
(982, 66, 1216, 2),
(983, 66, 1216, 2),
(984, 66, 1216, 2),
(985, 1438, 1440, 2),
(986, 1495, 1496, 1),
(987, 1495, 1497, 2),
(988, 1498, 1499, 1),
(989, 1498, 1500, 2),
(990, 48, 1197, 2),
(991, 1501, 1502, 2),
(992, 1501, 1503, 1),
(993, 1501, 1503, 1),
(994, 1504, 1505, 1),
(995, 1504, 1506, 2),
(996, 43, 1191, 2),
(997, 43, 1191, 2),
(998, 43, 1191, 2),
(999, 43, 1191, 2),
(1000, 43, 1191, 2),
(1001, 166, 1083, 2),
(1002, 166, 1083, 2),
(1003, 166, 1083, 2),
(1004, 164, 1081, 2),
(1005, 167, 1084, 2),
(1006, 165, 1082, 2),
(1007, 165, 1082, 2),
(1008, 183, 1065, 1),
(1009, 190, 1072, 2),
(1010, 190, 1072, 2),
(1011, 1462, 1464, 1),
(1012, 1462, 1464, 1),
(1013, 9, 1229, 2),
(1014, 10, 1231, 2),
(1015, 13, 1237, 2),
(1016, 14, 1239, 2),
(1017, 18, 1249, 2),
(1018, 19, 1251, 2),
(1019, 115, 1101, 1),
(1020, 117, 1106, 2),
(1021, 125, 1115, 2),
(1022, 126, 1117, 2),
(1023, 127, 1118, 2),
(1024, 128, 1120, 2),
(1025, 129, 1122, 2),
(1026, 130, 1123, 2),
(1027, 132, 1126, 2),
(1028, 133, 1128, 2),
(1029, 75, 1132, 2),
(1030, 76, 1134, 2),
(1031, 77, 1136, 2),
(1032, 84, 1143, 2),
(1033, 87, 1146, 2),
(1034, 89, 1150, 2),
(1035, 91, 1152, 1),
(1036, 94, 1156, 2),
(1037, 94, 1156, 2),
(1038, 95, 1158, 2),
(1039, 96, 1159, 2),
(1040, 103, 1167, 2),
(1041, 106, 1170, 1),
(1042, 35, 1180, 1),
(1043, 37, 1182, 1),
(1044, 38, 1183, 1),
(1045, 40, 1186, 2),
(1046, 41, 1188, 2),
(1047, 42, 1189, 2),
(1048, 44, 1192, 2),
(1049, 45, 1193, 1),
(1050, 46, 1195, 2),
(1051, 47, 1196, 2),
(1052, 49, 1198, 1),
(1053, 54, 1203, 1),
(1054, 54, 1203, 1),
(1055, 65, 1214, 2),
(1056, 70, 1221, 2),
(1057, 74, 1225, 1),
(1058, 980, 1227, 8),
(1059, 202, 1050, 2),
(1060, 216, 1031, 2),
(1061, 1507, 1508, 2),
(1062, 1507, 1509, 1),
(1063, 1510, 1511, 2),
(1064, 1510, 1512, 1),
(1065, 1408, 1410, 2),
(1066, 22, 1256, 2),
(1067, 17, 1247, 2),
(1068, 12, 1235, 2),
(1069, 11, 1233, 2),
(1070, 21, 1254, 2),
(1071, 1519, 1520, 2),
(1072, 1519, 1521, 9),
(1073, 129, 1122, 2),
(1074, 1522, 1523, 1),
(1075, 1522, 1524, 2),
(1076, 1522, 1524, 2),
(1077, 1525, 1526, 1),
(1078, 1525, 1527, 2),
(1079, 1528, 1529, 2),
(1080, 1528, 1530, 1),
(1082, 139, 996, 1),
(1083, 140, 997, 2),
(1084, 1282, 1284, 1),
(1085, 1288, 1290, 2),
(1086, 1405, 1407, 1),
(1087, 1501, 1503, 1),
(1088, 1, 993, 2),
(1089, 11, 1233, 2),
(1090, 12, 1235, 2),
(1091, 15, 1241, 2),
(1092, 16, 1245, 2),
(1093, 17, 1247, 2),
(1094, 21, 1254, 2),
(1095, 22, 1256, 2),
(1096, 23, 1258, 2),
(1097, 23, 1258, 2),
(1098, 36, 1181, 2),
(1099, 39, 1184, 2),
(1100, 79, 958, 2),
(1101, 1348, 1350, 2),
(1102, 88, 1148, 2),
(1103, 92, 1153, 2),
(1104, 1319, 1321, 2),
(1105, 1319, 1321, 2),
(1106, 1271, 1273, 2),
(1107, 93, 1154, 1),
(1108, 80, 1138, 2),
(1109, 81, 1139, 1),
(1110, 83, 1141, 2),
(1111, 82, 1140, 2),
(1112, 90, 1260, 2),
(1113, 78, 1137, 1),
(1114, 58, 1207, 1),
(1115, 67, 1217, 1),
(1116, 52, 1201, 2),
(1117, 1411, 1413, 2),
(1118, 50, 1199, 1),
(1119, 60, 1209, 1),
(1120, 55, 1204, 1),
(1121, 1303, 1305, 2),
(1122, 73, 1224, 2),
(1123, 1504, 1506, 2),
(1124, 62, 1211, 2),
(1125, 72, 1223, 1),
(1126, 63, 1212, 1),
(1127, 61, 1210, 1),
(1128, 1374, 1376, 2),
(1129, 50, 1199, 1),
(1130, 71, 1222, 2),
(1131, 63, 1212, 1),
(1132, 1558, 1559, 2),
(1133, 1558, 1560, 1),
(1134, 1558, 1560, 1),
(1135, 1561, 1562, 1),
(1136, 1561, 1563, 2),
(1137, 119, 1108, 2),
(1138, 123, 1112, 2),
(1139, 120, 1109, 2),
(1140, 122, 1111, 2),
(1141, 129, 1122, 2),
(1142, 1274, 1318, 1),
(1143, 118, 1107, 2),
(1144, 121, 1110, 2),
(1145, 1294, 1296, 2),
(1146, 1368, 1370, 1),
(1147, 134, 1129, 1),
(1148, 1342, 1344, 2),
(1149, 1414, 1416, 2),
(1150, 124, 1113, 1),
(1151, 1564, 1565, 2),
(1152, 1564, 1566, 1),
(1153, 1567, 1568, 1),
(1154, 1567, 1569, 2),
(1155, 1300, 1302, 2),
(1156, 1571, 1572, 2),
(1157, 1571, 1573, 1),
(1158, 100, 1163, 2),
(1159, 107, 1171, 1),
(1160, 107, 1171, 1),
(1161, 109, 1173, 2),
(1162, 105, 1169, 1),
(1163, 99, 1162, 2),
(1164, 1377, 1379, 1),
(1165, 1297, 1299, 2),
(1166, 102, 1165, 2),
(1167, 101, 1164, 2),
(1168, 1380, 1382, 2),
(1169, 1336, 1338, 1),
(1170, 108, 1172, 1),
(1171, 1574, 1575, 2),
(1172, 1574, 1576, 1),
(1173, 1577, 1578, 2),
(1174, 1577, 1579, 1),
(1175, 141, 976, 2),
(1176, 153, 1008, 1),
(1177, 142, 998, 1),
(1178, 158, 1013, 2),
(1179, 137, 995, 2),
(1180, 154, 1009, 2),
(1181, 149, 1005, 2),
(1182, 144, 1000, 2),
(1183, 145, 1002, 2),
(1184, 136, 994, 2),
(1185, 151, 1007, 2),
(1186, 148, 1001, 1),
(1187, 147, 1004, 2),
(1188, 146, 1003, 2),
(1189, 157, 1012, 1),
(1190, 159, 1014, 2),
(1191, 159, 1014, 2),
(1192, 160, 1015, 2),
(1193, 150, 1006, 1),
(1194, 156, 1011, 2),
(1195, 1405, 1407, 1),
(1196, 1405, 1407, 1),
(1197, 1580, 1581, 1),
(1198, 1580, 1582, 2),
(1199, 1583, 1584, 1),
(1200, 1583, 1585, 2),
(1202, 1588, 1589, 1),
(1203, 1588, 1590, 2),
(1204, 1591, 1592, 1),
(1205, 1591, 1593, 2),
(1206, 1594, 1595, 2),
(1207, 1594, 1596, 1),
(1208, 161, 1078, 2),
(1209, 1306, 1308, 1),
(1210, 172, 1089, 1),
(1211, 173, 1090, 2),
(1212, 1312, 1314, 2),
(1213, 169, 1086, 1),
(1214, 174, 1091, 2),
(1215, 1597, 1598, 1),
(1216, 1597, 1599, 2),
(1217, 175, 1092, 2),
(1218, 178, 1095, 1),
(1219, 162, 1079, 1),
(1220, 168, 1085, 1),
(1221, 181, 1098, 2),
(1222, 180, 1097, 1),
(1223, 171, 1088, 2),
(1224, 1600, 1601, 2),
(1225, 1600, 1602, 1),
(1226, 1603, 1604, 2),
(1227, 1603, 1605, 1),
(1228, 1259, 1260, 1),
(1229, 191, 1073, 2),
(1230, 1393, 1395, 2),
(1231, 188, 1070, 1),
(1232, 192, 1074, 2),
(1233, 195, 1077, 2),
(1234, 1285, 1287, 1),
(1235, 1435, 1437, 1),
(1236, 189, 1071, 2),
(1237, 194, 1076, 2),
(1238, 184, 1066, 1),
(1239, 1262, 1264, 2),
(1240, 193, 1075, 2),
(1241, 190, 1072, 2),
(1242, 190, 1072, 2),
(1243, 1606, 1607, 1),
(1244, 1606, 1608, 2),
(1245, 1609, 1610, 1),
(1246, 1609, 1611, 2),
(1247, 1612, 1613, 1),
(1248, 1612, 1614, 2),
(1249, 1339, 1341, 2),
(1250, 1474, 1476, 2),
(1251, 1417, 1419, 2),
(1252, 203, 1051, 2),
(1253, 212, 1061, 1),
(1254, 205, 1053, 2),
(1255, 1322, 1324, 2),
(1256, 198, 1046, 2),
(1257, 207, 1055, 2),
(1258, 196, 1044, 2),
(1259, 1432, 1434, 1),
(1260, 206, 1054, 1),
(1261, 1276, 1278, 2),
(1262, 1498, 1500, 2),
(1263, 210, 1059, 2),
(1264, 201, 1049, 1),
(1265, 213, 1062, 1),
(1266, 1429, 1431, 2),
(1267, 1291, 1293, 2),
(1268, 200, 1048, 2),
(1269, 197, 1045, 2),
(1270, 1615, 1616, 2),
(1271, 1615, 1617, 1),
(1272, 211, 1060, 2),
(1273, 1618, 1619, 1),
(1274, 1618, 1620, 2),
(1275, 1621, 1622, 2),
(1276, 1621, 1623, 1),
(1277, 1624, 1625, 2),
(1278, 1624, 1626, 1),
(1279, 1580, 1582, 2),
(1280, 1405, 1407, 1),
(1281, 1583, 1585, 2),
(1282, 1444, 1446, 2),
(1283, 1627, 1628, 1),
(1284, 1627, 1629, 2),
(1285, 1627, 1629, 2),
(1286, 1630, 1631, 1),
(1287, 1630, 1632, 2),
(1288, 1402, 1404, 2),
(1289, 221, 1041, 2),
(1290, 217, 1033, 1),
(1291, 219, 1037, 2),
(1292, 214, 1027, 2),
(1293, 1389, 1391, 2),
(1294, 220, 1039, 1),
(1295, 222, 1043, 2),
(1296, 215, 1029, 2),
(1297, 1528, 1530, 1),
(1298, 1315, 1317, 2),
(1299, 1468, 1470, 1),
(1300, 1633, 1634, 1),
(1301, 1633, 1635, 2),
(1302, 1636, 1637, 2),
(1303, 1636, 1638, 1),
(1305, 1525, 1527, 2),
(1306, 1408, 1410, 2),
(1307, 978, 1226, 2),
(1308, 48, 1197, 2),
(1309, 43, 1191, 2),
(1310, 34, 1179, 9),
(1311, 1522, 1524, 2),
(1312, 1495, 1497, 2),
(1313, 1438, 1440, 2),
(1314, 1383, 1385, 1),
(1315, 1345, 1347, 1),
(1316, 69, 1219, 2),
(1317, 68, 1218, 1),
(1318, 66, 1216, 2),
(1319, 64, 1213, 1),
(1320, 59, 1208, 2),
(1321, 57, 1206, 2),
(1322, 56, 1205, 1),
(1323, 86, 1145, 2),
(1324, 1386, 1388, 1),
(1325, 1325, 1327, 2),
(1326, 135, 1130, 2),
(1327, 131, 1124, 2),
(1328, 116, 1102, 2),
(1329, 114, 1178, 2),
(1330, 113, 1177, 2),
(1331, 111, 1175, 2),
(1332, 110, 1174, 2),
(1333, 104, 1168, 2),
(1334, 100, 1163, 2),
(1335, 98, 1161, 2),
(1336, 97, 1160, 2),
(1337, 163, 1080, 2),
(1338, 170, 1087, 2),
(1339, 176, 1093, 2),
(1340, 177, 1094, 2),
(1341, 179, 1096, 2),
(1342, 1265, 1267, 2),
(1343, 1371, 1373, 1),
(1344, 1462, 1464, 1),
(1345, 186, 1068, 1),
(1346, 187, 1069, 2),
(1347, 1396, 1398, 2),
(1348, 1456, 1458, 2),
(1349, 209, 1058, 2),
(1350, 1365, 1367, 1),
(1351, 223, 1017, 2),
(1352, 1510, 1512, 1),
(1353, 1268, 1270, 2),
(1354, 1630, 1632, 2),
(1355, 1399, 1401, 2),
(1356, 1453, 1455, 2),
(1357, 1507, 1509, 1),
(1358, 1641, 1642, 2),
(1359, 1641, 1643, 1),
(1360, 1644, 1645, 1),
(1361, 1644, 1646, 2),
(1362, 1647, 1648, 2),
(1364, 1651, 1652, 2),
(1365, 1651, 1653, 1),
(1366, 1654, 1655, 2),
(1367, 1656, 1657, 2),
(1368, 1656, 1658, 2),
(1369, 1279, 1281, 1),
(1370, 1465, 1467, 1),
(1371, 1659, 1660, 1),
(1372, 1659, 1661, 2),
(1373, 1662, 1663, 1),
(1374, 1662, 1664, 2),
(1375, 1665, 1666, 1),
(1376, 1665, 1667, 2),
(1377, 1668, 1669, 2),
(1378, 1668, 1670, 1),
(1379, 1671, 1672, 2),
(1380, 1671, 1673, 1),
(1381, 1300, 1302, 2),
(1382, 78, 1137, 1),
(1383, 1674, 1675, 2),
(1384, 141, 976, 2),
(1385, 1677, 1678, 1),
(1386, 1677, 1679, 2),
(1387, 1677, 1680, 1),
(1388, 1677, 1681, 2),
(1389, 1682, 1683, 1),
(1390, 1682, 1684, 2),
(1391, 1685, 1686, 1),
(1392, 1685, 1687, 2),
(1393, 1688, 1689, 1),
(1394, 1688, 1690, 2),
(1395, 1691, 1692, 1),
(1396, 1691, 1693, 2),
(1397, 139, 996, 1),
(1398, 139, 996, 1),
(1399, 44, 1192, 2),
(1400, 141, 976, 2),
(1401, 141, 976, 2),
(1402, 141, 976, 2),
(1403, 141, 976, 2),
(1404, 148, 1001, 1),
(1405, 148, 1001, 1),
(1406, 1571, 1573, 1),
(1407, 147, 1004, 2),
(1408, 1558, 1560, 1),
(1409, 1504, 1506, 2),
(1410, 1411, 1413, 2),
(1411, 1374, 1376, 2),
(1412, 1303, 1305, 2),
(1413, 73, 1224, 2),
(1414, 72, 1223, 1),
(1415, 71, 1222, 2),
(1416, 67, 1217, 1),
(1417, 63, 1212, 1),
(1418, 62, 1211, 2),
(1419, 61, 1210, 1),
(1420, 60, 1209, 1),
(1421, 58, 1207, 1),
(1422, 55, 1204, 1),
(1423, 52, 1201, 2),
(1424, 52, 1201, 2),
(1425, 51, 1200, 2),
(1426, 50, 1199, 1),
(1427, 44, 1192, 2),
(1428, 36, 1181, 2),
(1429, 1577, 1579, 1),
(1430, 1348, 1350, 2),
(1431, 1319, 1321, 2),
(1432, 1297, 1299, 2),
(1433, 1336, 1338, 1),
(1434, 1377, 1379, 1),
(1435, 1380, 1382, 2),
(1436, 112, 1176, 2),
(1437, 109, 1173, 2),
(1438, 108, 1172, 1),
(1439, 107, 1171, 1),
(1440, 105, 1169, 1),
(1441, 101, 1164, 2),
(1442, 93, 1154, 1),
(1443, 99, 1162, 2),
(1444, 83, 1141, 2),
(1445, 82, 1140, 2),
(1446, 81, 1139, 1),
(1447, 80, 1138, 2),
(1448, 79, 958, 2),
(1449, 1656, 1658, 2),
(1450, 1583, 1585, 2),
(1451, 1580, 1582, 2),
(1452, 1567, 1569, 2),
(1453, 1414, 1416, 2),
(1454, 1405, 1407, 1),
(1455, 1368, 1370, 1),
(1456, 1342, 1344, 2),
(1457, 1294, 1296, 2),
(1458, 1274, 1318, 1),
(1459, 160, 1015, 2),
(1460, 159, 1014, 2),
(1461, 158, 1013, 2),
(1462, 158, 1013, 2),
(1463, 157, 1012, 1),
(1464, 156, 1011, 2),
(1465, 154, 1009, 2),
(1466, 153, 1008, 1),
(1467, 151, 1007, 2),
(1468, 150, 1006, 1),
(1469, 149, 1005, 2),
(1470, 146, 1003, 2),
(1471, 145, 1002, 2),
(1472, 144, 1000, 2),
(1473, 143, 999, 2),
(1474, 142, 998, 1),
(1475, 139, 996, 1),
(1476, 137, 995, 2),
(1477, 134, 1129, 1),
(1478, 129, 1122, 2),
(1479, 124, 1113, 1),
(1480, 123, 1112, 2),
(1481, 122, 1111, 2),
(1482, 121, 1110, 2),
(1483, 120, 1109, 2),
(1484, 118, 1107, 2),
(1485, 1600, 1602, 1),
(1486, 1597, 1599, 2),
(1487, 1594, 1596, 1),
(1488, 1591, 1593, 2),
(1489, 1603, 1605, 1),
(1490, 1603, 1605, 1),
(1491, 1588, 1590, 2),
(1492, 191, 1073, 2),
(1493, 1306, 1308, 1),
(1494, 1312, 1314, 2),
(1495, 181, 1098, 2),
(1496, 180, 1097, 1),
(1497, 178, 1095, 1),
(1498, 175, 1092, 2),
(1499, 174, 1091, 2),
(1500, 173, 1090, 2),
(1501, 172, 1089, 1),
(1502, 171, 1088, 2),
(1503, 169, 1086, 1),
(1504, 168, 1085, 1),
(1505, 162, 1079, 1),
(1506, 161, 1078, 2),
(1507, 1644, 1646, 2),
(1508, 1636, 1638, 1),
(1509, 1633, 1635, 2),
(1510, 1471, 1473, 2),
(1511, 1468, 1470, 1),
(1512, 1402, 1404, 2),
(1513, 1389, 1391, 2),
(1514, 1315, 1317, 2),
(1515, 222, 1043, 2),
(1516, 221, 1041, 2),
(1517, 220, 1039, 1),
(1518, 220, 1039, 1),
(1519, 219, 1037, 2),
(1520, 217, 1033, 1),
(1521, 215, 1029, 2),
(1522, 214, 1027, 2),
(1523, 1682, 1684, 2),
(1524, 1624, 1626, 1),
(1525, 1621, 1623, 1),
(1526, 1615, 1617, 1),
(1527, 1498, 1500, 2),
(1528, 1474, 1476, 2),
(1529, 1432, 1434, 1),
(1530, 1429, 1431, 2),
(1531, 1417, 1419, 2),
(1532, 1339, 1341, 2),
(1533, 1322, 1324, 2),
(1534, 1291, 1293, 2),
(1535, 1276, 1278, 2),
(1536, 213, 1062, 1),
(1537, 212, 1061, 1),
(1538, 211, 1060, 2),
(1539, 210, 1059, 2),
(1540, 207, 1055, 2),
(1541, 206, 1054, 1),
(1542, 205, 1053, 2),
(1543, 203, 1051, 2),
(1544, 201, 1049, 1),
(1545, 201, 1049, 1),
(1546, 200, 1048, 2),
(1547, 199, 1047, 2),
(1548, 198, 1046, 2),
(1549, 197, 1045, 2),
(1550, 196, 1044, 2),
(1551, 141, 976, 2),
(1552, 141, 976, 2),
(1553, 141, 976, 2);

-- --------------------------------------------------------

--
-- Table structure for table `entidaderesp_escalao`
--

CREATE TABLE `entidaderesp_escalao` (
  `ID_Entidade` int(11) NOT NULL,
  `ID_Escalao` int(11) NOT NULL
) ENGINE=InnoDB DEFAULT CHARSET=utf8 COLLATE=utf8_unicode_ci ROW_FORMAT=COMPACT;

--
-- Dumping data for table `entidaderesp_escalao`
--

INSERT INTO `entidaderesp_escalao` (`ID_Entidade`, `ID_Escalao`) VALUES
(976, 4);

-- --------------------------------------------------------

--
-- Table structure for table `entidade_escalao`
--

CREATE TABLE `entidade_escalao` (
  `ID_Entidade` int(11) NOT NULL,
  `ID_Escalao` int(11) NOT NULL
) ENGINE=InnoDB DEFAULT CHARSET=utf8 COLLATE=utf8_unicode_ci ROW_FORMAT=COMPACT;

--
-- Dumping data for table `entidade_escalao`
--

INSERT INTO `entidade_escalao` (`ID_Entidade`, `ID_Escalao`) VALUES
(1, 9),
(2, 9),
(3, 9),
(4, 9),
(5, 9),
(6, 9),
(7, 9),
(8, 9),
(9, 9),
(10, 9),
(11, 9),
(12, 9),
(13, 9),
(14, 9),
(15, 9),
(16, 9),
(17, 9),
(18, 9),
(19, 9),
(20, 9),
(21, 9),
(22, 9),
(23, 9),
(24, 8),
(25, 8),
(26, 8),
(27, 8),
(28, 8),
(29, 8),
(30, 8),
(31, 8),
(32, 8),
(33, 8),
(34, 8),
(35, 8),
(36, 8),
(37, 8),
(38, 8),
(39, 8),
(40, 8),
(41, 8),
(42, 8),
(43, 8),
(44, 8),
(45, 8),
(46, 8),
(47, 8),
(48, 8),
(49, 8),
(50, 7),
(51, 7),
(52, 7),
(53, 7),
(54, 7),
(55, 7),
(56, 7),
(57, 7),
(58, 7),
(59, 7),
(60, 7),
(61, 7),
(62, 7),
(63, 7),
(64, 7),
(65, 7),
(66, 7),
(67, 7),
(68, 7),
(69, 7),
(70, 7),
(71, 7),
(72, 7),
(73, 7),
(74, 7),
(75, 7),
(76, 7),
(77, 7),
(78, 7),
(79, 7),
(80, 7),
(81, 7),
(82, 7),
(83, 7),
(84, 7),
(85, 7),
(86, 7),
(87, 7),
(88, 7),
(89, 7),
(90, 7),
(91, 7),
(92, 7),
(93, 7),
(94, 6),
(95, 6),
(96, 6),
(97, 6),
(98, 6),
(99, 6),
(100, 6),
(101, 6),
(102, 6),
(103, 6),
(104, 6),
(105, 6),
(106, 6),
(107, 6),
(108, 6),
(109, 6),
(110, 6),
(111, 6),
(112, 6),
(113, 6),
(114, 6),
(115, 5),
(116, 5),
(117, 5),
(118, 5),
(119, 5),
(120, 5),
(121, 5),
(122, 5),
(123, 5),
(124, 5),
(125, 5),
(126, 5),
(127, 5),
(128, 5),
(129, 5),
(130, 5),
(131, 5),
(132, 5),
(133, 5),
(134, 5),
(135, 5),
(136, 4),
(137, 4),
(138, 4),
(139, 4),
(140, 4),
(141, 4),
(142, 4),
(143, 4),
(144, 4),
(145, 4),
(146, 4),
(147, 4),
(148, 4),
(149, 4),
(150, 4),
(151, 4),
(152, 4),
(153, 4),
(154, 4),
(155, 4),
(156, 4),
(157, 4),
(158, 4),
(159, 4),
(160, 4),
(161, 3),
(162, 3),
(163, 3),
(164, 3),
(165, 3),
(166, 3),
(167, 3),
(168, 3),
(169, 3),
(170, 3),
(171, 3),
(172, 3),
(173, 3),
(174, 3),
(175, 3),
(176, 3),
(177, 3),
(178, 3),
(179, 3),
(180, 3),
(181, 3),
(182, 2),
(183, 2),
(184, 2),
(185, 2),
(186, 2),
(187, 2),
(188, 2),
(189, 2),
(190, 2),
(191, 2),
(192, 2),
(193, 2),
(194, 2),
(195, 2),
(196, 1),
(197, 1),
(198, 1),
(199, 1),
(200, 1),
(201, 1),
(202, 1),
(203, 1),
(204, 1),
(205, 1),
(206, 1),
(207, 1),
(208, 1),
(209, 1),
(210, 1),
(211, 1),
(212, 1),
(213, 1),
(214, 11),
(215, 11),
(216, 11),
(217, 11),
(218, 11),
(219, 11),
(220, 11),
(221, 11),
(222, 11),
(223, 11),
(224, 11),
(225, 11),
(226, 11),
(227, 11),
(228, 10),
(229, 10),
(230, 10),
(231, 10),
(232, 10),
(233, 10),
(234, 10),
(235, 10),
(236, 10),
(237, 10),
(238, 10),
(239, 10),
(240, 10),
(241, 10),
(242, 10),
(243, 10),
(244, 10),
(245, 10);

-- --------------------------------------------------------

--
-- Table structure for table `entidade_modalidade`
--

CREATE TABLE `entidade_modalidade` (
  `ID_Entidade` int(11) NOT NULL,
  `ID_Modalidade` int(11) NOT NULL
) ENGINE=InnoDB DEFAULT CHARSET=utf8 COLLATE=utf8_unicode_ci ROW_FORMAT=COMPACT;

--
-- Dumping data for table `entidade_modalidade`
--

INSERT INTO `entidade_modalidade` (`ID_Entidade`, `ID_Modalidade`) VALUES
(1, 1),
(2, 1),
(3, 1),
(4, 1),
(5, 1),
(9, 1),
(10, 1),
(11, 1),
(12, 1),
(13, 1),
(14, 1),
(15, 1),
(16, 1),
(17, 1),
(18, 1),
(19, 1),
(20, 1),
(21, 1),
(22, 1),
(23, 1),
(24, 1),
(25, 1),
(26, 1),
(27, 1),
(28, 1),
(29, 1),
(30, 1),
(31, 1),
(32, 1),
(34, 1),
(35, 1),
(36, 1),
(37, 1),
(38, 1),
(39, 1),
(40, 1),
(41, 1),
(42, 1),
(43, 1),
(44, 1),
(45, 1),
(46, 1),
(47, 1),
(48, 1),
(49, 1),
(50, 1),
(51, 1),
(52, 1),
(53, 1),
(54, 1),
(55, 1),
(56, 1),
(57, 1),
(58, 1),
(59, 1),
(60, 1),
(61, 1),
(62, 1),
(63, 1),
(64, 1),
(65, 1),
(66, 1),
(67, 1),
(68, 1),
(69, 1),
(70, 1),
(71, 1),
(72, 1),
(73, 1),
(74, 1),
(75, 1),
(76, 1),
(77, 1),
(78, 1),
(79, 1),
(80, 1),
(81, 1),
(82, 1),
(83, 1),
(84, 1),
(85, 1),
(86, 1),
(87, 1),
(88, 1),
(89, 1),
(90, 1),
(91, 1),
(92, 1),
(93, 1),
(94, 1),
(95, 1),
(96, 1),
(97, 1),
(98, 1),
(99, 1),
(100, 1),
(101, 1),
(102, 1),
(103, 1),
(104, 1),
(105, 1),
(106, 1),
(107, 1),
(108, 1),
(109, 1),
(110, 1),
(111, 1),
(112, 1),
(113, 1),
(114, 1),
(115, 1),
(116, 1),
(117, 1),
(118, 1),
(119, 1),
(120, 1),
(121, 1),
(122, 1),
(123, 1),
(124, 1),
(125, 1),
(126, 1),
(127, 1),
(128, 1),
(129, 1),
(130, 1),
(131, 1),
(132, 1),
(133, 1),
(134, 1),
(135, 1),
(136, 1),
(137, 1),
(138, 1),
(139, 1),
(140, 1),
(141, 1),
(142, 1),
(143, 1),
(144, 1),
(145, 1),
(146, 1),
(147, 1),
(148, 1),
(149, 1),
(150, 1),
(151, 1),
(152, 1),
(153, 1),
(154, 1),
(155, 1),
(156, 1),
(157, 1),
(158, 1),
(159, 1),
(160, 1),
(161, 1),
(162, 1),
(163, 1),
(164, 1),
(165, 1),
(166, 1),
(167, 1),
(168, 1),
(169, 1),
(170, 1),
(171, 1),
(172, 1),
(173, 1),
(174, 1),
(175, 1),
(176, 1),
(177, 1),
(178, 1),
(179, 1),
(180, 1),
(181, 1),
(182, 1),
(183, 1),
(184, 1),
(185, 1),
(186, 1),
(187, 1),
(188, 1),
(189, 1),
(190, 1),
(191, 1),
(192, 1),
(193, 1),
(194, 1),
(195, 1),
(196, 1),
(197, 1),
(198, 1),
(199, 1),
(200, 1),
(201, 1),
(202, 1),
(203, 1),
(204, 1),
(205, 1),
(206, 1),
(207, 1),
(208, 1),
(209, 1),
(210, 1),
(211, 1),
(212, 1),
(213, 1),
(214, 1),
(215, 1),
(216, 1),
(217, 1),
(219, 1),
(220, 1),
(221, 1),
(222, 1),
(223, 1),
(224, 1),
(225, 1),
(226, 1),
(227, 1),
(228, 1),
(229, 1),
(230, 1),
(231, 1),
(232, 1),
(233, 1),
(234, 1),
(235, 1),
(236, 1),
(237, 1),
(238, 1),
(239, 1),
(240, 1),
(241, 1),
(242, 1),
(243, 1),
(244, 1),
(245, 1),
(978, 1),
(980, 1),
(984, 1),
(1259, 1),
(1262, 1),
(1265, 1),
(1268, 1),
(1271, 1),
(1274, 1),
(1276, 1),
(1279, 1),
(1282, 1),
(1285, 1),
(1288, 1),
(1291, 1),
(1294, 1),
(1297, 1),
(1300, 1),
(1303, 1),
(1306, 1),
(1309, 1),
(1312, 1),
(1315, 1),
(1319, 1),
(1322, 1),
(1325, 1),
(1330, 1),
(1331, 1),
(1332, 1),
(1333, 1),
(1334, 1),
(1335, 1),
(1336, 1),
(1339, 1),
(1342, 1),
(1345, 1),
(1348, 1),
(1351, 1),
(1352, 1),
(1353, 1),
(1354, 1),
(1355, 1),
(1356, 1),
(1358, 1),
(1359, 1),
(1360, 1),
(1361, 1),
(1362, 1),
(1363, 1),
(1365, 1),
(1368, 1),
(1371, 1),
(1374, 1),
(1377, 1),
(1380, 1),
(1383, 1),
(1386, 1),
(1389, 1),
(1393, 1),
(1396, 1),
(1399, 1),
(1402, 1),
(1405, 1),
(1408, 1),
(1411, 1),
(1414, 1),
(1417, 1),
(1420, 1),
(1423, 1),
(1426, 1),
(1429, 1),
(1432, 1),
(1435, 1),
(1438, 1),
(1441, 1),
(1444, 1),
(1447, 1),
(1450, 1),
(1453, 1),
(1456, 1),
(1459, 1),
(1462, 1),
(1465, 1),
(1468, 1),
(1471, 1),
(1474, 1),
(1477, 1),
(1478, 1),
(1479, 1),
(1480, 1),
(1481, 1),
(1483, 1),
(1495, 1),
(1498, 1),
(1501, 1),
(1504, 1),
(1507, 1),
(1510, 1),
(1513, 1),
(1514, 1),
(1515, 1),
(1516, 1),
(1517, 1),
(1518, 1),
(1519, 1),
(1522, 1),
(1525, 1),
(1528, 1),
(1531, 1),
(1533, 1),
(1534, 1),
(1535, 1),
(1536, 1),
(1537, 1),
(1538, 1),
(1539, 1),
(1540, 1),
(1541, 1),
(1542, 1),
(1543, 1),
(1544, 1),
(1545, 1),
(1546, 1),
(1547, 1),
(1548, 1),
(1549, 1),
(1550, 1),
(1552, 1),
(1553, 1),
(1554, 1),
(1555, 1),
(1556, 1),
(1557, 1),
(1558, 1),
(1561, 1),
(1564, 1),
(1567, 1),
(1570, 1),
(1571, 1),
(1574, 1),
(1577, 1),
(1580, 1),
(1583, 1),
(1586, 1),
(1588, 1),
(1591, 1),
(1594, 1),
(1597, 1),
(1600, 1),
(1603, 1),
(1606, 1),
(1609, 1),
(1612, 1),
(1615, 1),
(1618, 1),
(1621, 1),
(1624, 1),
(1627, 1),
(1630, 1),
(1633, 1),
(1636, 1),
(1639, 1),
(1641, 1),
(1644, 1),
(1647, 1),
(1649, 1),
(1651, 1),
(1654, 1),
(1656, 1),
(1659, 1),
(1662, 1),
(1665, 1),
(1668, 1),
(1671, 1),
(1674, 1),
(1677, 1),
(1682, 1),
(1685, 1),
(1688, 1),
(1691, 1);

-- --------------------------------------------------------

--
-- Table structure for table `epoca`
--

CREATE TABLE `epoca` (
  `ID_epoca` int(11) NOT NULL,
  `Nome` varchar(255) COLLATE utf8_unicode_ci NOT NULL,
  `DataInicio` date NOT NULL,
  `DataFim` date NOT NULL
) ENGINE=InnoDB DEFAULT CHARSET=utf8 COLLATE=utf8_unicode_ci ROW_FORMAT=COMPACT;

--
-- Dumping data for table `epoca`
--

INSERT INTO `epoca` (`ID_epoca`, `Nome`, `DataInicio`, `DataFim`) VALUES
(2, '2016-2017', '2016-07-01', '2017-06-23'),
(3, '2017-2018', '2017-06-24', '2018-06-19'),
(4, '2018-2019', '2018-06-19', '2019-06-20'),
(5, '2019-2020', '2019-06-21', '2020-06-20');

-- --------------------------------------------------------

--
-- Table structure for table `equipajogo`
--

CREATE TABLE `equipajogo` (
  `TempoJogado` int(11) NOT NULL DEFAULT '0',
  `ID_Jornada` int(11) NOT NULL,
  `ID_Entidade` int(11) NOT NULL
) ENGINE=InnoDB DEFAULT CHARSET=utf8 COLLATE=utf8_unicode_ci ROW_FORMAT=COMPACT;

-- --------------------------------------------------------

--
-- Table structure for table `equipamento`
--

CREATE TABLE `equipamento` (
  `ID_equipamento` int(11) NOT NULL,
  `Nome` varchar(255) COLLATE utf8_unicode_ci NOT NULL,
  `Numero` int(11) NOT NULL,
  `REF_Tamanho` int(11) DEFAULT NULL,
  `observacoes` longtext COLLATE utf8_unicode_ci NOT NULL,
  `REF_Epoca` int(11) DEFAULT NULL
) ENGINE=InnoDB DEFAULT CHARSET=utf8 COLLATE=utf8_unicode_ci ROW_FORMAT=COMPACT;

--
-- Dumping data for table `equipamento`
--

INSERT INTO `equipamento` (`ID_equipamento`, `Nome`, `Numero`, `REF_Tamanho`, `observacoes`, `REF_Epoca`) VALUES
(2, 'Alex', 7, 10, '', 5),
(3, 'Santi', 10, 9, '', NULL),
(4, 'Tony', 70, 10, '', NULL),
(5, 'Moreira', 98, 3, '', NULL),
(6, 'Afonso Couto', 17, 8, '', NULL),
(7, 'Pedro Couto', 17, 8, '', NULL),
(8, 'J. Penajóia', 53, 9, '', NULL),
(9, 'Ricardinho', 40, 10, '', NULL),
(10, 'Tiago Vieira', 20, 8, '', NULL),
(11, 'Vieira', 12, 2, 'Guarda Redes', NULL),
(12, 'Rúben Teques', 10, 9, '', NULL),
(13, 'Lálu', 93, 10, '', NULL),
(14, 'G. Marques', 9, 9, '', NULL),
(15, 'M. Almeida', 17, 3, '', NULL),
(16, 'Gonçalo A.', 11, 3, '', NULL),
(18, 'Almeida', 17, 10, '', NULL),
(19, 'José Carlos', 7, 9, '', NULL),
(20, 'Lucas', 11, 9, '', NULL),
(21, 'Bruno', 4, 3, '', NULL),
(22, 'Mário Manuel', 8, 3, '', NULL),
(23, 'Tomé', 99, 10, '', NULL),
(25, 'Hugo', 6, 10, '', NULL),
(26, 'Rodrigo', 19, 3, '', NULL),
(27, 'Resende', 6, 2, '', NULL),
(28, 'Simão R.', 90, 11, '', NULL),
(29, 'Gui', 9, 11, '', NULL),
(30, 'Naia', 71, 2, '', NULL),
(31, 'Miguel', 91, 10, '', NULL),
(32, 'Dinis Bandeira', 99, 9, '', NULL),
(33, 'Rodrigo F.', 19, 8, '', NULL),
(34, 'Tomás', 97, 7, '', NULL),
(35, 'Paulo Freire', 59, 8, '', NULL),
(36, 'Dinis Tavares', 77, 9, '', NULL),
(37, 'Castro', 20, 10, '', NULL),
(38, 'Rafa', 42, 8, '', NULL),
(39, 'P. Oliveira', 8, 11, 'img_9255', NULL),
(40, 'G. Lopes', 5, 2, '', NULL),
(41, 'Francisco', 74, 10, 'Guarda Redes', NULL),
(42, 'Daniel', 80, 9, '', NULL),
(43, 'Vieirinha', 3, 11, '', NULL),
(44, 'Salgado', 22, 11, '', NULL),
(45, 'Gil Fonseca', 76, 8, '', NULL),
(46, 'Daniel', 63, 3, '', NULL),
(47, 'Gonçalo R.', 11, 2, '', NULL),
(48, 'Alves', 13, 10, '', NULL),
(49, 'Tiago Rafael', 7, 9, '', NULL),
(50, 'Racel', 97, 2, '', NULL),
(51, 'Simão Cruz', 20, 11, '', NULL),
(52, 'César', 1, 11, 'Guarda Redes', NULL),
(53, 'G. Machado', 2, 2, '', NULL),
(54, 'Fima', 71, 11, '', NULL),
(55, 'Duarte Sousa', 15, 8, '', NULL),
(56, 'Martim G.', 41, 8, '', NULL),
(57, 'Miguel', 6, 8, '', NULL),
(58, 'Leandro R.', 3, 10, '', NULL),
(59, 'Quintas', 25, 11, '', NULL),
(60, 'Duda', 50, 9, '', NULL),
(61, 'João Pedro', 8, 8, '', NULL),
(62, 'Gui Moreira', 1, 10, '', NULL),
(63, 'Tiago Cunha', 45, 2, '', NULL),
(64, 'Vasco', 9, 10, '', NULL),
(65, 'J. Marques', 72, 10, '', NULL),
(66, 'Lando', 56, 3, '', NULL),
(67, 'Diogo Pereira', 16, 11, '', NULL),
(68, 'André Dias', 17, 10, '', NULL),
(69, 'Gui', 87, 2, '', NULL),
(70, 'Toni', 77, 2, '', NULL),
(71, 'A. Costa', 97, 11, '', NULL),
(72, 'Mendonça', 88, 9, '', NULL),
(73, 'B. Martim', 69, 10, '', NULL),
(74, 'Montenegro', 23, 11, '', NULL),
(75, 'Dinis', 14, 7, '', NULL),
(76, 'Gaspar', 13, 7, '', NULL),
(77, 'Duarte', 89, 3, '', NULL),
(78, 'Amaral', 66, 3, '', NULL),
(79, 'Diogo', 99, 3, 'Guarda Redes. Pedir uma camisola extra de manga comprida.', NULL),
(80, 'Tiago Pinto', 85, 10, '', NULL),
(81, 'João Pedro', 77, 11, '', NULL),
(82, 'Santi', 10, 10, '', NULL),
(83, 'Daniel Tavares', 9, 9, '', NULL),
(84, 'David Garcia', 45, 11, '', NULL),
(85, 'João Tomás', 82, 10, '', NULL),
(86, 'Mendonça', 26, 10, '', NULL),
(87, 'Ricardo', 79, 11, '', NULL),
(88, 'Nuno', 4, 9, '', NULL),
(89, 'Xavier Gonçalves', 52, 9, 'Xavier Gonçalves', NULL),
(90, 'Rúben Barge', 60, 3, '', NULL),
(91, 'Bruno R.', 63, 10, '', NULL),
(92, 'Dinis Garcia', 75, 8, '', NULL),
(93, 'Pedro', 92, 3, '', NULL),
(94, 'P. Gonçalo', 1, 3, 'Guarda Redes', NULL),
(95, 'Malafaia', 19, 10, '', NULL),
(96, 'Tomás Pereira', 62, 9, '', NULL),
(97, 'Camões', 72, 10, '', NULL),
(98, 'Santiago C.', 29, 7, '', NULL),
(99, 'Sousa', 73, 3, '', NULL),
(100, 'Martim Paiva', 81, 10, '', NULL),
(101, 'João Carvalho', 30, 2, '', NULL),
(102, 'Costeira', 27, 10, '', NULL),
(103, 'Samuel', 1, 8, '', NULL),
(104, 'Soutinho', 90, 2, '', NULL),
(105, 'Vianinha', 2, 10, '', NULL),
(106, 'A. Neves', 35, 3, '', NULL),
(107, 'Jonas', 21, 10, '', NULL),
(108, 'Afonso', 22, 10, '', NULL),
(109, 'Renato Matos', 84, 11, '', NULL),
(110, 'Manuel', 47, 8, '', NULL),
(111, 'Martim Ribeiro', 82, 8, '', NULL),
(112, 'Afonso', 15, 2, '', NULL),
(113, 'Rica', 12, 10, '', NULL),
(114, 'Nuno Mortágua', 95, 9, '', NULL),
(115, 'M. Matos', 10, 2, '', NULL),
(116, 'Samuca', 24, 10, '', NULL),
(117, 'J. P.', 23, 10, '', NULL),
(118, 'Bandeira', 14, 3, '', NULL),
(119, 'T. Santos', 75, 3, '', NULL),
(120, 'M. Dias', 18, 3, '', NULL),
(121, 'Ivo Valente', 55, 8, '', NULL),
(122, 'M. Pinto', 94, 9, '', NULL),
(123, 'Ivan', 78, 10, '', NULL),
(124, 'Jorge', 47, 2, '', NULL),
(125, 'Gonçalo Botte', 7, 11, '', NULL),
(126, 'Renato', 44, 2, 'Guarda Redes', NULL),
(127, 'Silva', 88, 11, 'Mais uma camisola de manga comprida', NULL),
(128, 'Marcelo', 72, 3, '', NULL),
(129, 'CDE', 4, 3, 'Calção M', NULL),
(130, 'J. Pinho', 16, 3, 'Calção M', NULL),
(131, 'CDE', 20, 2, 'Calção M', NULL),
(132, 'João Correia', 6, 3, 'Calção L', NULL),
(133, 'Pedrito', 91, 3, '', NULL),
(134, 'Jardim', 80, 3, '', NULL),
(135, 'Luís R.', 85, 3, '', NULL),
(136, 'Martim Bila', 6, 9, '', NULL),
(137, 'André Silva', 8, 3, '', NULL),
(138, 'CDE', 14, 4, '', NULL),
(139, 'Rafa', 5, 9, '', NULL),
(140, 'Rui F.', 22, 11, '', NULL),
(141, 'M. Laranjeira', 66, 10, '', NULL),
(142, 'Pitagralho', 85, 10, '', NULL),
(143, 'Lourenço', 80, 10, '', NULL),
(144, 'Alves', 89, 11, '', NULL),
(145, 'José Castaño', 88, 8, 'O nome do atleta é José Castaño', NULL),
(146, 'Samuel', 1, 8, '', NULL),
(147, 'Marcinho', 51, 2, '', NULL),
(148, 'D. Pereira', 31, 3, '', NULL),
(149, 'David', 99, 11, '', NULL),
(150, 'Duda', 25, 11, '', NULL),
(151, 'CDE', 2, 2, 'calção M', NULL),
(152, 'CDE', 3, 1, '', NULL),
(153, 'CDE', 17, 3, '', NULL),
(154, 'CDE', 23, 2, '', NULL),
(155, 'CDE', 18, 5, '', NULL),
(156, 'CDE', 81, 4, 'calção XL', NULL),
(157, 'CDE', 7, 3, '', NULL),
(158, 'CDE', 1, 5, '', NULL),
(159, 'CDE', 10, 2, 'calção M', NULL),
(160, 'R. Fazenda', 3, 2, 'calção M', NULL),
(161, 'CDE', 28, 3, 'calção L', NULL),
(162, 'Gonçalo Horto', 10, 4, '', NULL),
(163, 'Dany', 75, 10, '', NULL),
(164, 'Miguelito', 33, 11, '', NULL),
(165, 'Silva', 28, 3, '', NULL),
(166, 'Diogo F.', 50, 11, '', NULL),
(167, 'Miguel Reis', 24, 8, '', NULL),
(168, 'Gonçalo F.', 6, 8, '', NULL),
(169, 'J. Tomás', 85, 8, '', NULL),
(170, 'Martim Nunes', 13, 8, '', NULL),
(171, 'Tomás', 98, 11, '', NULL),
(172, 'Rodrigo', 54, 9, '', NULL),
(173, 'Rúben Marques', 78, 3, '', NULL),
(174, 'Xavi', 21, 4, '', NULL),
(175, 'Tiago Silva', 42, 2, '', NULL),
(176, 'Tavares', 70, 3, '', NULL),
(177, 'L. Baptista', 67, 3, '', NULL),
(178, 'Manu. J', 69, 3, '', NULL),
(179, 'Rossano', 65, 11, '', NULL),
(180, 'Vidal', 80, 10, '', NULL),
(181, 'Diogo S.', 31, 11, '', NULL),
(182, 'Afonso Macedo', 52, 8, '', NULL),
(183, 'Cirne', 5, 2, '', NULL),
(184, 'Paulo Mano', 44, 8, '', NULL),
(185, 'Timóteo', 73, 11, '', NULL),
(186, 'Diogo', 29, 10, '', NULL),
(187, 'Tó', 13, 9, '', NULL),
(188, 'Salvador', 22, 8, '', NULL),
(189, 'Lourenço', 56, 9, '', NULL),
(190, 'Alexandre', 14, 9, '', NULL),
(191, 'Bonfim', 19, 2, '', NULL),
(192, 'Miguel Silva', 7, 7, '', NULL),
(193, 'João Pires', 35, 8, '', NULL),
(194, 'Martinho Dias', 18, 2, '', NULL),
(195, 'Duarte Mendonça', 38, 11, '', NULL),
(196, 'Tomás', 5, 10, '', NULL),
(197, 'Maia', 29, 10, '', NULL),
(198, 'aaaa', 44, 1, '', NULL),
(199, 'Pedro Marques', 16, 10, '', NULL),
(200, 'Miguel F.', 74, 3, '', NULL),
(201, 'Gui', 76, 11, '', NULL),
(202, 'Nuno', 68, 10, '', NULL),
(203, 'Gabriel S. A.', 30, 8, '', NULL),
(204, 'João Amador', 86, 2, '', NULL),
(205, 'Duarte Silva', 8, 7, '', NULL),
(206, 'Gustavo Silva', 16, 7, '', NULL),
(207, 'Martim Faria', 13, 8, '', NULL),
(208, 'Samuel', 48, 10, '', NULL),
(209, 'Guga', 74, 9, '', NULL),
(210, 'Mateus', 18, 10, '', NULL),
(211, 'Gonçalo Faria', 77, 10, '', NULL),
(212, 'Rodrigo P.', 88, 3, '', NULL),
(213, 'Teixeira', 6, 3, '', NULL),
(214, 'Christian', 27, 7, '', NULL),
(215, 'Afonso', 10, 8, '', NULL),
(216, 'Gonçalo F.', 5, 7, '', NULL),
(217, 'Couras', 99, 7, '', NULL),
(218, 'Salvador', 88, 7, '', NULL),
(219, 'Gui Soares', 3, 9, '', NULL),
(220, 'Samuel', 71, 3, '', NULL),
(221, 'André N.', 4, 9, '', NULL),
(222, 'Lopez', 12, 9, '', NULL),
(223, 'Leandro', 95, 4, '', NULL),
(224, 'Afonso Neves', 77, 7, '', NULL),
(225, 'J. P.', 21, 9, '', NULL),
(226, 'Vasco F.', 16, 8, '', NULL),
(227, 'David Henriques', 79, 10, '', NULL),
(228, 'José Filipe', 43, 9, '', NULL),
(229, 'M. Silva', 55, 3, '', NULL),
(230, 'Diogo Dias', 80, 10, '', NULL),
(231, 'Diogo', 64, 3, '', NULL),
(232, 'Luciano', 28, 10, '', NULL),
(233, 'Léo', 57, 4, '', NULL),
(234, 'Diogo André', 79, 3, '', NULL),
(235, 'João Figueira', 12, 7, '', NULL),
(236, 'Figueira', 11, 8, '', NULL),
(237, 'Rúben Azevedo', 2, 3, '', NULL),
(238, 'Salvador', 24, 6, '', NULL),
(239, 'Rodrigo Marques', 87, 11, '', NULL),
(240, 'L. Saleiro', 76, 2, '', NULL),
(241, 'Rui Costa', 93, 3, '', NULL),
(242, 'Dinis', 8, 9, '', NULL),
(243, 'A. Goís', 30, 11, '', NULL),
(244, 'Kaparica', 19, 3, '', NULL),
(245, 'A. Graça', 37, 3, '', NULL),
(246, 'João Paulo', 11, 3, '', NULL),
(247, 'Tyler', 14, 4, '', NULL),
(248, 'Temudo', 20, 4, '', NULL),
(249, 'Machadinho', 26, 3, '', NULL),
(250, 'Cabilhas', 21, 4, '', NULL),
(251, 'Ginho', 9, 4, '', NULL),
(252, 'Flecha', 7, 3, '', NULL),
(253, 'Oliveira', 32, 4, '', NULL),
(254, 'Semedo', 2, 4, '', NULL),
(255, 'Duarte', 13, 4, '', NULL),
(256, 'Miguel', 1, 5, '', NULL),
(257, 'Soares', 97, 4, '', NULL),
(258, 'Pechelim', 26, 3, '', NULL),
(259, 'Dani', 17, 4, '', NULL),
(260, 'Carlos', 24, 3, '', NULL),
(261, 'Nani', 11, 3, '', NULL),
(262, 'Fábio Flávio', 3, 3, '', NULL),
(263, 'Fábio  Freitas', 4, 3, '', NULL),
(264, 'Tomás', 1, 3, 'G.R.', NULL),
(265, 'J.P.', 7, 2, '', NULL),
(266, 'Leonel Matos', 8, 3, '', NULL),
(267, 'Olim', 9, 2, '', NULL),
(268, 'Daniel Meaño', 11, 3, '', NULL),
(269, 'João Pinheiro', 11, 3, '', NULL),
(270, 'Ricardo', 13, 3, '', NULL),
(271, 'Vigário', 14, 3, '', NULL),
(272, 'Cálix', 15, 3, '', NULL),
(273, 'Bruno Marques', 16, 3, '', NULL),
(274, 'Xavier', 17, 3, '', NULL),
(275, 'Abel Andrade', 17, 3, '', NULL),
(276, 'Christopher', 18, 3, '', NULL),
(277, 'Pereira', 96, 3, '', NULL),
(278, 'Galvão', 62, 4, '', NULL),
(279, 'Bruno', 52, 3, '', NULL),
(280, 'Sabina', 91, 3, '', NULL),
(281, 'Pedro P.', 86, 2, '', NULL),
(282, 'Tiaguinho', 92, 2, '', NULL),
(283, 'Ricardo', 32, 3, '', NULL),
(284, 'Sebastian', 36, 3, '', NULL),
(285, 'M. Sousa', 14, 11, '', NULL),
(286, 'Sousa', 40, 10, '', NULL),
(287, 'Miranda', 10, 11, '', NULL),
(288, 'Serafim', 99, 11, '', NULL),
(289, 'Fabiano', 99, 11, '', NULL),
(290, 'Diogo Valente', 99, 10, '', NULL),
(291, 'Mendonça', 88, 9, '', NULL),
(292, 'Cabilhas', 67, 10, '', NULL),
(293, 'Saramago', 70, 10, '', NULL),
(294, 'Tomás Pinheiro', 24, 10, '', NULL),
(295, 'Santiago', 27, 10, '', NULL),
(296, 'Diogo Afonso', 2, 10, '', NULL),
(297, 'Samuel', 15, 9, '', NULL),
(298, 'Ricardo', 90, 9, '', NULL),
(299, 'Deyler Didier', 92, 9, '', NULL),
(300, 'Dinis M.', 70, 9, '', NULL),
(301, 'Pol', 54, 9, '', NULL),
(302, 'Tiago Dias', 28, 8, '', NULL),
(303, 'Sebastião', 20, 8, '', NULL),
(304, 'Rodrigo', 23, 8, '', NULL),
(305, 'David J.', 11, 8, '', NULL),
(306, 'Baltasar', 25, 8, '', NULL),
(307, 'Andrés', 28, 11, '', NULL),
(308, 'Pinho', 32, 9, '', NULL),
(309, 'Leonardo', 24, 3, '', NULL),
(310, 'Ricardo Carvalho', 81, 3, '', NULL),
(311, 'Diego', 27, 7, '', NULL),
(312, 'Guto', 51, 9, '', NULL),
(313, 'Bruno Sousa', 93, 2, '', NULL),
(314, 'Duarte', 15, 7, '', NULL),
(315, 'Duarte Marques', 18, 7, '', NULL),
(316, 'João Nuno', 40, 7, '', NULL),
(317, 'Diogo', 33, 8, '', NULL),
(318, 'Rafa', 5, 8, '', NULL),
(319, 'Gonçalo D.', 5, 11, '', NULL),
(320, 'J. Gabriel', 89, 9, '', NULL),
(321, 'Duarte C.', 55, 8, '', NULL),
(322, 'Duarte Sousa', 0, 7, '', NULL),
(323, 'Diogo Oliveira', 1, 7, '', NULL);

-- --------------------------------------------------------

--
-- Table structure for table `escalao`
--

CREATE TABLE `escalao` (
  `ID_Escalao` int(11) NOT NULL,
  `Nome` varchar(255) COLLATE utf8_unicode_ci NOT NULL,
  `DataInicial` date NOT NULL,
  `DataFinal` date NOT NULL,
  `ID_Modalidade` int(11) DEFAULT NULL,
  `REF_Epoca` int(11) DEFAULT NULL,
  `EquipamentoNrMinimo` int(11) NOT NULL,
  `EquipamentoNrMaximo` int(11) NOT NULL
) ENGINE=InnoDB DEFAULT CHARSET=utf8 COLLATE=utf8_unicode_ci ROW_FORMAT=COMPACT;

--
-- Dumping data for table `escalao`
--

INSERT INTO `escalao` (`ID_Escalao`, `Nome`, `DataInicial`, `DataFinal`, `ID_Modalidade`, `REF_Epoca`, `EquipamentoNrMinimo`, `EquipamentoNrMaximo`) VALUES
(2, 'Traquinas A', '2009-01-01', '2009-12-31', 1, 3, 0, 0),
(3, 'Benjamins B', '2008-01-01', '2008-12-31', 1, 3, 0, 0),
(4, 'Benjamins A', '2007-01-01', '2007-12-31', 1, 3, 0, 0),
(5, 'Infantis B', '2006-01-01', '2006-12-31', 1, 3, 0, 0),
(6, 'Infantis A', '2005-01-01', '2005-12-31', 1, 3, 0, 0),
(7, 'Iniciados', '2003-01-01', '2004-12-31', 1, 3, 0, 0),
(8, 'Juvenis', '2001-01-01', '2002-12-31', 1, 3, 0, 0),
(10, 'Séniores', '1976-01-01', '1998-12-31', 1, 3, 0, 0),
(11, 'Petizes', '2011-01-01', '2014-12-31', 1, 3, 0, 0),
(12, 'Júniores', '1999-01-01', '1999-12-01', 1, 3, 0, 0),
(13, 'Traquinas B', '2011-01-01', '2011-12-31', 1, 4, 0, 0),
(14, 'Infantis A', '2006-01-01', '2006-12-31', 1, 4, 0, 0),
(15, 'Traquinas A', '2010-01-01', '2010-12-31', 1, 4, 0, 0),
(16, 'Séniores', '1975-01-01', '1999-12-31', 1, 4, 0, 0),
(17, 'Petizes', '2012-01-01', '2016-12-31', 1, 4, 0, 0),
(18, 'Júniores', '2000-01-01', '2001-12-31', 1, 4, 0, 0),
(19, 'Juvenis', '2002-01-01', '2003-12-31', 1, 4, 0, 0),
(20, 'Iniciados', '2004-01-01', '2005-12-31', 1, 4, 0, 0),
(21, 'Infantis B', '2007-01-01', '2007-12-31', 1, 4, 0, 0),
(22, 'Benjamins B', '2009-01-01', '2009-12-31', 1, 4, 0, 0),
(23, 'Benjamins A', '2008-01-01', '2008-12-31', 1, 4, 0, 0),
(24, 'Petizes', '2013-01-01', '2017-12-31', 1, 5, 0, 0),
(25, 'Traquinas B', '2012-01-01', '2012-12-01', 1, 5, 0, 0),
(26, 'Traquinas A', '2011-01-01', '2011-12-31', 1, 5, 0, 0),
(27, 'Benjamins B', '2010-01-01', '2010-12-31', 1, 5, 0, 0),
(28, 'Benjamins A', '2009-01-01', '2009-12-31', 1, 5, 0, 0),
(29, 'Infantis B', '2008-01-01', '2008-12-31', 1, 5, 0, 0),
(30, 'Infantis A', '2007-01-01', '2007-12-31', 1, 5, 0, 0),
(31, 'Iniciados', '2005-01-01', '2006-12-31', 1, 5, 0, 0),
(32, 'Juvenis', '2003-01-01', '2004-12-31', 1, 5, 0, 0),
(33, 'Júniores', '2001-01-01', '2002-12-31', 1, 5, 0, 0),
(34, 'Séniores', '1980-01-01', '2000-12-31', 1, 5, 0, 0);

-- --------------------------------------------------------

--
-- Table structure for table `jogadorestatistica`
--

CREATE TABLE `jogadorestatistica` (
  `Tempo` int(11) NOT NULL,
  `ID_Jornada` int(11) NOT NULL,
  `ID_Entidade` int(11) NOT NULL,
  `ID_Evento` int(11) NOT NULL
) ENGINE=InnoDB DEFAULT CHARSET=utf8 COLLATE=utf8_unicode_ci ROW_FORMAT=COMPACT;

-- --------------------------------------------------------

--
-- Table structure for table `jornada`
--

CREATE TABLE `jornada` (
  `ID_Jornada` int(11) NOT NULL,
  `ID_ClubeCasa` int(11) DEFAULT NULL,
  `LocalJogo` varchar(255) COLLATE utf8_unicode_ci DEFAULT NULL,
  `DataJogo` date DEFAULT NULL,
  `HoraJogo` time DEFAULT NULL,
  `LocalConcentracao` varchar(255) COLLATE utf8_unicode_ci DEFAULT NULL,
  `HoraConcentracao` time DEFAULT NULL,
  `GolosCasa` int(11) NOT NULL DEFAULT '0',
  `GolosVisit` int(11) NOT NULL DEFAULT '0',
  `Duracao` int(11) NOT NULL DEFAULT '0',
  `ID_ClubeVisit` int(11) DEFAULT NULL,
  `Nome` varchar(255) COLLATE utf8_unicode_ci NOT NULL,
  `REF_Campeonato` int(11) DEFAULT NULL
) ENGINE=InnoDB DEFAULT CHARSET=utf8 COLLATE=utf8_unicode_ci ROW_FORMAT=COMPACT;

-- --------------------------------------------------------

--
-- Table structure for table `modalidade`
--

CREATE TABLE `modalidade` (
  `ID_Modalidade` int(11) NOT NULL,
  `Nome` varchar(255) COLLATE utf8_unicode_ci NOT NULL
) ENGINE=InnoDB DEFAULT CHARSET=utf8 COLLATE=utf8_unicode_ci ROW_FORMAT=COMPACT;

--
-- Dumping data for table `modalidade`
--

INSERT INTO `modalidade` (`ID_Modalidade`, `Nome`) VALUES
(1, 'Futebol'),
(2, 'Natação');

-- --------------------------------------------------------

--
-- Table structure for table `modopagamento`
--

CREATE TABLE `modopagamento` (
  `ID_Modo_Pagamento` int(11) NOT NULL,
  `Descricao` varchar(255) COLLATE utf8_unicode_ci NOT NULL,
  `REF_Epoca` int(11) DEFAULT NULL,
  `activo` tinyint(1) NOT NULL
) ENGINE=InnoDB DEFAULT CHARSET=utf8 COLLATE=utf8_unicode_ci ROW_FORMAT=COMPACT;

--
-- Dumping data for table `modopagamento`
--

INSERT INTO `modopagamento` (`ID_Modo_Pagamento`, `Descricao`, `REF_Epoca`, `activo`) VALUES
(10, '1 Pagamento - Até 31/07/2017', 3, 0),
(11, '2 Pagamentos - Até 31/07/2017', 3, 0),
(12, '3 Pagamentos - Até 31/07/2017', 3, 0),
(13, '1 Pagamento - Depois de 31/07/2017', 3, 0),
(14, '2 Pagamentos - Depois de 31/07/2017', 3, 0),
(15, '3 Pagamentos - Depois de 31/07/2017', 3, 0),
(16, 'Pagamento Totalidade a Pronto', 5, 1),
(17, 'Regular', 5, 1),
(18, 'Diretores / Irmãos', 5, 1);

-- --------------------------------------------------------

--
-- Table structure for table `modopagamentoentidade`
--

CREATE TABLE `modopagamentoentidade` (
  `ID_Modo_Pagamento_Entidade` int(11) NOT NULL,
  `REF_Modo_Pagamento` int(11) DEFAULT NULL,
  `REF_Entidade` int(11) DEFAULT NULL,
  `REF_Epoca` int(11) DEFAULT NULL,
  `activo` tinyint(1) NOT NULL,
  `Descricao` varchar(255) COLLATE utf8_unicode_ci NOT NULL
) ENGINE=InnoDB DEFAULT CHARSET=utf8 COLLATE=utf8_unicode_ci ROW_FORMAT=COMPACT;

--
-- Dumping data for table `modopagamentoentidade`
--

INSERT INTO `modopagamentoentidade` (`ID_Modo_Pagamento_Entidade`, `REF_Modo_Pagamento`, `REF_Entidade`, `REF_Epoca`, `activo`, `Descricao`) VALUES
(3, 18, 141, 5, 1, 'Diretores / Irmãos'),
(6, 16, 196, 5, 1, 'Pagamento Totalidade a Pronto'),
(7, 17, 197, 5, 1, 'Regular'),
(8, 18, 205, 5, 1, 'Diretores / Irmãos'),
(9, 16, 198, 5, 1, 'Pagamento Totalidade a Pronto');

-- --------------------------------------------------------

--
-- Table structure for table `morada`
--

CREATE TABLE `morada` (
  `ID_Morada` int(11) NOT NULL,
  `Rua` varchar(255) COLLATE utf8_unicode_ci DEFAULT NULL,
  `Numero` int(11) DEFAULT NULL,
  `Andar` varchar(255) COLLATE utf8_unicode_ci DEFAULT NULL,
  `CodPostal4` varchar(255) COLLATE utf8_unicode_ci DEFAULT NULL,
  `CodPostal3` varchar(255) COLLATE utf8_unicode_ci DEFAULT NULL,
  `Localidade` varchar(255) COLLATE utf8_unicode_ci DEFAULT NULL
) ENGINE=InnoDB DEFAULT CHARSET=utf8 COLLATE=utf8_unicode_ci ROW_FORMAT=COMPACT;

--
-- Dumping data for table `morada`
--

INSERT INTO `morada` (`ID_Morada`, `Rua`, `Numero`, `Andar`, `CodPostal4`, `CodPostal3`, `Localidade`) VALUES
(1, 'Rua do Areal', 15, '1', '3870', '420', 'Torreira'),
(2, 'Lugar das Vendas, Edif. Norte', 404, '1', '3720', '486', 'Pinheiro da Bemposta'),
(3, 'Rua Pedro Calado', 1, NULL, '3865', '285', 'Salreu'),
(4, 'Rua dos Percursores', 24, '1', '3870', '211', 'Murtosa'),
(5, 'Rua da Nestlé', 95, NULL, '3860', '071', 'Avanca'),
(6, 'Rua Manuel da Silva Carreira  UL', NULL, NULL, '3720', '597', 'Ul-Oliveira de Azemeis'),
(7, 'Bairro da Teixugueira', 230, '2', '3860', '860', 'Estarreja'),
(8, 'Rua Conde Ferreira', 65, NULL, '3860', '259', 'Estarreja'),
(9, 'Rua Padre Donaciano Abreu Freire - Ed. Lusíadas II', 10, NULL, '3860', '384', 'Estarreja'),
(10, 'Rua da Arribada', 200, NULL, '3860', '092', 'Avanca'),
(11, 'Rua dos Salvadores da Nathalie', 10, NULL, '3870', '410', 'Torreira'),
(12, 'Rua Agro de Meios', 10, NULL, '3860', '586', 'Veiros'),
(13, 'Rua Manuel José da Silva, Edificio Altamira', 27, '1', '3720', '307', 'Oliveira de Azemeis'),
(14, 'Rua Dr Manuel Andrade', 45, NULL, '3865', '033', 'Canelas'),
(15, 'Rua das Mestras', 40, NULL, '3870', '032', 'Bunheiro'),
(16, 'Rua Aceiro', 2, NULL, '3860', '227', 'Estarreja'),
(17, 'Rua Padre Alves Garrido', 0, NULL, '3860', '088', 'Avanca'),
(18, 'Travessa de Santa Luzia ', 10, NULL, '3860', '661', 'Veiros'),
(19, 'Travessa Drº António Madureira, Vivenda', 7, NULL, '3860', '249', 'Estarreja'),
(20, 'Travessa da Rua Nova', 26, NULL, '3860', '731', 'Pardilhó'),
(21, 'Bairro da Teixugueira', 222, '2', '3860', '860', 'Estarreja'),
(22, 'Rua Areia do Gonde', 73, NULL, '3860', '064', 'Avanca'),
(23, 'Rua Padre Salvador Terra', 277, NULL, '3860', '015', 'Avanca'),
(24, 'Rua das Barreiras ', 1, NULL, '3860', '341', 'Estarreja'),
(25, 'Rua de S. Tiago', 27, '1', '3860', '301', 'Estarreja'),
(26, 'Rua do Falcão', 170, NULL, '3860', '160', 'Avanca'),
(27, 'Rua Jornal de Estarreja', 43, '1', '3860', '365', 'Estarreja'),
(28, 'Rua Visconde Valdemouro', 23, '3', '3860', '389', 'Estarreja'),
(29, 'Rua Cidade Porto Novo - Urb. Póvoa de baixo', 215, NULL, '3860', '342', 'Estarreja'),
(30, 'Rua Quinta Velha', 548, '1', '3860', '299', 'Estarreja'),
(31, 'Rua Bairro São Filipe - Póvoa de Cima', 1, NULL, '3860', '292', 'Estarreja'),
(32, 'Rua Barreiro de Cima', 17, NULL, '3860', '207', 'Estarreja'),
(33, 'Travessa do Vale Grande -  Porto Baixo', 4, NULL, '3865', '268', 'Salreu'),
(34, 'Rua das Tílias - Urbanização da Póvoa de Baixo', 1, NULL, '3860', '345', 'Estarreja'),
(35, 'Rua General Themudo Barata', 15, NULL, '3860', '404', 'Estarreja'),
(36, 'Beco do Outeiro Alto', 12, NULL, '2870', '027', 'Bunheiro'),
(37, 'Rua Fonte dos batizados', 16, NULL, '3860', '223', 'Estarreja'),
(38, 'Rua Tomé', 17, NULL, '3865', '288', 'Salreu'),
(39, 'Av. 25 de Abril', 53, '3', '3860', '352', 'Estarreja'),
(40, 'Rua do Barreiro de Além - Santiais', 23, NULL, '3860', '311', 'Estarreja'),
(41, 'Urbanização Quinta dos Leites', 99, NULL, '3870', '319', 'Torreira'),
(42, 'Estrada Nacional 327-Quintas do Norte', 467, NULL, '3870', '303', 'Torreira'),
(43, 'Rua 13 de Setembro  - Póvoa de Baixo', 35, NULL, '3860', '274', 'Estarreja'),
(44, 'Rua Padre Donaciano Abreu Freire', 43, '4', '3860', '384', 'Estarreja'),
(45, 'Travessa Dr António Duarte de Oliveira', 6, NULL, '3860', '051', 'Avanca'),
(46, 'Rua Lagoa de Assões, Bloco 2', 0, '0', '3880', '723', 'Ovar'),
(47, 'Rua Desembargador Oliveira Pinto', 12, '0', '3860', '363', 'Estarreja'),
(48, 'Urbanização da Póvoa de Baixo', 228, NULL, '3860', '350', 'Estarreja'),
(49, 'Rua do Areal - Ed. Areal', 5, '1', '3870', '406', 'Torreira'),
(50, 'Rua da Ribeira', 25, NULL, '3880', '507', 'Válega'),
(51, 'RuaTomas Figueiredo - Bloco 228 - R/c A', 0, '0', '3860', '342', 'Estarreja'),
(52, 'Rua do Outeiro, Beduído', 27, NULL, '3860', '230', 'Estarreja'),
(53, 'Rua dos Margidos,Quintas do Norte', 13, NULL, '3870', '303', 'Torreira'),
(54, 'Rua do Serrado', 0, NULL, '3720', '000', 'Loureiro'),
(55, 'Rua Dr. João Carlos Vaz Cunha', 73, NULL, '3870', '355', 'Torreira'),
(56, 'Estrada Nacional 109', 76, 'R/C', '3865', '011', 'Canelas'),
(57, 'Rua Marques Rodrigues - Quinta Costeira', 27, NULL, '3860', '297', 'Estarreja'),
(58, 'Rua dos Engenhos', 502, NULL, '3880', '682', 'Válega'),
(59, 'Av 25 de Abril', 65, '3ºesq', '3860', '352', 'Estarreja'),
(60, 'Rua Padre Donaciano Abreu Freire', 12, '5ºesq', '3860', '384', 'Estarreja'),
(61, 'Rua Picoto sul - Canelas', 14, NULL, '3865', '032', 'Estarreja'),
(62, 'Travessa da Escola Primária', 12, NULL, '3860', '314', 'Estarreja'),
(63, 'Rua de Trás', 194, NULL, '3860', '361', 'Estarreja'),
(64, 'Rua D. Manuel - Conjunto Altamira', 85, '2ºDD', '3860', '366', 'Estarreja'),
(65, 'Rua da Galiza, Lote 3', 17, '3', '3720', '125', 'Oliveira de Azeméis'),
(66, 'Rua Areosa do Sul', 28, NULL, '3860', '205', 'Estarreja'),
(67, 'Rua do infantado', 28, NULL, '3860', '360', 'Estarreja'),
(68, 'Travessa Santo António', 18, NULL, '3860', '648', 'Veiros'),
(69, 'Rua Padre Eloy de Pinho', 8, '1', '3880', '255', 'Ovar'),
(70, 'Rua das Olas', 2, NULL, '3860', '632', 'Veiros'),
(71, 'Rua João Augusto Sousa Fernandes', 70, NULL, '3860', '601', 'Veiros'),
(72, 'Rua Póvoa de Baixo', 30, NULL, '3860', '386', 'Estarreja'),
(73, 'Rua da Póvoa de Baixo', 34, NULL, '3860', '386', 'Estarreja'),
(74, 'Rua São Geraldo', 67, NULL, '3860', '664', 'Veiros'),
(75, 'Praça Jaime Arneixo - Ap I', 0, '1', '3870', '224', 'Murtosa'),
(76, 'Travessa da Boavista, norte', 1, NULL, '3865', '315', 'Salreu'),
(77, 'Rua Major Ferreira', 42, NULL, '3860', '000', 'Estarreja'),
(78, 'Rua Tomaz de Figueiredo - Bloco 226 - R/C A', 43, NULL, '3860', '261', 'Estarreja'),
(79, 'Largo 5 de Outubro', 23, '3', '3880', '062', 'Ovar'),
(80, 'Rua do Serrano - Deveza Santiais', 4, NULL, '3860', '245', 'Estarreja'),
(81, 'Av. Visconde Salreu', 9, NULL, '3860', '254', 'Salreu'),
(82, 'Rua General Themudo Barata', 12, NULL, '3860', '404', 'Estarreja'),
(83, 'Rua General Themudo Barata', 12, NULL, '3860', '404', 'Estarreja'),
(84, 'Rua Canto do Esteiro - Povoa de Baixo', 24, NULL, '3860', '262', 'Estarreja'),
(85, 'Rua 15 de Maio ', 705, NULL, '3880', '503', 'Valega'),
(86, 'Rua Dr Manuel Andrade', 45, NULL, '3865', '033', 'Canelas'),
(87, 'Travessa do Bairro S. Filipe - Póvoa de Cima', 8, NULL, '3860', '295', 'Estarreja'),
(88, 'Rua da Boavista - Macieira - Loureiro', 731, NULL, '3720', '060', 'Loureiro - OAZ'),
(89, 'Rua do Meio - Povoa de Cima ', 16, NULL, '3860', '294', 'Estarreja'),
(90, 'Rua do Mercado - Pardelhas', 15, NULL, '3870', '101', 'Murtosa'),
(91, 'Rua dos Barreiros - Barreiro de Cima', 20, NULL, '3860', '216', 'Estarreja'),
(92, 'Rua São Geraldo', 60, NULL, '3860', '664', 'Veiros'),
(93, 'Rua da Ribeirinha', 35, NULL, '3870', '268', 'Murtosa'),
(94, 'Rua Dr Manuel Ferreira Silva', 5, NULL, '3860', '860', 'Estarreja'),
(95, 'Rua da Boavista,  Salreu', 27, NULL, '3865', '215', 'Salreu'),
(96, 'Rua Professor Dr Egas Moniz', 10, '1', '3860', '078', 'Avanca'),
(97, 'Avenida 25 de Abril - Ed. Pais Pinto ', 77, '4', '3860', '352', 'Estarreja'),
(98, 'Largo do Matinho', 14, NULL, '3865', '105', 'Fermelã - Estarreja '),
(99, 'Rua Nova - Urbanização Porto Riba - Fracção F - Soutelo- Branca', 1, NULL, '3850', '587', 'Albergaria a Velha'),
(100, 'Rua Desembargador Correia Teles', 310, '2', '3860', '362', 'Estarreja'),
(101, 'Rua Marques Rodrigues', 17, NULL, '3860', '297', 'Estarreja'),
(102, 'Rua Direira', 3, NULL, '3865', '022', 'Canelas'),
(103, 'Rua Cidade Porto Novo', 216, NULL, '3860', '242', 'Estarreja'),
(104, 'Rua Dr Agostinho L.P. Valente', 25, NULL, '3860', '436', 'Pardilhó'),
(105, 'Rua das Tílias', 17, NULL, '3860', '345', 'Estarreja'),
(106, 'Lugar das Arrotas-Pardelhas', 31, NULL, '3870', '193', 'Murtosa'),
(107, 'Rua Maria de Lurdes Breu', 61, NULL, '3865', '229', 'Salreu'),
(108, 'Rua António Maria Silva e Pinho - Pardilhó', 121, NULL, '3860', '431', 'Pardilhó'),
(109, 'Rua Mártires da Pátria - Veiros', 5, NULL, '3860', '636', 'Estarreja'),
(110, 'Rua de Macau - Sargaçal ', 116, '1', '3880', '644', 'Válega'),
(111, 'Rua D. Francisco Nunes Teixeira', 31, NULL, '3860', '289', 'Estarreja'),
(112, 'Rua da Brejinha', 20, NULL, '3860', '296', 'Estarreja'),
(113, 'Urbanização da Póvoa de Baixo', 223, NULL, '3860', '342', 'Estarreja'),
(114, 'Rua Conde Ferreira', 65, NULL, '3860', '259', 'Estarreja'),
(115, 'Rua da Raia Seca - fundo do pinheiro', 78, NULL, '3720', '475', 'Pinheiro da Bemposta'),
(116, 'Rua das Barreira', 1, NULL, '3860', '341', 'Estarreja'),
(117, 'Rua Professor Abílio Ramos, Nº32', 32, NULL, '3870', '063', 'Bunheiro'),
(118, 'Rua da Feira Santo Amaro', 25, NULL, '3860', '318', 'Estarreja'),
(119, 'Av. 25 de Abril', 55, '4º esq', '3860', '352', 'Estarreja'),
(120, 'Edíficio Flamingo-Bloco B-RC Direito-Estrada de São Filipe', 1, NULL, '3860', '276', 'Estarreja'),
(121, 'Rua dos Tarolas', 7, NULL, '3860', '715', 'Pardilhó'),
(122, 'Rua da Rigueirinha', 35, NULL, '3870', '268', 'Murtosa'),
(123, 'Rua D. Dinis', 58, NULL, '3870', '162', 'Murtosa'),
(124, 'Rua Germano Cruz', 19, NULL, '3870', '288', 'Monte - Murtosa'),
(125, 'EN 327', 309, NULL, '3870', '304', 'Torreira'),
(126, 'Urbanização da Torreirinha', 48, NULL, '3870', '366', 'Torreira'),
(127, 'Av. 12 de Julho', 4, '1', '3870', '391', 'Torreira'),
(128, 'Areosa do Norte', 17, NULL, '3860', '204', 'Estarreja'),
(129, 'Rua das Tílias', 104, NULL, '3860', '345', 'Estarreja'),
(130, 'Rua Marques Rodrigues', 52, NULL, '3860', '259', 'Estarreja'),
(131, 'Urb. Torreirinha', 19, NULL, '3870', '366', 'Torreira'),
(132, 'Rua da Quinta Velha', 548, '3', '3860', '299', 'Estarreja'),
(133, 'Rua Padre Joaquim Domingues da Silva', 6, NULL, '3865', '031', 'Canelas-Estarreja'),
(134, 'Rua da Estrada', 176, NULL, '3870', '195', 'Murtosa'),
(135, 'Rua Dr António Maria - Feital - Loureiro', 271, NULL, '3720', '055', 'Oliveira de Azeméis'),
(136, 'Rua Dr António de Abreu Freire', 2, '2', '3860', '251', 'Estarreja'),
(137, 'Travessa do Crasto - Santo Amaro', 3, NULL, '3860', '323', 'Estarreja'),
(138, 'Rua da Balsa', 44, NULL, '3865', '211', 'Salreu'),
(139, 'Rua Nossa Senhora das Areias', 87, NULL, '3800', '901', 'São Jacinto'),
(140, 'Rua Padre Donaciano Abreu Freire', 12, '1', '3860', '384', 'Estarreja'),
(141, 'Travessa do Outeiro do Coval', 17, NULL, '3860', '258', 'Estarreja'),
(142, 'Rua Prof  Cecília Oliveira - Póvoa de baixo', 20, NULL, '3860', '269', 'Estarreja'),
(143, 'Travessa Santo António Veiros', 14, NULL, '3860', '648', 'Estarreja'),
(144, 'Rua Desembargador Oliveira Pinto', 157, NULL, '3860', '363', 'Estarreja'),
(145, 'Rua do Rato', 143, NULL, '3870', '870', 'Monte - Murtosa'),
(146, 'Rua Tomás Figueiredo', 14, '', '3860', '341', 'Estarreja'),
(147, 'Rua dos Passadouros', 49, NULL, '3870', '028', 'Bunheiro'),
(148, 'Rua General Artur Beirão', 68, NULL, '3865', '029', 'Canelas'),
(149, 'Rua Padre Donaciano Abreu Freire', 10, '2', '3860', '384', 'Estarreja'),
(150, 'Rua Padre José  Possidonio Henriques', 12, NULL, '3860', '593', 'Veiros'),
(151, 'Travessa do Falcão', 8, NULL, '3865', '004', 'Canelas'),
(152, 'Rua do norte - Rochico', 69, NULL, '3865', '110', 'Fermelã'),
(153, 'Rua da Feiteira - Povoa de Baixo', 12, NULL, '3860', '263', 'Estarreja'),
(154, 'Rua da Bandulha', 34, NULL, '3865', '001', 'Canelas'),
(155, 'Rua General Themudo Barata', 26, NULL, '3860', '404', 'Estarreja'),
(156, 'Rua Padre Donaciano Abreu Freire', 10, '3', '3860', '384', 'Estarreja'),
(157, 'Rua Fundação Benjamim Dias Costa', 11, NULL, '3860', '153', 'Avanca'),
(158, 'Rua Dr Joaquim Rodrigues da Silva', 17, NULL, '3865', '219', 'Salreu'),
(159, 'Rua Padre José Possidónio Henriques', 20, NULL, '3860', '593', 'Veiros'),
(160, 'Rua Padre José Possidónio Henriques', 20, NULL, '3860', '593', 'Veiros'),
(161, 'Avenida 25 de Abril - Ed Palácio-Bloco C', 10, '1', '3860', '352', 'Estarreja'),
(162, 'Rua da Formiga - Moradia C', 8, NULL, '3850', '571', 'Branca'),
(163, 'Beco do Salgueiro', 10, NULL, '3860', '512', 'Pardilhó'),
(164, 'Rua António Vieira Pinto', 31, NULL, '3870', '127', 'Monte-Murtosa'),
(165, 'Rua D. Manuel l', 0, '7', '3860', '366', 'Estarreja'),
(166, 'Rua da Imprensa', 68, NULL, '3860', '496', 'Pardilhó'),
(167, 'Rua do Arieiro', 7, NULL, '3865', '203', 'Salreu'),
(168, 'Rua Maurício de Almeida - Urb. Póvoa de Baixo', 117, NULL, '3860', '349', 'Estarreja'),
(169, 'Rua Desembargador Oliveira Pinto', 2, NULL, '3860', '363', 'Estarreja'),
(170, 'Quinta do Valdujo', 0, NULL, '3865', '240', 'Salreu'),
(171, 'Rua Dr. Joaquim Simões', 230, '3', '3860', '339', 'Estarreja'),
(172, 'Rua Dr. Tavares da Silva', 1, NULL, '3860', '377', 'Estarreja'),
(173, 'Rua Dr  Manuel Andrade', 139, '1ºC', '3860', '372', 'Estarreja'),
(174, 'Av 12 de Julho', 4, NULL, '3870', '391', 'Torreira'),
(175, 'Rua Sidonio Pais', 21, NULL, '3870', '177', 'Murtosa'),
(176, 'Rua Adou de Cima', 47, NULL, '3865', '202', 'Salreu'),
(177, 'Rua Luis de Camões', 56, '1', '3860', '381', 'Estarreja'),
(178, 'Rua Desembargador Oliveira Pinto', 29, NULL, '3865', '273', 'Salreu'),
(179, 'Rua do Chão-Velho', 17, NULL, '3870', '145', 'Murtosa'),
(180, 'Rua Desembargador Oliveira Pinto', 24, NULL, '3860', '363', 'Estarreja'),
(181, 'Rua José Maria da Silva Garganta', 5, NULL, '3860', '663', 'Veiros'),
(182, 'Rua de Pintim', 760, NULL, '3880', '511', 'Válega'),
(183, 'Rua Maria Lurdes Abreu', 1, NULL, '3865', '865', 'Salreu'),
(184, 'Rua da Aldeia', 17, NULL, '3865', '301', 'Canelas'),
(185, 'Travessa do Outeiro', 1, NULL, '3860', '264', 'Estarreja'),
(186, 'Rua Isabel Cartas', 2, NULL, '3860', '712', 'Estarreja'),
(187, 'Rua 15 de Maio', 933, NULL, '3880', '503', 'Válega'),
(188, 'Fradelos - Branca', 0, NULL, '3850', '057', 'Albergaria a Velha'),
(189, 'Rua Arrais João Faustino', 15, NULL, '3870', '332', 'Torreira'),
(190, 'Rua Dr Albino dos Reis', 570, '1º And', '3720', '067', 'Loureiro'),
(191, 'Rua da Teixeira', 27, NULL, '3865', '016', 'Canelas'),
(192, 'Rua de S. Martinho', 34, NULL, '3865', '271', 'Salreu'),
(193, 'Rua da Igreja', 13, NULL, '3800', '901', 'S. Jacinto'),
(194, 'Rua da Estrada', 173, '0', '3870', '065', 'Murtosa'),
(195, 'Rua Dr Barbosa Magalhães', 19, NULL, '3870', '212', 'Murtosa'),
(196, 'Rua Conselheiro José Luciano de Castro', 144, '2º', '3860', '358', 'Estarreja'),
(197, 'Rua do Professor Primario', 4, NULL, '3860', '260', 'Estarreja'),
(198, 'Rua Tomás de Figueiredo', 95, NULL, '3860', '341', 'Estarreja'),
(199, 'Tv. Fonte de S. Martinho', 3, NULL, '3865', '329', 'Salreu'),
(200, 'Travessa Canto do Esteiro', 5, NULL, '3860', '270', 'Estarreja'),
(201, 'Rua do Lavrador', 8, NULL, '3860', '215', 'Estarreja'),
(202, 'Rua da Saudade', 54, NULL, '3870', '159', 'Murtosa'),
(203, 'Rua Desembargador Correia Teles', 1, '2º', '3860', '362', 'Estarreja'),
(204, 'Rua de Bertufe', 53, NULL, '3880', '569', 'Válega'),
(205, 'Rua Padre Donaciano de Abreu Freire', 12, '3', '3860', '384', 'Estarreja'),
(206, 'Urb. Povoa de Baixo - Rua das Tilias', 105, NULL, '3860', '348', 'Estarreja'),
(207, 'Rua de Salreu', 22, NULL, '3865', '286', 'Salreu'),
(208, 'Rua Domingos José da Costa', 38, NULL, '3720', '284', 'Oliveira de Azeméis'),
(209, 'Largo do Matinho', 14, NULL, '3865', '105', 'Fermelã'),
(210, 'Rua Padre António Maria Pinho', 202, '2ºesq', '3860', '383', 'Estarreja'),
(211, 'Rua das Chouninhas', 166, NULL, '3860', '093', 'Avanca'),
(212, 'Rua do Mato', 6, NULL, '3865', '255', 'Salreu'),
(213, 'Teixugueira', 222, '2ºD', '3860', '676', 'Estarreja'),
(214, 'Beco das Barreiras', 6, '1', '3860', '341', 'Estarreja'),
(215, 'Rua Padre Donaciano Abreu Freire', 43, '3', '3860', '384', 'Estarreja'),
(216, 'Rua do Professor Primário', 15, '1', '3860', '260', 'Estarreja'),
(217, 'Rua Joaquim Bastos - Madail', 461, NULL, '3720', '116', 'Oliveira de Azeméis'),
(218, 'Rua Agostinho Leite', 51, NULL, '3860', '357', 'Estarreja'),
(219, 'Av. 25 de Abril - Ed. Palácio - Bl. C', 10, '0', '3860', '352', 'Estarreja'),
(220, 'Rua Fonte dos Luendros - casa 8', 4, NULL, '3850', '587', 'Soutelo'),
(221, 'Rua Prof. António Ferreira Pitarma', 0, NULL, '3860', '443', 'Pardilhó'),
(222, 'Rua Desembargador Correia Teles', 310, '2', '3860', '362', 'Estarreja'),
(223, 'Rua Manuel José Dias, 35', 35, NULL, '3870', '031', 'Bunheiro'),
(224, 'Rua do Fertal', 39, NULL, '3870', '021', 'Bunheiro'),
(225, 'Rua do Fertal', 39, NULL, '3870', '021', 'Bunheiro'),
(226, 'Rua da cabine', 4, NULL, '3870', '140', 'Murtosa'),
(227, 'Beco das Barreiras', 6, '1', '3860', '341', 'Estarreja'),
(228, 'Travessa do Outeiro do Coval', 17, '0', '3860', '384', 'Estarreja'),
(229, 'Rua Pedro Calado', 1, NULL, '3865', '285', 'Salreu'),
(230, 'Rua Pedro Calado', 1, NULL, '3865', '285', 'Salreu'),
(231, 'Travessa do Outeiro do Coval', 17, NULL, '3860', '258', 'Estarreja'),
(232, 'Rua Padre Donaciano Abreu Freire', 10, '2', '3860', '384', 'Estarreja'),
(233, 'Travessa Outeiro Coval 17', 1517, '0', '3860', '258', 'Estarreja'),
(234, 'Travessa Outeiro Coval', 17, NULL, '3860', '384', 'Estarreja'),
(235, 'Rua dos Percursores', 12, '1', '3870', '211', 'Murtosa'),
(236, 'Rua 15 de Maio', 933, NULL, '3880', '503', 'Válega'),
(237, 'Fradelos - Branca', 0, NULL, '3850', '057', 'Albergaria a Velha'),
(238, 'Rua Isabel Cartas', 2, NULL, '3860', '712', 'Estarreja'),
(271, 'Travessa do Outeiro', 1, NULL, '3860', '264', 'Estarreja'),
(272, 'Rua Arrais João Faustino', 15, NULL, '3870', '332', 'Torreira'),
(273, 'Rua de S. Martinho', 34, NULL, '3865', '271', 'Salreu'),
(274, 'Rua da Estrada', 173, '0', '3870', '065', 'Murtosa'),
(275, 'Rua Dr Barbosa Magalhães', 19, NULL, '3870', '212', 'Murtosa'),
(276, 'Rua da Igreja', 13, NULL, '3800', '901', 'S. Jacinto'),
(277, 'Rua da Teixeira', 27, NULL, '3865', '016', 'Canelas'),
(278, 'Rua Maria Lurdes Abreu', 1, NULL, '3865', '865', 'Salreu'),
(279, 'Rua da Aldeia', 17, NULL, '3865', '301', 'Canelas'),
(280, 'Rua Banda Musical', 660, NULL, '3720', '069', 'Loureiro'),
(281, 'Avenida 25 de Abril - Ed Palácio-Bloco C', 10, '1', '3860', '352', 'Estarreja'),
(282, 'Rua da Imprensa', 68, NULL, '3860', '496', 'Pardilhó'),
(283, 'Rua da Formiga - Moradia C', 8, NULL, '3850', '571', 'Branca'),
(284, 'Rua Adou de Cima', 47, NULL, '3865', '202', 'Salreu'),
(285, 'Beco do Salgueiro', 10, NULL, '3860', '512', 'Pardilhó'),
(286, 'Rua Luis de Camões', 56, '1', '3860', '381', 'Estarreja'),
(287, 'Rua António Vieira Pinto', 31, NULL, '3870', '127', 'Monte-Murtosa'),
(288, 'Rua Desembargador Oliveira Pinto', 29, NULL, '3865', '273', 'Salreu'),
(289, 'Rua Desembargador Oliveira Pinto', 2, NULL, '3860', '363', 'Estarreja'),
(290, 'Rua Dr. Joaquim Simões', 230, '3', '3860', '339', 'Estarreja'),
(291, 'Av 12 de Julho', 4, NULL, '3870', '391', 'Torreira'),
(292, 'Rua do Arieiro', 7, NULL, '3865', '203', 'Salreu'),
(293, 'Rua José Maria da Silva Garganta', 5, NULL, '3860', '663', 'Veiros'),
(294, 'Rua Dr. Tavares da Silva', 1, NULL, '3860', '377', 'Estarreja'),
(295, 'Quinta do Valdujo', 0, NULL, '3865', '240', 'Salreu'),
(296, 'Rua do Chão-Velho', 17, NULL, '3870', '145', 'Murtosa'),
(297, 'Rua Dr  Manuel Andrade', 139, '1ºC', '3860', '372', 'Estarreja'),
(298, 'Rua Desembargador Oliveira Pinto', 24, NULL, '3860', '363', 'Estarreja'),
(299, 'Rua D. Manuel l', 0, '7', '3860', '366', 'Estarreja'),
(300, 'Rua Sidonio Pais', 21, NULL, '3870', '177', 'Murtosa'),
(301, 'Rua Maurício de Almeida - Urb. Póvoa de Baixo', 117, NULL, '3860', '349', 'Estarreja'),
(302, 'Rua Padre José  Possidonio Henriques', 12, NULL, '3860', '593', 'Veiros'),
(303, 'Rua Dr Joaquim Rodrigues da Silva', 17, NULL, '3865', '219', 'Salreu'),
(304, 'Rua General Artur Beirão', 68, NULL, '3865', '029', 'Canelas'),
(305, 'Travessa do Crasto - Santo Amaro', 3, NULL, '3860', '323', 'Estarreja'),
(306, 'Rua Fundação Benjamim Dias Costa', 11, NULL, '3860', '153', 'Avanca'),
(307, 'Rua da Feiteira - Povoa de Baixo', 12, NULL, '3860', '263', 'Estarreja'),
(308, 'Rua Desembargador Oliveira Pinto', 157, NULL, '3860', '363', 'Estarreja'),
(309, 'Rua Dr António de Abreu Freire', 2, '2', '3860', '251', 'Estarreja'),
(310, 'Rua Padre Donaciano Abreu Freire', 10, '3', '3860', '384', 'Estarreja'),
(311, 'Travessa do Falcão', 8, NULL, '3865', '004', 'Canelas'),
(312, 'Rua Padre José Possidónio Henriques', 20, NULL, '3860', '593', 'Veiros'),
(313, 'Rua Santo António-Madalena', 135, NULL, '4405', '784', 'vila Nova de Gaia'),
(314, 'Rua General Themudo Barata', 26, NULL, '3860', '404', 'Estarreja'),
(315, 'Rua dos Passadouros', 49, NULL, '3870', '028', 'Bunheiro'),
(316, 'Rua da Bandulha', 34, NULL, '3865', '001', 'Canelas'),
(317, 'Rua Padre Garrido', 18, NULL, '3860', '385', 'Estarreja'),
(318, 'Travessa Santo António Veiros', 14, NULL, '3860', '648', 'Estarreja'),
(319, 'Rua Prof  Cecília Oliveira - Póvoa de baixo', 20, NULL, '3860', '269', 'Estarreja'),
(320, 'Rua Tomás Figueiredo', 14, '', '3860', '341', 'Estarreja'),
(321, 'Rua Padre José Possidónio Henriques', 20, NULL, '3860', '593', 'Veiros'),
(322, 'Rua Nossa Senhora das Areias', 87, NULL, '3800', '901', 'São Jacinto'),
(323, 'Rua da Brejinha', 20, NULL, '3860', '296', 'Estarreja'),
(324, 'Rua Nova - Urbanização Porto Riba - Fracção F - Soutelo- Branca', 1, NULL, '3850', '587', 'Albergaria a Velha'),
(325, 'Rua Desembargador Correia Teles', 310, '2', '3860', '362', 'Estarreja'),
(326, 'Rua Direira', 3, NULL, '3865', '022', 'Canelas'),
(327, 'Rua das Tílias', 17, NULL, '3860', '345', 'Estarreja'),
(328, 'Rua Conde Ferreira', 65, NULL, '3860', '259', 'Estarreja'),
(329, 'Lugar das Arrotas-Pardelhas', 31, NULL, '3870', '193', 'Murtosa'),
(330, 'Rua Maria de Lurdes Breu', 61, NULL, '3865', '229', 'Salreu'),
(331, 'Largo do Matinho', 14, NULL, '3865', '105', 'Fermelã - Estarreja '),
(332, 'Urbanização da Póvoa de Baixo', 223, NULL, '3860', '342', 'Estarreja'),
(333, 'Rua Marques Rodrigues', 17, NULL, '3860', '297', 'Estarreja'),
(334, 'Rua Mártires da Pátria - Veiros', 5, NULL, '3860', '636', 'Estarreja'),
(335, 'Avenida 25 de Abril - Ed. Pais Pinto ', 77, '4', '3860', '352', 'Estarreja'),
(336, 'Rua António Maria Silva e Pinho - Pardilhó', 121, NULL, '3860', '431', 'Pardilhó'),
(337, 'Rua D. Francisco Nunes Teixeira', 31, NULL, '3860', '289', 'Estarreja'),
(338, 'Rua de Macau - Sargaçal ', 116, '1', '3880', '644', 'Válega'),
(339, 'Rua Dr Agostinho L.P. Valente', 25, NULL, '3860', '436', 'Pardilhó'),
(340, 'Rua Professor Dr Egas Moniz', 10, '1', '3860', '078', 'Avanca'),
(341, 'Rua da Estrada', 176, NULL, '3870', '195', 'Murtosa'),
(342, 'Rua Marques Rodrigues', 52, NULL, '3860', '259', 'Estarreja'),
(343, 'Rua Dr António Maria - Feital - Loureiro', 271, NULL, '3720', '055', 'Oliveira de Azeméis'),
(344, 'Rua dos Tarolas', 7, NULL, '3860', '715', 'Pardilhó'),
(345, 'Rua das Barreira', 1, NULL, '3860', '341', 'Estarreja'),
(346, 'Rua D. Dinis', 58, NULL, '3870', '162', 'Murtosa'),
(347, 'Rua da Raia Seca - fundo do pinheiro', 78, NULL, '3720', '475', 'Pinheiro da Bemposta'),
(348, 'Av. 12 de Julho', 4, '1', '3870', '391', 'Torreira'),
(349, 'Av. 25 de Abril', 55, '4º esq', '3860', '352', 'Estarreja'),
(350, 'Rua da Feira Santo Amaro', 25, NULL, '3860', '318', 'Estarreja'),
(351, 'Rua da Rigueirinha', 35, NULL, '3870', '268', 'Murtosa'),
(352, 'Edíficio Flamingo-Bloco B-RC Direito-Estrada de São Filipe', 1, NULL, '3860', '276', 'Estarreja'),
(353, 'Rua Germano Cruz', 19, NULL, '3870', '288', 'Monte - Murtosa'),
(354, 'Urb. Torreirinha', 19, NULL, '3870', '366', 'Torreira'),
(355, 'Rua Bairro São Filipe - Póvoa de Cima', 1, NULL, '3860', '292', 'Estarreja'),
(356, 'Rua Desembargador Oliveira Pinto', 12, '0', '3860', '363', 'Estarreja'),
(357, 'Urbanização da Póvoa de Baixo', 228, NULL, '3860', '350', 'Estarreja'),
(358, 'Rua do Areal - Ed. Areal', 5, '1', '3870', '406', 'Torreira'),
(359, 'Rua Jornal de Estarreja', 43, '1', '3860', '365', 'Estarreja'),
(360, 'Rua do Falcão', 170, NULL, '3860', '160', 'Avanca'),
(361, 'Rua Cidade Porto Novo - Urb. Póvoa de baixo', 215, NULL, '3860', '342', 'Estarreja'),
(362, 'Rua Visconde Valdemouro', 23, '3', '3860', '389', 'Estarreja'),
(363, 'Rua Barreiro de Cima', 17, NULL, '3860', '207', 'Estarreja'),
(364, 'Rua Quinta Velha', 548, '1', '3860', '299', 'Estarreja'),
(365, 'Estrada Nacional 327-Quintas do Norte', 467, NULL, '3870', '303', 'Torreira'),
(366, 'Av. 25 de Abril', 53, '3', '3860', '352', 'Estarreja'),
(367, 'Beco do Outeiro Alto', 12, NULL, '2870', '027', 'Bunheiro'),
(368, 'Rua Fonte dos batizados', 16, NULL, '3860', '223', 'Estarreja'),
(369, 'Rua Tomé', 17, NULL, '3865', '288', 'Salreu'),
(370, 'Rua General Themudo Barata', 15, NULL, '3860', '404', 'Estarreja'),
(371, 'Arrotinha - Edif Antão', 9, NULL, '3860', '210', 'Estarreja'),
(372, 'Travessa Dr António Duarte de Oliveira', 6, NULL, '3860', '051', 'Avanca'),
(373, 'Rua Padre Donaciano Abreu Freire', 43, '4', '3860', '384', 'Estarreja'),
(374, 'Teixugueira', 222, '2ºD', '3860', '676', 'Estarreja'),
(375, 'Rua da Saudade', 54, NULL, '3870', '159', 'Murtosa'),
(376, 'Rua Luis de Camões', 42, '2', '3830', '381', 'Estarreja'),
(377, 'Rua Conselheiro José Luciano de Castro', 144, '2º', '3860', '358', 'Estarreja'),
(378, 'Rua do Professor Primario', 4, NULL, '3860', '260', 'Estarreja'),
(379, 'Rua Padre António Maria Pinho', 202, '2ºesq', '3860', '383', 'Estarreja'),
(380, 'Rua Tomás de Figueiredo', 95, NULL, '3860', '341', 'Estarreja'),
(381, 'Rua de Bertufe', 53, NULL, '3880', '569', 'Válega'),
(382, 'Rua do Lavrador', 8, NULL, '3860', '215', 'Estarreja'),
(383, 'Rua do Mato', 6, NULL, '3865', '255', 'Salreu'),
(384, 'Rua das Chouninhas', 166, NULL, '3860', '093', 'Avanca'),
(385, 'Tv. Fonte de S. Martinho', 3, NULL, '3865', '329', 'Salreu'),
(386, 'Urb. Povoa de Baixo - Rua das Tilias', 105, NULL, '3860', '348', 'Estarreja'),
(387, 'Rua de Salreu', 22, NULL, '3865', '286', 'Salreu'),
(388, 'Rua Padre Donaciano de Abreu Freire', 12, '3', '3860', '384', 'Estarreja'),
(389, 'Largo do Matinho', 14, NULL, '3865', '105', 'Fermelã'),
(390, 'Travessa Canto do Esteiro', 5, NULL, '3860', '270', 'Estarreja'),
(391, 'rua padre donaciano abreu freire', 10, '3', '3860', '284', 'Estarreja'),
(392, 'rua de teste', 123, NULL, '1122', '221', 'Estarreja'),
(393, 'Rua da Galiza, Lote 3', 17, '2', '3720', '125', 'Oliveira de Azeméis'),
(394, 'Travessa do Bairro S. Filipe, - Póvoa de Cima', 8, NULL, '3860', '295', 'Estarreja'),
(395, 'Rua dos Barreiros - Barreiro de Cima', 20, NULL, '3860', '216', 'Estarreja'),
(396, 'Rua Dr. João Carlos Vaz Cunha', 73, NULL, '3870', '355', 'Torreira'),
(397, 'Rua Póvoa de Baixo', 30, NULL, '3860', '386', 'Estarreja'),
(452, 'Estrada Nacional 109', 76, 'R/C', '3865', '011', 'Canelas'),
(453, 'Rua General Themudo Barata', 12, NULL, '3860', '404', 'Estarreja'),
(454, 'Rua do infantado', 28, NULL, '3860', '360', 'Estarreja'),
(455, 'Rua Marques Rodrigues - Quinta Costeira', 27, NULL, '3860', '297', 'Estarreja'),
(456, 'Rua de Trás', 194, NULL, '3860', '361', 'Estarreja'),
(457, 'Rua João Augusto Sousa Fernandes', 70, NULL, '3860', '601', 'Veiros'),
(458, 'Rua Tomaz de Figueiredo - Bloco 226 - R/C A', 43, NULL, '3860', '261', 'Estarreja'),
(459, 'Rua Dr Manuel Andrade', 45, NULL, '3865', '033', 'Canelas'),
(460, 'Largo 5 de Outubro', 23, '3', '3880', '062', 'Ovar'),
(461, 'Largo 5 de Outubro', 23, '3', '3880', '062', 'Ovar'),
(462, 'Av. Visconde Salreu', 9, NULL, '3860', '254', 'Salreu'),
(463, 'Rua D. Manuel - Conjunto Altamira', 85, '2ºDD', '3860', '366', 'Estarreja'),
(464, 'Rua do Serrano - Deveza Santiais', 4, NULL, '3860', '245', 'Estarreja'),
(465, 'Rua 15 de Maio ', 705, NULL, '3880', '503', 'Valega'),
(466, 'Rua da Ribeirinha', 35, NULL, '3870', '268', 'Murtosa'),
(467, 'Travessa da Escola Primária', 12, NULL, '3860', '314', 'Estarreja'),
(468, 'Av 25 de Abril', 65, '3ºesq', '3860', '352', 'Estarreja'),
(469, 'Rua Padre Donaciano Abreu Freire', 12, '5ºesq', '3860', '384', 'Estarreja'),
(470, 'Rua Padre Donaciano Abreu Freire', 12, '5', '3860', '384', 'Estarreja'),
(471, 'Rua General Themudo Barata', 12, NULL, '3860', '404', 'Estarreja'),
(472, 'Rua Picoto sul - Canelas', 14, NULL, '3865', '032', 'Estarreja'),
(473, 'Rua do Mercado - Pardelhas', 15, NULL, '3870', '101', 'Murtosa'),
(474, 'Rua da Póvoa de Baixo', 34, NULL, '3860', '386', 'Estarreja'),
(475, 'Rua do Outeiro, Beduído', 27, NULL, '3860', '230', 'Estarreja'),
(476, 'Rua São Geraldo', 60, NULL, '3860', '664', 'Veiros'),
(477, 'Travessa Santo António', 18, NULL, '3860', '648', 'Veiros'),
(478, 'RuaTomas Figueiredo - Bloco 228 - R/c A', 0, '0', '3860', '342', 'Estarreja'),
(479, 'Travessa Outeiro Coval', 171717, NULL, '3860', '258', 'Estarreja'),
(480, 'Rua de S. Tiago', 27, '1', '3860', '301', 'Estarreja'),
(481, 'Travessa Ferreira de Castro', 1, NULL, '3870', '099', 'Murtosa'),
(482, 'Rua Zeferino Pereira -  Damonde de Baixo', 79, NULL, '3720', '567', 'Travanca OAZ'),
(483, 'Rua S. Joaquim - Santiais', 17, NULL, '3860', '312', 'Estarreja'),
(484, 'Rua dos Catrazanas - Monte', 17, NULL, '3870', '105', 'Murtosa'),
(485, 'Rua da Ribeira', 25, NULL, '3880', '507', 'Valega'),
(486, 'Rua dos Margidos,Quintas do Norte', 13, NULL, '3870', '303', 'Torreira'),
(487, 'Rua do Serrado', 0, NULL, '3720', '000', 'Loureiro'),
(488, 'Rua dos Engenhos', 502, NULL, '3880', '682', 'Válega'),
(489, 'Rua de Bertufe', 24, '', '3880', '569', 'Válega'),
(490, 'Rua São Geraldo', 67, NULL, '3860', '664', 'Veiros'),
(491, 'Rua do Areal', 15, '1º Dt.', '3870', '420', 'Torreira'),
(492, 'Rua do Areal', 15, '1', '3870', '420', 'Torreira'),
(493, 'Rua Dr António de Abreu Freire', 2, '2', '3860', '251', 'Estarreja'),
(494, 'Travessa do Crasto - Santo Amaro', 3, NULL, '3860', '323', 'Estarreja'),
(495, 'Rua Nossa Senhora das Areias', 87, NULL, '3800', '901', 'São Jacinto'),
(496, 'Rua Padre Donaciano Abreu Freire', 12, '1', '3860', '384', 'Estarreja'),
(497, 'Rua Prof  Cecília Oliveira - Póvoa de baixo', 20, NULL, '3860', '269', 'Estarreja'),
(498, 'Travessa Santo António Veiros', 14, NULL, '3860', '648', 'Estarreja'),
(499, 'Rua Desembargador Oliveira Pinto', 157, NULL, '3860', '363', 'Estarreja'),
(500, 'Rua da Corredoura', 25, NULL, '3800', '132', 'Fermelã'),
(501, 'Rua do Rato', 143, NULL, '3870', '870', 'Monte - Murtosa'),
(502, 'Rua Tomás Figueiredo', 14, '', '3860', '341', 'Estarreja'),
(503, 'Rua dos Passadouros', 49, NULL, '3870', '028', 'Bunheiro'),
(504, 'Rua Padre Donaciano Abreu Freire', 10, '2', '3860', '384', 'Estarreja'),
(505, 'Rua Padre José  Possidonio Henriques', 12, NULL, '3860', '593', 'Veiros'),
(506, 'Travessa do Falcão', 8, NULL, '3865', '004', 'Canelas'),
(507, 'Rua da Feiteira - Povoa de Baixo', 12, NULL, '3860', '263', 'Estarreja'),
(508, 'Rua da Bandulha', 34, NULL, '3865', '001', 'Canelas'),
(509, 'Rua General Themudo Barata', 26, NULL, '3860', '404', 'Estarreja'),
(510, 'Rua Padre Donaciano Abreu Freire', 10, '3', '3860', '384', 'Estarreja'),
(511, 'Rua Fundação Benjamim Dias Costa', 11, NULL, '3860', '153', 'Avanca'),
(512, 'Rua Dr Joaquim Rodrigues da Silva', 17, NULL, '3865', '219', 'Salreu'),
(513, 'Rua Padre José Possidónio Henriques', 20, NULL, '3860', '593', 'Veiros'),
(514, 'Rua Padre José Possidónio Henriques', 20, NULL, '3860', '593', 'Veiros'),
(515, 'Rua Manuel José Dias, 35', 35, NULL, '3870', '031', 'Bunheiro'),
(516, 'Rua Manuel José Dias, 35', 35, NULL, '3870', '031', 'Bunheiro'),
(517, 'Rua do Fertal', 39, NULL, '3870', '021', 'Bunheiro'),
(518, 'Rua do Fertal', 39, NULL, '3870', '021', 'Bunheiro'),
(519, 'Rua do Fertal', 39, NULL, '3870', '021', 'Bunheiro'),
(520, 'Rua do Fertal', 39, NULL, '3870', '021', 'Bunheiro'),
(521, 'Rua da cabine', 4, NULL, '3870', '140', 'Murtosa'),
(522, 'Rua da cabine', 4, NULL, '3870', '140', 'Murtosa'),
(523, 'Beco das Barreiras', 6, '1', '3860', '341', 'Estarreja'),
(524, 'Beco das Barreiras', 6, '1', '3860', '341', 'Estarreja'),
(525, 'Beco das Barreiras', 6, '1', '3860', '341', 'Estarreja'),
(526, 'Beco das Barreiras', 6, '1', '3860', '341', 'Estarreja'),
(527, 'Rua Padre Donaciano Abreu Freire', 43, '3', '3860', '384', 'Estarreja'),
(528, 'Rua Padre Donaciano Abreu Freire', 43, '3', '3860', '384', 'Estarreja'),
(529, 'Rua do Professor Primário', 15, '1', '3860', '260', 'Estarreja'),
(530, 'Rua do Professor Primário', 15, '1', '3860', '260', 'Estarreja'),
(531, 'Rua Joaquim Bastos - Madail', 461, NULL, '3720', '116', 'Oliveira de Azeméis'),
(532, 'Rua Joaquim Bastos - Madail', 461, NULL, '3720', '116', 'Oliveira de Azeméis'),
(533, 'Rua Agostinho Leite', 51, NULL, '3860', '357', 'Estarreja'),
(534, 'Rua Agostinho Leite', 51, NULL, '3860', '357', 'Estarreja'),
(535, 'Av. 25 de Abril - Ed. Palácio - Bl. C', 10, '0', '3860', '352', 'Estarreja'),
(536, 'Av. 25 de Abril - Ed. Palácio - Bl. C', 10, '0', '3860', '352', 'Estarreja'),
(537, 'Rua Fonte dos Luendros - casa 8', 4, NULL, '3850', '587', 'Soutelo'),
(538, 'Rua Fonte dos Luendros - casa 8', 4, NULL, '3850', '587', 'Soutelo'),
(539, 'Rua Prof. António Ferreira Pitarma', 0, NULL, '3860', '443', 'Pardilhó'),
(540, 'Rua Prof. António Ferreira Pitarma', 0, NULL, '3860', '443', 'Pardilhó'),
(541, 'Rua Desembargador Correia Teles', 310, '2', '3860', '362', 'Estarreja'),
(542, 'Rua Desembargador Correia Teles', 310, '2', '3860', '362', 'Estarreja'),
(543, 'Rua Conselheiro José Luciano de Castro', 144, '2º', '3860', '358', 'Estarreja'),
(544, 'Rua do Professor Primario', 4, NULL, '3860', '260', 'Estarreja'),
(545, 'Rua Tomás de Figueiredo', 95, NULL, '3860', '341', 'Estarreja'),
(546, 'Tv. Fonte de S. Martinho', 3, NULL, '3865', '329', 'Salreu'),
(547, 'Travessa Canto do Esteiro', 5, NULL, '3860', '270', 'Estarreja'),
(548, 'Rua do Lavrador', 8, NULL, '3860', '215', 'Estarreja'),
(549, 'Rua da Saudade', 54, NULL, '3870', '159', 'Murtosa'),
(550, 'Rua Desembargador Correia Teles', 1, '2º', '3860', '362', 'Estarreja'),
(551, 'Rua de Bertufe', 53, NULL, '3880', '569', 'Válega'),
(552, 'Rua Padre Donaciano de Abreu Freire', 12, '3', '3860', '384', 'Estarreja'),
(553, 'Urb. Povoa de Baixo - Rua das Tilias', 105, NULL, '3860', '348', 'Estarreja'),
(554, 'Rua de Salreu', 22, NULL, '3865', '286', 'Salreu'),
(555, 'Rua Domingos José da Costa', 38, NULL, '3720', '284', 'Oliveira de Azeméis'),
(556, 'Rua Domingos José da Costa', 38, NULL, '3720', '284', 'Oliveira de Azeméis'),
(557, 'Largo do Matinho', 14, NULL, '3865', '105', 'Fermelã'),
(558, 'Rua Padre António Maria Pinho', 202, '2ºesq', '3860', '383', 'Estarreja'),
(559, 'Rua das Chouninhas', 166, NULL, '3860', '093', 'Avanca'),
(560, 'Rua do Mato', 6, NULL, '3865', '255', 'Salreu'),
(561, 'Teixugueira', 222, '2ºD', '3860', '676', 'Estarreja'),
(562, 'Rua de Pintim', 760, NULL, '3880', '511', 'Válega'),
(563, 'Rua de Pintim', 760, NULL, '3880', '511', 'Válega'),
(564, 'Rua Maria Lurdes Abreu', 1, NULL, '3865', '865', 'Salreu'),
(565, 'Torreira', 0, NULL, '3870', '000', 'Torreira'),
(566, 'Travessa do Outeiro', 1, NULL, '3860', '264', 'Estarreja'),
(567, 'Rua Associação Cultural de Salreu', 25, NULL, '3865', '279', 'Salreu'),
(568, 'Rua 15 de Maio', 933, NULL, '3880', '503', 'Válega'),
(569, 'Rua Ribeiro da Ladeira', 7, NULL, '3865', '214', 'Salreu'),
(570, 'Rua Arrais João Faustino', 15, NULL, '3870', '332', 'Torreira'),
(571, 'Rua Dr Albino dos Reis', 570, '1º And', '3720', '067', 'Loureiro'),
(572, 'Rua da Teixeira', 27, NULL, '3865', '016', 'Canelas'),
(573, 'Rua de S. Martinho', 34, NULL, '3865', '271', 'Salreu'),
(574, 'Rua da Igreja', 13, NULL, '3800', '901', 'S. Jacinto'),
(575, 'Rua da Estrada', 173, '0', '3870', '065', 'Murtosa'),
(576, 'Rua Dr Barbosa Magalhães', 19, NULL, '3870', '212', 'Murtosa'),
(577, 'Avenida 25 de Abril - Ed Palácio-Bloco C', 10, '1', '3860', '352', 'Estarreja'),
(578, 'Rua da Formiga - Moradia C', 8, NULL, '3850', '571', 'Branca'),
(579, 'Beco do Salgueiro', 10, NULL, '3860', '512', 'Pardilhó'),
(580, 'Rua António Vieira Pinto', 31, NULL, '3870', '127', 'Monte-Murtosa'),
(581, 'Rua D. Manuel l', 0, '7', '3860', '366', 'Estarreja'),
(582, 'Rua da Imprensa', 68, NULL, '3860', '496', 'Pardilhó'),
(583, 'Rua do Arieiro', 7, NULL, '3865', '203', 'Salreu'),
(584, 'Rua Maurício de Almeida - Urb. Póvoa de Baixo', 117, NULL, '3860', '349', 'Estarreja'),
(585, 'Rua Desembargador Oliveira Pinto', 2, NULL, '3860', '363', 'Estarreja'),
(586, 'Quinta do Valdujo', 0, NULL, '3865', '240', 'Salreu'),
(587, 'Rua Dr. Joaquim Simões', 230, '3', '3860', '339', 'Estarreja'),
(588, 'Rua Dr. Tavares da Silva', 1, NULL, '3860', '377', 'Estarreja'),
(589, 'Rua Dr  Manuel Andrade', 139, '1ºC', '3860', '372', 'Estarreja'),
(590, 'Av 12 de Julho', 4, NULL, '3870', '391', 'Torreira'),
(591, 'Rua Sidonio Pais', 21, NULL, '3870', '177', 'Murtosa'),
(592, 'Rua Adou de Cima', 47, NULL, '3865', '202', 'Salreu'),
(593, 'Rua Luis de Camões', 56, '1', '3860', '381', 'Estarreja'),
(594, 'Rua Desembargador Oliveira Pinto', 29, NULL, '3865', '273', 'Salreu'),
(595, 'Rua do Chão-Velho', 17, NULL, '3870', '145', 'Murtosa'),
(596, 'Rua Desembargador Oliveira Pinto', 24, NULL, '3860', '363', 'Estarreja'),
(597, 'Rua José Maria da Silva Garganta', 5, NULL, '3860', '663', 'Veiros'),
(598, 'Rua da Balsa', 44, NULL, '3865', '211', 'Salreu'),
(599, 'Rua do norte - Rochico', 69, NULL, '3865', '110', 'Fermelã'),
(600, 'Rua da Raia Seca - fundo do pinheiro', 78, NULL, '3720', '475', 'Pinheiro da Bemposta'),
(601, 'Rua das Barreira', 1, NULL, '3860', '341', 'Estarreja'),
(602, 'Rua Professor Abílio Ramos, Nº32', 32, NULL, '3870', '063', 'Bunheiro'),
(603, 'Rua Professor Abílio Ramos, Nº32', 32, NULL, '3870', '063', 'Bunheiro'),
(604, 'Rua Professor Abílio Ramos, Nº32', 32, NULL, '3870', '063', 'Bunheiro'),
(605, 'Rua Professor Abílio Ramos, Nº32', 32, NULL, '3870', '063', 'Bunheiro'),
(606, 'Rua da Feira Santo Amaro', 25, NULL, '3860', '318', 'Estarreja'),
(607, 'Av. 25 de Abril', 55, '4º esq', '3860', '352', 'Estarreja'),
(608, 'Edíficio Flamingo-Bloco B-RC Direito-Estrada de São Filipe', 1, NULL, '3860', '276', 'Estarreja'),
(609, 'Rua das Covas', 32, NULL, '3860', '715', 'Pardilhó'),
(610, 'Rua da Rigueirinha', 35, NULL, '3870', '268', 'Murtosa'),
(611, 'Rua D. Dinis', 58, NULL, '3870', '162', 'Murtosa'),
(612, 'Rua de Timor', 151, '5', '3880', '180', 'Ovar'),
(613, 'EN 327', 309, NULL, '3870', '304', 'Torreira'),
(614, 'EN 327', 309, NULL, '3870', '304', 'Torreira'),
(615, 'Urbanização da Torreirinha', 48, NULL, '3870', '366', 'Torreira'),
(616, 'Urbanização da Torreirinha', 48, NULL, '3870', '366', 'Torreira'),
(617, 'Av. 12 de Julho', 4, '1', '3870', '391', 'Torreira'),
(618, 'Areosa do Norte', 17, NULL, '3860', '204', 'Estarreja'),
(619, 'Areosa do Norte', 17, NULL, '3860', '204', 'Estarreja'),
(620, 'Rua das Tílias', 104, NULL, '3860', '345', 'Estarreja'),
(621, 'Rua das Tílias', 104, NULL, '3860', '345', 'Estarreja'),
(622, 'Rua Marques Rodrigues', 52, NULL, '3860', '259', 'Estarreja'),
(623, 'Urb. Torreirinha', 19, NULL, '3870', '366', 'Torreira'),
(624, 'Rua da Quinta Velha', 548, '3', '3860', '299', 'Estarreja'),
(625, 'Rua da Quinta Velha', 548, '3', '3860', '299', 'Estarreja'),
(626, 'Rua Padre Joaquim Domingues da Silva', 6, NULL, '3865', '031', 'Canelas-Estarreja'),
(627, 'Rua Padre Joaquim Domingues da Silva', 6, NULL, '3865', '031', 'Canelas-Estarreja'),
(628, 'Rua da Estrada', 176, NULL, '3870', '195', 'Murtosa'),
(629, 'Rua Dr António Maria - Feital - Loureiro', 271, NULL, '3720', '055', 'Oliveira de Azeméis'),
(630, 'Praça Jaime Arneixo - Ap I', NULL, '1', '3870', '224', 'Murtosa'),
(631, 'Praça Jaime Arneixo - Ap I', NULL, '1', '3870', '224', 'Murtosa'),
(632, 'Travessa da Boavista, norte', 1, NULL, '3865', '315', 'Salreu'),
(633, 'Travessa da Boavista, norte', 1, NULL, '3865', '315', 'Salreu'),
(634, 'Rua Major Ferreira', 42, NULL, '3860', '000', 'Estarreja'),
(635, 'Rua Major Ferreira', 42, NULL, '3860', '000', 'Estarreja'),
(636, 'Rua Santo António', 25, NULL, '3850', '483', 'Angeja'),
(637, 'Rua do Serrano - Deveza Santiais', 4, NULL, '3860', '245', 'Estarreja'),
(638, 'Av. Visconde Salreu', 9, NULL, '3860', '254', 'Salreu'),
(639, 'Rua General Themudo Barata', 12, NULL, '3860', '404', 'Estarreja'),
(640, 'Rua General Themudo Barata', 12, NULL, '3860', '404', 'Estarreja'),
(641, 'Rua Canto do Esteiro - Povoa de Baixo', 24, NULL, '3860', '262', 'Estarreja'),
(642, 'Rua Canto do Esteiro - Povoa de Baixo', 24, NULL, '3860', '262', 'Estarreja'),
(643, 'Rua 15 de Maio ', 705, NULL, '3880', '503', 'Valega'),
(644, 'Rua Dr Manuel Andrade', 45, NULL, '3865', '033', 'Canelas'),
(645, 'Travessa do Bairro S. Filipe - Póvoa de Cima', 8, NULL, '3860', '295', 'Estarreja'),
(646, 'Rua da Boavista - Macieira - Loureiro', 731, NULL, '3720', '060', 'Loureiro - OAZ'),
(647, 'Rua da Boavista - Macieira - Loureiro', 731, NULL, '3720', '060', 'Loureiro - OAZ'),
(648, 'Rua do Meio - Povoa de Cima ', 16, NULL, '3860', '294', 'Estarreja'),
(649, 'Rua do Meio - Povoa de Cima ', 16, NULL, '3860', '294', 'Estarreja'),
(650, 'Rua do Mercado - Pardelhas', 15, NULL, '3870', '101', 'Murtosa'),
(651, 'Rua dos Barreiros - Barreiro de Cima', 20, NULL, '3860', '216', 'Estarreja'),
(652, 'Rua São Geraldo', 60, NULL, '3860', '664', 'Veiros'),
(653, 'Rua da Ribeirinha', 35, NULL, '3870', '268', 'Murtosa'),
(654, 'Rua Dr Manuel Ferreira Silva', 5, NULL, '3860', '860', 'Estarreja'),
(655, 'Rua Dr Manuel Ferreira Silva', 5, NULL, '3860', '860', 'Estarreja'),
(656, 'Rua da Boavista,  Salreu', 27, NULL, '3865', '215', 'Salreu'),
(657, 'Rua da Boavista,  Salreu', 27, NULL, '3865', '215', 'Salreu'),
(658, 'Rua Professor Dr Egas Moniz', 10, '1', '3860', '078', 'Avanca'),
(659, 'Avenida 25 de Abril - Ed. Pais Pinto ', 77, '4', '3860', '352', 'Estarreja'),
(660, 'Largo do Matinho', 14, NULL, '3865', '105', 'Fermelã - Estarreja '),
(661, 'Rua Nova - Urbanização Porto Riba - Fracção F - Soutelo- Branca', 1, NULL, '3850', '587', 'Albergaria a Velha'),
(662, 'Rua Desembargador Correia Teles', 310, '2', '3860', '362', 'Estarreja'),
(663, 'Rua Marques Rodrigues', 17, NULL, '3860', '297', 'Estarreja'),
(664, 'Rua Direira', 3, NULL, '3865', '022', 'Canelas'),
(665, 'Rua Cidade Porto Novo', 216, NULL, '3860', '242', 'Estarreja'),
(666, 'Rua Cidade Porto Novo', 216, NULL, '3860', '242', 'Estarreja'),
(667, 'Rua Dr Agostinho L.P. Valente', 25, NULL, '3860', '436', 'Pardilhó'),
(668, 'Rua das Tílias', 17, NULL, '3860', '345', 'Estarreja'),
(669, 'Lugar das Arrotas-Pardelhas', 31, NULL, '3870', '193', 'Murtosa'),
(670, 'Rua Maria de Lurdes Breu', 61, NULL, '3865', '229', 'Salreu'),
(671, 'Rua António Maria Silva e Pinho - Pardilhó', 121, NULL, '3860', '431', 'Pardilhó'),
(672, 'Rua Mártires da Pátria - Veiros', 5, NULL, '3860', '636', 'Estarreja'),
(673, 'Rua de Macau - Sargaçal ', 116, '1', '3880', '644', 'Válega'),
(674, 'Rua D. Francisco Nunes Teixeira', 31, NULL, '3860', '289', 'Estarreja'),
(675, 'Rua da Brejinha', 20, NULL, '3860', '296', 'Estarreja'),
(676, 'Urbanização da Póvoa de Baixo', 223, NULL, '3860', '342', 'Estarreja'),
(677, 'Rua Conde Ferreira', 65, NULL, '3860', '259', 'Estarreja'),
(678, 'Rua das Tílias - Urbanização da Póvoa de Baixo', 1, NULL, '3860', '345', 'Estarreja'),
(679, 'Rua General Themudo Barata', 15, NULL, '3860', '404', 'Estarreja'),
(680, 'Beco do Outeiro Alto', 12, NULL, '2870', '027', 'Bunheiro'),
(681, 'Rua Fonte dos batizados', 16, NULL, '3860', '223', 'Estarreja'),
(682, 'Rua Tomé', 17, NULL, '3865', '288', 'Salreu'),
(683, 'Av. 25 de Abril', 53, '3', '3860', '352', 'Estarreja'),
(684, 'Rua do Barreiro de Além - Santiais', 23, NULL, '3860', '311', 'Estarreja'),
(685, 'Rua do Barreiro de Além - Santiais', 23, NULL, '3860', '311', 'Estarreja'),
(686, 'Urbanização Quinta dos Leites', 99, NULL, '3870', '319', 'Torreira'),
(687, 'Urbanização Quinta dos Leites', 99, NULL, '3870', '319', 'Torreira'),
(688, 'Estrada Nacional 327-Quintas do Norte', 467, NULL, '3870', '303', 'Torreira'),
(689, 'Rua 13 de Setembro  - Póvoa de Baixo', 35, NULL, '3860', '274', 'Estarreja'),
(690, 'Rua 13 de Setembro  - Póvoa de Baixo', 35, NULL, '3860', '274', 'Estarreja'),
(691, 'Rua Padre Donaciano Abreu Freire', 43, '4', '3860', '384', 'Estarreja'),
(692, 'Travessa Dr António Duarte de Oliveira', 6, NULL, '3860', '051', 'Avanca'),
(693, 'Rua Lagoa de Assões, Bloco 2', 0, '0', '3880', '723', 'Ovar'),
(694, 'Rua Lagoa de Assões, Bloco 2', 0, '0', '3880', '723', 'Ovar'),
(695, 'Rua Desembargador Oliveira Pinto', 12, '0', '3860', '363', 'Estarreja'),
(696, 'Urbanização da Póvoa de Baixo', 228, NULL, '3860', '350', 'Estarreja'),
(697, 'Rua do Areal - Ed. Areal', 5, '1', '3870', '406', 'Torreira'),
(698, 'Rua da Ribeira', 25, NULL, '3880', '507', 'Valega'),
(699, 'RuaTomas Figueiredo - Bloco 228 - R/c A', 0, '0', '3860', '342', 'Estarreja'),
(700, 'Rua do Outeiro, Beduído', 27, NULL, '3860', '230', 'Estarreja'),
(701, 'Rua dos Margidos,Quintas do Norte', 13, NULL, '3870', '303', 'Torreira'),
(702, 'Rua do Serrado', 0, NULL, '3720', '000', 'Loureiro'),
(703, '', 0, NULL, '', '', ''),
(704, '', 0, NULL, '', '', ''),
(705, 'Rua Marques Rodrigues - Quinta Costeira', 27, NULL, '3860', '297', 'Estarreja'),
(706, '', 0, NULL, '', '', 'Esmoriz'),
(707, 'Av 25 de Abril', 65, '3ºesq', '3860', '352', 'Estarreja'),
(708, 'Rua Padre Donaciano Abreu Freire', 12, '5ºesq', '3860', '384', 'Estarreja'),
(709, 'Rua das Quintas Lote 5', 0, NULL, '', '', ''),
(710, 'Travessa da Escola Primária', 12, NULL, '3860', '314', 'Estarreja'),
(711, 'Rua de Trás', 194, NULL, '3860', '361', 'Estarreja'),
(712, 'Rua D. Manuel - Conjunto Altamira - 2ºDD', 85, '2', '3860', '366', 'Estarreja'),
(713, 'Rua da Galiza, Lote 3', 17, '3', '3720', '125', 'Oliveira de Azeméis'),
(714, 'Rua Areosa do Sul', 28, NULL, '3860', '205', 'Estarreja'),
(715, 'Rua Areosa do Sul', 28, NULL, '3860', '205', 'Estarreja'),
(716, 'Rua do infantado', 28, NULL, '3860', '360', 'Estarreja'),
(717, 'Travessa Santo António', 18, NULL, '3860', '648', 'Veiros'),
(718, 'Rua Padre Eloy de Pinho', 8, '1', '3880', '255', 'Ovar'),
(719, 'Rua das Olas', 2, NULL, '3860', '632', 'Veiros'),
(720, 'Rua das Olas', 2, NULL, '3860', '632', 'Veiros'),
(721, 'Rua João Augusto Sousa Fernandes', 70, NULL, '3860', '601', 'Veiros'),
(722, 'Rua Póvoa de Baixo', 30, NULL, '3860', '386', 'Estarreja'),
(723, 'Rua da Póvoa de Baixo', 34, NULL, '3860', '386', 'Estarreja'),
(724, 'Rua São Geraldo', 67, NULL, '3860', '664', 'Veiros'),
(725, 'Travessa Ferreira de Castro', 1, NULL, '3870', '099', 'Murtosa'),
(726, 'Rua Zeferino Pereira -  Damonde de Baixo', 79, NULL, '3720', '567', 'Travanca OAZ'),
(727, 'Rua Padre Donaciano Abreu Freire - Ed. Lusíadas II', 10, NULL, '3860', '384', 'Estarreja'),
(728, 'Rua Padre Donaciano Abreu Freire - Ed. Lusíadas II', 10, NULL, '3860', '384', 'Estarreja'),
(729, 'Rua da Arribada', 200, NULL, '3860', '092', 'Avanca'),
(730, 'Rua da Arribada', 200, NULL, '3860', '092', 'Avanca'),
(731, 'Rua dos Salvadores da Nathalie', 10, NULL, '3870', '410', 'Torreira'),
(732, 'Rua dos Salvadores da Nathalie', 10, NULL, '3870', '410', 'Torreira'),
(733, 'Rua Agro de Meios', 10, NULL, '3860', '586', 'Veiros'),
(734, 'Rua Agro de Meios', 10, NULL, '3860', '586', 'Veiros'),
(735, 'Rua Manuel José da Silva, Edificio Altamira', 27, '1', '3720', '307', 'Oliveira de Azemeis'),
(736, 'Rua Manuel José da Silva, Edificio Altamira', 27, '1', '3720', '307', 'Oliveira de Azemeis'),
(737, 'Rua Dr Manuel Andrade', 45, NULL, '3865', '033', 'Canelas'),
(738, 'Rua Dr Manuel Andrade', 45, NULL, '3865', '033', 'Canelas'),
(739, 'Rua das Mestras', 40, NULL, '3870', '032', 'Bunheiro'),
(740, 'Rua das Mestras', 40, NULL, '3870', '032', 'Bunheiro'),
(741, 'Rua Aceiro', 2, NULL, '3860', '227', 'Estarreja'),
(742, 'Rua Aceiro', 2, NULL, '3860', '227', 'Estarreja'),
(743, 'Rua Aceiro', 2, NULL, '3860', '227', 'Estarreja'),
(744, 'Rua Aceiro', 2, NULL, '3860', '227', 'Estarreja'),
(745, 'Rua Padre Alves Garrido', 0, NULL, '3860', '088', 'Avanca'),
(746, 'Rua Padre Alves Garrido', 0, NULL, '3860', '088', 'Avanca'),
(747, 'Travessa de Santa Luzia ', 10, NULL, '3860', '661', 'Veiros'),
(748, 'Travessa de Santa Luzia ', 10, NULL, '3860', '661', 'Veiros'),
(749, 'Travessa Drº António Madureira, Vivenda', 7, NULL, '3860', '249', 'Estarreja'),
(750, 'Travessa Drº António Madureira, Vivenda', 7, NULL, '3860', '249', 'Estarreja'),
(751, 'Travessa da Rua Nova', 26, NULL, '3860', '731', 'Pardilhó'),
(752, 'Bairro da Teixugueira', 222, '2', '3860', '860', 'Estarreja'),
(753, 'Bairro da Teixugueira', 222, '2', '3860', '860', 'Estarreja'),
(754, 'Rua Areia do Gonde', 73, NULL, '3860', '064', 'Avanca'),
(755, 'Rua Areia do Gonde', 73, NULL, '3860', '064', 'Avanca'),
(756, 'Rua Padre Salvador Terra', 277, NULL, '3860', '015', 'Avanca'),
(757, 'Rua Padre Salvador Terra', 277, NULL, '3860', '015', 'Avanca'),
(758, 'Rua São Geraldo', 60, NULL, '3860', '664', 'Veiros'),
(759, 'Rua São Geraldo', 60, NULL, '3860', '664', 'Veiros'),
(760, 'Rua São Geraldo', 60, NULL, '3860', '664', 'Veiros'),
(761, 'Beco do Feiro', 2, NULL, '3865', '307', 'Salreu'),
(762, 'Beco do Feiro', 2, NULL, '3865', '307', 'Salreu'),
(763, 'Beco do Feiro', 2, NULL, '3865', '307', 'Salreu'),
(764, 'Travessa Santa Mafalda', 5, NULL, '3870', '259', 'Murtosa'),
(765, 'Travessa Santa Mafalda', 5, NULL, '3870', '259', 'Murtosa'),
(766, 'Travessa Santa Mafalda', 5, NULL, '3870', '259', 'Murtosa'),
(767, 'Rua Luís de Camões', 66, '3ºesq', '3860', '381', 'Estarreja'),
(768, 'Rua Luís de Camões', 66, '3ºesq', '3860', '381', 'Estarreja'),
(769, 'Rua Luís de Camões', 66, '3ºesq', '3860', '381', 'Estarreja'),
(770, 'Rua Dr Jaime Ferreira da Silva', 201, NULL, '3860', '256', 'Estarreja'),
(771, 'Rua Dr Jaime Ferreira da Silva', 201, NULL, '3860', '256', 'Estarreja'),
(772, 'Rua Dr Jaime Ferreira da Silva', 201, NULL, '3860', '256', 'Estarreja'),
(773, 'Rua Terra do Monte', 0, NULL, '3865', '120', 'Fermelã'),
(774, 'Rua Terra do Monte', 0, NULL, '3865', '120', 'Fermelã'),
(775, 'Rua Delfim de Almeida', 198, NULL, '3880', '578', 'Válega'),
(776, 'Rua Delfim de Almeida', 198, NULL, '3880', '578', 'Válega'),
(777, 'Rua Delfim de Almeida', 198, NULL, '3880', '578', 'Válega'),
(778, 'Rua do Rato', 182, 'F - E', '3720', '051', 'Loureiro'),
(779, 'Rua do Rato', 182, 'Fr - E', '3720', '051', 'Loureiro'),
(780, 'Rua do Rato', 182, 'F - E', '3720', '051', 'Loureiro'),
(781, 'Rua do Meio-Póvoa de Cima', 1, NULL, '3860', '294', 'Estarreja'),
(782, 'Rua do Meio', 1, NULL, '3860', '294', 'Póvoa de Cima'),
(783, 'Rua do Meio', 1, NULL, '3860', '294', 'Póvoa de Cima'),
(784, 'Rua Visconde Salreu', 8, NULL, '3865', '248', 'Salreu'),
(785, 'Rua Visconde Salreu', 8, NULL, '3865', '248', 'Salreu'),
(786, 'Rua Visconde Salreu', 8, NULL, '3865', '248', 'Salreu'),
(787, 'Rua João Augusto Sousa Fernandes', 70, NULL, '3860', '601', 'veiros'),
(788, 'Rua João Augusto Sousa Fernandes', 70, NULL, '3860', '601', 'veiros'),
(789, 'Rua João Augusto Sousa Fernandes', 70, NULL, '3860', '601', 'veiros'),
(790, 'Av. 25 de Abril', 43, '3ºesq', '3860', '352', 'Estarreja'),
(791, 'Av. 25 de Abril', 43, '3ºesq', '3860', '352', 'Estarreja'),
(792, 'Av. 25 de Abril', 43, '3ºesq', '3860', '352', 'Estarreja'),
(793, 'Rua Francisco Barbado', 26, NULL, '3860', '290', 'Estarreja'),
(794, 'Rua Francisco Barbado', 26, NULL, '3860', '290', 'Estarreja'),
(795, 'Rua Francisco Barbado', 26, NULL, '3860', '290', 'Estarreja'),
(796, 'Rua Barreiro do Meio', 19, NULL, '3860', '221', 'Estarreja'),
(797, 'Rua Barreiro do Meio', 19, NULL, '3860', '221', 'Estarreja'),
(798, 'Rua Barreiro do Meio', 19, NULL, '3860', '221', 'Estarreja'),
(799, 'Rua Dr Guilherme Souto', 81, NULL, '3860', '369', 'Estarreja');
INSERT INTO `morada` (`ID_Morada`, `Rua`, `Numero`, `Andar`, `CodPostal4`, `CodPostal3`, `Localidade`) VALUES
(800, 'Rua Dr Guilherme Souto', 81, NULL, '3860', '369', 'Estarreja'),
(801, 'Rua Dr Guilherme Souto', 81, NULL, '3860', '369', 'Estarreja'),
(802, 'Rua Família Lopes Rodrigues', 55, NULL, '3880', '545', 'Válega'),
(803, 'Rua Família Lopes Rodrigues', 55, NULL, '3880', '545', 'Válega'),
(804, 'Rua Família Lopes Rodrigues', 55, NULL, '3880', '545', 'Válega'),
(805, 'Rua Santo António', 24, NULL, '3860', '645', 'Veiros'),
(806, 'Rua Santo António', 24, NULL, '3860', '645', 'Veiros'),
(807, 'Rua Santo António', 24, NULL, '3860', '645', 'Veiros'),
(808, 'Urbanização da Teixugueira', 224, '1ºD', '3860', '335', 'Estarreja'),
(809, 'Urbanização da Teixugueira', 224, '1ºD', '3860', '335', 'Estarreja'),
(810, 'Urbanização da Teixugueira', 224, '1ºD', '3860', '335', 'Estarreja'),
(811, 'Avenida São Mateus', 42, NULL, '3870', '059', 'Bunheiro - Murtosa'),
(812, 'Avenida São Mateus', 42, NULL, '3870', '059', 'Bunheiro - Murtosa'),
(813, 'Avenida São Mateus', 42, NULL, '3870', '059', 'Bunheiro - Murtosa'),
(814, 'Rua Agostinho Leite', 51, NULL, '3860', '357', 'Estarreja'),
(815, 'Rua Agostinho Leite', 51, NULL, '3860', '357', 'Estarreja'),
(816, 'Rua Agostinho Leite', 51, NULL, '3860', '357', 'Estarreja'),
(817, 'Rua Terra do Monte', 0, NULL, '3865', '120', 'Murtosa'),
(818, 'Rua do Vale Grande', 3, NULL, '3865', '268', 'Salreu'),
(819, 'Rua do Vale Grande', 3, NULL, '3865', '268', 'Salreu'),
(820, 'Rua do Vale Grande', 3, NULL, '3865', '268', 'Salreu'),
(821, 'Rua Visconde Valdemouro', 23, '4ºdt', '3860', '389', 'Estarreja'),
(822, 'Rua Visconde Valdemouro', 23, '4ºdt', '3860', '389', 'Estarreja'),
(823, 'Rua Visconde Valdemouro', 23, '4ºdt', '3860', '389', 'Estarreja'),
(824, 'Rua S. Simão', 74, NULL, '3870', '043', 'Bunheiro'),
(825, 'Rua S. Simão', 74, NULL, '3870', '043', 'Bunheiro'),
(826, 'Rua S. Simão', 74, NULL, '3870', '043', 'Bunheiro'),
(827, 'padre donaciano', 2, NULL, '3860', '000', 'estarreja'),
(828, 'qualquer rua', 0, NULL, '0000', '000', 'Localidade qq'),
(829, 'Avenida da Régua', 30, 'ºdrt', '3880', '001', 'Ovar'),
(830, 'Rua Brito Mesquita - Urbanização da Póvoa de Baixo', 55, NULL, '3860', '342', 'Estarreja'),
(831, 'Urbanização da Póvoa de Baixo', 211, NULL, '3860', '342', 'Estarreja'),
(832, 'Rua Santo António', 2, NULL, '4520', '616', 'S. João de Ver'),
(833, 'Travessa Américo', 12, NULL, '3860', '313', 'Estarreja'),
(834, 'Avenida S. Pedro de Vila Chã', 1, NULL, '3850', '107', 'Oliveira de Azemeis'),
(835, 'Rua da Mata', 32, NULL, '3860', '458', 'Pardilhó'),
(836, 'Rua da Mata', 32, NULL, '3860', '458', 'Pardilhó'),
(837, 'Rua da Mata', 32, NULL, '3860', '458', 'Pardilhó'),
(838, 'Rua 9 de Abril', 46, NULL, '3870', '155', 'Murtosa'),
(839, 'Rua 9 de Abril', 46, NULL, '3870', '155', 'Murtosa'),
(840, 'Rua 9 de Abril', 46, NULL, '3870', '155', 'Murtosa'),
(841, 'Rua da Junta de Freguesia', 18, NULL, '3870', '289', 'Murtosa'),
(842, 'Rua da Junta de Freguesia', 18, NULL, '3870', '289', 'Murtosa'),
(843, 'Rua da Junta de Freguesia', 18, NULL, '3870', '289', 'Murtosa'),
(844, 'Rua Professor Ruela Ramos', 0, NULL, '3870', '057', 'Murtosa'),
(845, 'Rua Professor Ruela Ramos', 0, NULL, '3870', '057', 'Murtosa'),
(846, 'Rua Professor Ruela Ramos', 0, NULL, '3870', '057', 'Murtosa'),
(847, 'Rua 15 de Maio', 988, NULL, '3880', '503', 'Válega'),
(848, 'Rua 15 de Maio', 988, NULL, '3880', '503', 'Válega'),
(849, 'Rua 15 de Maio', 988, NULL, '3880', '503', 'Válega'),
(850, 'Rua da Carreira', 13, NULL, '3770', '031', 'Mamarrosa'),
(851, 'Rua Dr tavares da Silva', 0, NULL, '3860', '256', 'Estarreja'),
(852, 'Rua Parque Desportivo', 901, NULL, '3730', '628', 'Vila Cova de Perrinho'),
(853, 'Rua José Luís Bastos', 23, NULL, '4520', '235', 'Vila Nova - feira'),
(854, 'Rua do Seixo', 201, NULL, '3880', '897', 'S. Vicente de Pereira'),
(855, 'Rua Professor Francisco Corujo', 0, NULL, '3830', '523', 'Gafanha'),
(856, 'Rua Alvares Cabral', 107, '1ºesq', '3880', '361', 'Ovar'),
(857, 'Bairro Piscatorio', 79, NULL, '4500', '212', 'Silvalde'),
(858, 'Rua da Murteira', 1475, NULL, '3885', '102', 'Arada'),
(859, 'Rua da relva', 6, 'A', '3720', '567', 'Travanca'),
(860, 'Rua da Brejinha', 34, NULL, '3860', '296', 'Estarreja'),
(861, 'Rua Nova Nogueira do Cravo', 0, NULL, '3700', '797', 'Nogueira do Cravo'),
(862, 'Rua Escola do Seixo', 543, NULL, '3880', '587', 'Murtosa'),
(863, 'Rua Escola do Seixo', 543, NULL, '3880', '587', 'Murtosa'),
(864, 'Estrada de S. Filipe', 2, '2ºesq', '3860', '276', 'Estarreja'),
(865, 'Estrada de S. Filipe', 2, '2ºesq', '3860', '276', 'Estarreja'),
(866, 'Estrada de S. Filipe', 2, '2ºesq', '3860', '276', 'Estarreja'),
(867, 'Rua de Santiais', 74, 'R/C', '3860', '307', 'Estarreja'),
(868, 'Rua de Santiais', 74, 'R/C', '3860', '307', 'Estarreja'),
(869, 'Rua de Santiais', 74, 'R/C', '3860', '307', 'Estarreja'),
(870, 'Rua do Murtório', 24, NULL, '3865', '293', 'Salreu'),
(871, 'Rua do Murtório', 24, NULL, '3865', '293', 'Salreu'),
(872, 'Rua do Murtório', 24, NULL, '3865', '293', 'Salreu'),
(873, 'Rua da Cova da Onça', 217, NULL, '3880', '541', 'Válega'),
(874, 'Rua da Cova da Onça', 217, NULL, '3880', '541', 'Válega'),
(875, 'Rua da Cova da Onça', 217, NULL, '3880', '541', 'Válega'),
(876, 'Rua Maria de Lurdes Breu', 68, NULL, '3865', '229', 'Salreu'),
(877, 'Rua Maria de Lurdes Breu', 68, NULL, '3865', '229', 'Salreu'),
(878, 'Avenida Força Aérea Portuguesa', 35, '3ºesq', '3800', '357', 'Aveiro'),
(879, 'Rua da Corga', 15, NULL, '3865', '131', 'Canelas'),
(880, 'Rua da Corga', 15, NULL, '3865', '131', 'Canelas'),
(881, 'Rua da Corga', 15, NULL, '3865', '131', 'Canelas'),
(882, 'Rua dos Carvalhos', 0, NULL, '3880', '605', 'Válega'),
(883, 'Rua dos Carvalhos', 0, NULL, '3880', '605', 'Válega'),
(884, 'Rua dos Carvalhos', 0, NULL, '3880', '605', 'Válega'),
(885, 'Rua 25 e Abril', 4, NULL, '3870', '151', 'Estarreja'),
(886, 'Rua 25 e Abril', 4, NULL, '3870', '151', 'Estarreja'),
(887, 'Rua 25 e Abril', 4, NULL, '3870', '151', 'Estarreja'),
(888, 'Rua da Balsa', 54, NULL, '3865', '211', 'Salreu'),
(889, 'Rua da Balsa', 54, NULL, '3865', '211', 'Salreu'),
(890, 'Rua da Balsa', 54, NULL, '3865', '211', 'Salreu'),
(891, 'Avenida 12 de Julho', 4, NULL, '3870', '391', 'Torreia'),
(892, 'Rua D. Manuel I', 2, '1ºdrt', '3860', '366', 'Estarreja'),
(893, 'Rua D. Manuel I', 2, '1ºdrt', '3860', '366', 'Estarreja'),
(894, 'Rua D. Manuel I', 2, '1ºdrt', '3860', '366', 'Estarreja'),
(895, 'Rua Egas Moniz', 741, NULL, '3860', '378', 'Estarreja'),
(896, 'Rua Egas Moniz', 741, NULL, '3860', '378', 'Estarreja'),
(897, 'Rua Egas Moniz', 741, NULL, '3860', '378', 'Estarreja'),
(898, 'Rua das Barreiras', 10, NULL, '3860', '371', 'Estarreja'),
(899, 'Rua das Barreiras', 10, NULL, '3860', '371', 'Estarreja'),
(900, 'Rua das Barreiras', 10, NULL, '3860', '371', 'Estarreja'),
(901, 'Rua Bairro de S. Filipe', 31, '1ºesq', '3860', '292', 'Estarreja'),
(902, 'Rua Bairro de S. Filipe', 31, '1ºesq', '3860', '292', 'Estarreja'),
(903, 'Rua Bairro de S. Filipe', 31, '1ºesq', '3860', '292', 'Estarreja'),
(904, 'Travessa do Feiro', 8, NULL, '3860', '242', 'Salreu'),
(905, 'Travessa do Feiro', 8, NULL, '3860', '242', 'Salreu'),
(906, 'Travessa do Feiro', 8, NULL, '3860', '242', 'Salreu'),
(907, 'Rua das Cavadas', 11, NULL, '3865', '018', 'Canelas'),
(908, 'Rua das Cavadas', 11, NULL, '3865', '018', 'Canelas'),
(909, 'Rua das Cavadas', 11, NULL, '3865', '018', 'Canelas'),
(910, 'Rua Luís de Camões', 44, '1ºdrt', '3860', '381', 'Estarreja'),
(911, 'Rua Luís de Camões', 44, '1ºdrt', '3860', '381', 'Estarreja'),
(912, 'Rua Luís de Camões', 44, '1ºdrt', '3860', '381', 'Estarreja'),
(913, 'Rua Adou de Baixo - Salreu', 3, NULL, '3865', '201', 'Estarreja'),
(914, 'Rua de São Tiago', 27, NULL, '3860', '301', 'Estarreja'),
(915, 'Rua Adou de Baixo - Salreu', 3, NULL, '3865', '201', 'Estarreja'),
(916, 'urbanização Lopes da Cunha - Qt do Sul', 38, NULL, '3870', '304', 'Torreira'),
(917, 'urbanização Lopes da Cunha - Qt do Sul', 38, NULL, '3870', '304', 'Torreira'),
(918, 'urbanização Lopes da Cunha - Qt do Sul', 38, NULL, '3870', '304', 'Torreira'),
(919, 'Rua Dr Manuel de Andrade', 45, NULL, '3860', '372', 'Estarreja'),
(920, 'Rua Dr Manuel de Andrade', 45, NULL, '3860', '372', 'Estarreja'),
(921, 'Rua Dr Manuel de Andrade', 45, NULL, '3860', '372', 'Estarreja'),
(922, 'Rua do Sul - Roxico', 108, NULL, '3865', '112', 'Fermelã'),
(923, 'Rua do Sul - Roxico', 108, NULL, '3865', '112', 'Fermelã'),
(924, 'Rua do Sul - Roxico', 108, NULL, '3865', '112', 'Fermelã'),
(925, 'Rua do Sul - Roxico', 108, NULL, '3865', '112', 'Fermelã'),
(926, 'Rua do Sul - Roxico', 108, NULL, '3865', '112', 'Fermelã'),
(927, 'Rua do Sul - Roxico', 108, NULL, '3865', '112', 'Fermelã'),
(928, 'Rua da Breija - Povoa de cima', 36, NULL, '3860', '293', 'Estarreja'),
(929, 'Rua da Breija - Povoa de cima', 36, NULL, '3860', '293', 'Estarreja'),
(930, 'Rua da Breija - Povoa de cima', 36, NULL, '3860', '293', 'Estarreja'),
(931, 'Estrada Nacional 109', 35, 'r/c', '3865', '011', 'Estarreja'),
(932, 'Estrada Nacional 109', 35, 'r/c', '3865', '011', 'Estarreja'),
(933, 'Estrada Nacional 109', 35, 'r/c', '3865', '011', 'Estarreja'),
(934, 'Rua Pedro Calado', 4, NULL, '3865', '285', 'Salreu'),
(935, 'Rua Pedro Calado', 4, NULL, '3865', '285', 'Salreu'),
(936, 'Rua Pedro Calado', 4, NULL, '3865', '285', 'Salreu'),
(937, 'Rua Tomás de Figueiredo', 6, NULL, '3860', '341', 'Estarreja'),
(938, 'Rua Tomás de Figueiredo', 6, NULL, '3860', '341', 'Estarreja'),
(939, 'Rua Tomás de Figueiredo', 6, NULL, '3860', '341', 'Estarreja'),
(940, 'Rua Dr Alberto Vidal', 103, '2ºdrt', '3860', '368', 'Estarreja'),
(941, 'Rua Dr Alberto Vidal', 103, '2ºdrt', '3860', '368', 'Estarreja'),
(942, 'Rua Dr Alberto Vidal', 103, '2ºdrt', '3860', '368', 'Estarreja'),
(943, 'Rua de Egas Moniz', 525, 'A', '3860', '378', 'Estarreja'),
(944, 'Rua de Egas Moniz', 525, 'A', '3860', '378', 'Estarreja'),
(945, 'Rua de Egas Moniz', 525, 'A', '3860', '378', 'Estarreja'),
(946, 'Rua Dr Jaime Ferreira da Silva', 199, NULL, '3860', '256', 'Estarreja'),
(947, 'Rua Dr Jaime Ferreira da Silva', 199, NULL, '3860', '256', 'Estarreja'),
(948, 'Rua Dr Jaime Ferreira da Silva', 199, NULL, '3860', '256', 'Estarreja'),
(949, 'Rua Condes de Estarreja', 238, '2L', '3860', '676', 'Estarreja'),
(950, 'Rua Condes de Estarreja', 238, '2L', '3860', '676', 'Estarreja'),
(951, 'Rua Condes de Estarreja', 238, '2L', '3860', '676', 'Estarreja'),
(952, 'Rua da Fontinha', 150, NULL, '3860', '248', 'Estarreja'),
(953, 'Rua da Fontinha', 150, NULL, '3860', '248', 'Estarreja'),
(954, 'Rua da Fontinha', 150, NULL, '3860', '248', 'Estarreja'),
(955, 'Rua da Fontinha', 150, NULL, '3860', '248', 'Estarreja'),
(956, 'Rua da Fontinha', 150, NULL, '3860', '248', 'Estarreja'),
(957, 'Rua da Fontinha', 150, NULL, '3860', '248', 'Estarreja'),
(958, 'Rua Dr António Tavares Afonso e Cunha', 45, NULL, '3860', '279', 'Estarreja'),
(959, 'Rua Dr António Tavares Afonso e Cunha', 45, NULL, '3860', '279', 'Estarreja'),
(960, 'Rua Dr António Tavares Afonso e Cunha', 45, NULL, '3860', '279', 'Estarreja'),
(961, 'Rua Professor Abílio Ramos', 86, NULL, '3870', '063', 'Bunheiro'),
(962, 'Rua Professor Abílio Ramos', 86, NULL, '3870', '063', 'Bunheiro'),
(963, 'Rua Professor Abílio Ramos', 86, NULL, '3870', '063', 'Bunheiro'),
(964, 'Rua Desembargador Correia Teles Bloco 198', 198, '5ºesq', '3860', '352', 'Esatarreja'),
(965, 'Rua Desembargador Correia Teles Bloco 198', 198, '5ºesq', '3860', '352', 'Esatarreja'),
(966, 'Rua da Cruz', 9, NULL, '3850', '000', 'Albergaria a Velha'),
(967, 'Travessa do Canto Esteiro', 11, NULL, '3860', '270', 'Estarreja'),
(968, 'Travessa do Canto Esteiro', 11, NULL, '3860', '270', 'Estarreja'),
(969, 'Travessa do Canto Esteiro', 11, NULL, '3860', '270', 'Estarreja'),
(970, 'Avenida 25 de Abril', 77, '1ºdrt', '3860', '352', 'Estarreja'),
(971, 'Avenida 25 de Abril', 77, '1ºdrt', '3860', '352', 'Estarreja'),
(972, 'Avenida 25 de Abril', 77, '1ºdrt', '3860', '352', 'Estarreja'),
(973, 'Rua Desembargador Correia Teles', 198, '2ºesq', '3860', '362', 'Estarreja'),
(974, 'Rua Desembargador Correia Teles', 198, '2ºesq', '3860', '362', 'Estarreja'),
(975, 'Rua Desembargador Correia Teles', 198, '2ºesq', '3860', '362', 'Estarreja'),
(976, 'Rua Largo da Água Levada', 0, NULL, '3860', '001', 'Avanca'),
(977, 'Travessa da Junqueira de Cima', 74, '3ºDto', '4405', '873', 'Porto'),
(978, 'Rua Dr Tavares da Silva', 0, NULL, '3860', '277', 'Estarreja'),
(979, 'Rua Dr Tavares da Silva', 0, NULL, '3860', '270', 'Estarreja'),
(980, 'Rua Dr Tavares da Silva', 0, NULL, '3860', '377', 'Estarreja'),
(981, 'Rua Dr Tavares da Silva', 0, NULL, '3860', '378', 'Estarreja'),
(982, 'Rua Ribeiras do Castér', 56, NULL, '4520', '256', 'Estarreja'),
(983, 'Rua Nova - Nogueira do Cravo', 0, NULL, '3700', '797', 'Oliveira de Azemeis'),
(984, 'Rua do Relva - Damonde de Baixos', 6, 'A', '3720', '567', 'Travanca'),
(985, 'Rua da Brejinha', 34, NULL, '3860', '296', 'Estarreja'),
(986, 'Rua da Murteira - Arada Ovar', 1475, NULL, '3885', '102', 'Arada'),
(987, 'Rua Professor Francisco Corujo', 0, NULL, '3830', '523', 'Ilhavo'),
(988, 'Rua do Seixo', 201, NULL, '3880', '897', 'S. Vicente'),
(989, 'Bairro Piscatório', 79, NULL, '4500', '212', 'Silvalde'),
(990, 'Rua José Luís Bastos - Vila Nova', 23, NULL, '4520', '235', 'Santa Maria da Feira'),
(991, 'Rua Parque Desportivo - Vila Cova de Perrinho', 401, NULL, '3730', '628', 'Vale de Cambra'),
(992, 'Rua da Caneira', 13, NULL, '3770', '031', 'Mamarrosa'),
(993, 'Rua Santo António', 2, NULL, '4520', '616', 'S. João de Cer'),
(994, 'Urbanização Jardins da Ria', 0, NULL, '3870', '301', 'Torreira'),
(995, 'Urbanização Jardins da Ria', 0, NULL, '3870', '301', 'Torreira'),
(996, 'Rua António Cruz Barbosa', 5, '2º', '3870', '327', 'Torreira'),
(997, 'Rua Eduarda Lapa', 73, NULL, '3860', '348', 'Veiros-Beduido'),
(998, 'Rua Eduarda Lapa', 73, NULL, '3860', '348', 'Veiros-Beduido'),
(999, 'Rua Eduarda Lapa', 73, NULL, '3860', '348', 'Veiros-Beduido'),
(1000, 'Beco do Pardal', 5, NULL, '3860', '456', 'Pardilhó'),
(1001, 'Beco do Pardal', 5, NULL, '3860', '456', 'Pardilhó'),
(1002, 'Beco do Pardal', 5, NULL, '3860', '456', 'Pardilhó'),
(1003, 'Rua D. Agro', 17, NULL, '3870', '112', 'Murtosa'),
(1004, 'Rua D. Agro', 17, NULL, '3870', '112', 'Murtosa'),
(1005, 'Rua D. Agro', 17, NULL, '3870', '112', 'Murtosa'),
(1006, 'Rua Padre Donaciano Abreu Freire', 12, 'bloco3', '3860', '384', 'Estarreja'),
(1007, 'Rua Padre Donaciano Abreu Freire', 12, 'bloco3', '3860', '384', 'Estarreja'),
(1008, 'Rua Padre Donaciano Abreu Freire', 12, 'bloco3', '3860', '384', 'Estarreja'),
(1009, 'Rua Padre Donaciano Abreu freire', 12, 'blobo3', '3860', '384', 'Estarreja'),
(1010, 'Rua Padre Donaciano Abreu freire', 12, 'blobo3', '3860', '384', 'Estarreja'),
(1011, 'Rua Padre Donaciano Abreu freire', 12, 'blobo3', '3860', '384', 'Estarreja'),
(1012, 'Rua das Cavadas', 11, NULL, '3865', '018', 'Canelas'),
(1013, 'Rua São Joaquim', 0, NULL, '3860', '317', 'Santiais-Estarreja'),
(1014, 'Rua Casal de Matos', 532, NULL, '4520', '305', 'Fornos'),
(1015, 'Porto Corro - S. Martinho da Gandra', 0, NULL, '3720', '545', 'Oliveira de Azemeis'),
(1016, 'Rua Val´de Água', 0, NULL, '3720', '479', 'Pinheiro da Bemposta'),
(1017, 'Rua Agostinho Leite', 51, NULL, '3860', '357', 'Estarreja'),
(1018, 'Rua António Cruz Barbosa', 70, '3ºfren', '3870', '327', 'Torreira'),
(1019, 'Rua António Cruz Barbosa', 70, '3ºfren', '3870', '327', 'Torreira'),
(1020, 'Rua António Cruz Barbosa', 70, '3ºfren', '3870', '327', 'Torreira'),
(1021, 'Rua Canedo D´Além', 123, NULL, '3860', '432', 'Pardilhó'),
(1022, 'Travessa Principe Perfeito', 30, '', '3830', '741', 'Gafanha da Nazaré'),
(1023, 'Rua Canedo D´Além', 123, '', '3860', '432', 'Pardilhó'),
(1024, 'Rua Lagoa de Assões', 0, 'Bloco2', '3880', '723', 'Ovar'),
(1025, 'Rua Lagoa de Assões', 0, 'Bloco2', '3880', '723', 'Ovar'),
(1026, 'Rua Associação Desportiva Ovarense', 0, NULL, '3880', '723', 'Ovar'),
(1027, 'Rua das Pontinhas', 17, NULL, '3860', '467', 'Pardilhó'),
(1028, 'Rua das Pontinhas', 17, NULL, '3860', '467', 'Pardilhó'),
(1029, 'Rua de Santa Marinha', 17, 'r/resq', '3860', '333', 'Avanca'),
(1030, 'Rua de La Riche - urb Povoa de Baixo', 139, NULL, '3860', '347', 'Estarreja'),
(1031, 'Rua de La Riche - urb Povoa de Baixo', 139, NULL, '3860', '347', 'Estarreja'),
(1032, 'Rua das Areias - lote 23', 1, '3', '3870', '342', 'Torreira'),
(1033, 'Rua Padre Adrego', 48, NULL, '4500', '461', 'Espinho'),
(1034, 'Rua do Monte', 41, NULL, '4520', '205', 's. M. Feira'),
(1035, 'Rua 9 de Abril', 31, NULL, '3870', '155', 'Pardelhas'),
(1036, 'Rua Desembargador Correia Teles', 291, 'D', '3860', '362', 'Estarreja'),
(1037, 'Rua Dentazes', 411, '', '3700', '735', 'Milherós'),
(1038, 'Rua Alvares Cabral', 82, NULL, '3870', '126', 'Murtosa'),
(1039, 'Rua Dr João Salema', 73, NULL, '4550', '122', 'Castelo de Paiva'),
(1040, 'Rua do Sol', 246, NULL, '3700', '246', 'Romariz'),
(1041, 'Rua dos castanheiros', 407, NULL, '3885', '553', 'Esmoriz'),
(1042, 'Av. Cidade de Luanda', 31, '7ºC', '1800', '096', 'Lisboa'),
(1043, 'Travessa da sabreira', 29, NULL, '4535', '323', 'Paços de Brandão'),
(1044, 'Rua Desembargador Correia Teles', 85, NULL, '3860', '362', 'Estarreja'),
(1045, 'Rua Aido de Baixo', 284, NULL, '3720', '451', 'Oliveira de Azeméis'),
(1046, 'Tijolo - Bairros', 0, NULL, '4550', '006', 'Castelo de Paiva'),
(1047, 'Rua Padre Manuel Garrido', 75, NULL, '3860', '088', 'Avanca'),
(1048, 'Av. do Emigrante', 35, NULL, '3800', '153', 'Murtosa'),
(1049, 'Rua Zeferino Pereira', 79, NULL, '3720', '567', 'Oliveira de Azeméis'),
(1050, 'Rua Padre Donaciano de Abreu Freire', 43, '4-dt', '3860', '252', 'Estarreja'),
(1051, 'Estrada Nacional 327', 467, NULL, '3870', '303', 'Torreira'),
(1052, 'Rua do Baixinho', 44, NULL, '3720', '467', 'Oliveira de Azemeis'),
(1053, 'Rua do Carreiro', 7, NULL, '3850', '578', 'Branca'),
(1054, 'Rua Fonte dos Batizados', 16, NULL, '3860', '223', 'Estarreja'),
(1055, 'Rua das Cabeças', 4, NULL, '3860', '607', 'Veiros'),
(1056, 'Rua Padre Manuel Ruela', 17, NULL, '3870', '050', 'Bunheiro'),
(1057, 'Rua Fundação Benjamim Dias Costa', 11, '3º', '3860', '153', 'Avanca'),
(1058, 'Rua Fundação Benjamim Dias Costa', 11, '3º', '3860', '153', 'Avanca'),
(1059, 'Rua Al Berto', 6, '1ºesq', '2790', '239', 'Carnaxide'),
(1060, 'Travessa do Farol', 0, NULL, '3880', '216', 'Ovar'),
(1061, 'Travessa do Farol', 0, NULL, '3880', '216', 'Ovar'),
(1062, 'Travessa do Farol', 0, NULL, '3880', '216', 'Ovar'),
(1063, 'Rua Marques Rodrigues', 21, NULL, '3860', '297', 'Estarreja'),
(1064, 'Rua Marques Rodrigues', 21, NULL, '3860', '297', 'Estarreja'),
(1065, 'Rua Marques Rodrigues', 21, NULL, '3860', '297', 'Estarreja'),
(1066, 'Rua ACDM', 5, NULL, '3870', '271', 'Murtosa'),
(1067, 'Rua ACDM', 5, NULL, '3870', '271', 'Murtosa'),
(1068, 'Rua ACDM', 5, NULL, '3870', '271', 'Murtosa'),
(1069, 'Rua Dr Guilherme Souto', 0, NULL, '3860', '369', 'Estarreja'),
(1070, 'rua Areosa do Norte', 17, NULL, '3860', '204', 'Estarreja'),
(1071, 'rua Areosa do Norte', 17, NULL, '3860', '204', 'Estarreja'),
(1072, '', 0, NULL, '', '', ''),
(1073, 'Rua da Igreja', 120, NULL, '3870', '590', 'Bunheiro'),
(1074, 'Rua da Igreja', 120, NULL, '3870', '590', 'Bunheiro'),
(1075, 'Rua da Igreja', 120, NULL, '3870', '590', 'Bunheiro'),
(1076, 'Av. Emigrante', 35, NULL, '3870', '153', 'Murtosa'),
(1077, 'Av. Emigrante', 35, NULL, '3870', '153', 'Murtosa'),
(1078, 'Av. Emigrante', 35, NULL, '3870', '153', 'Murtosa'),
(1079, 'Rua Manuel Bernardino Carvalho', 302, '2ºesq', '3880', '793', 'S. João de Ovar'),
(1080, 'Rua Manuel Bernardino Carvalho', 302, '2ºesq', '3880', '793', 'S. João de Ovar'),
(1081, 'Rua Manuel Bernardino Carvalho', 302, '2ºesq', '3880', '793', 'S. João de Ovar'),
(1082, 'Rua da Quinta Baixa', 15, NULL, '3860', '387', 'Estarreja'),
(1083, 'Rua da Quinta Baixa', 15, NULL, '3860', '387', 'Estarreja'),
(1084, 'Rua da Quinta Baixa', 15, NULL, '3860', '387', 'Estarreja'),
(1085, 'Rua da Sertela', 0, NULL, '3870', '321', 'Torreira'),
(1086, 'Rua da Sertela', 0, NULL, '3870', '321', 'Torreira'),
(1087, 'Rua João Augusto de Sousa Fernandes', 21, NULL, '3860', '601', 'Veiros'),
(1088, 'Rua João Augusto de Sousa Fernandes', 21, NULL, '3860', '601', 'Veiros'),
(1089, 'Rua João Augusto de Sousa Fernandes', 21, NULL, '3860', '601', 'Veiros'),
(1090, 'Rua Augusto Ramos', 234, 'HN', '3860', '336', 'Estarreja'),
(1091, 'Rua Augusto Ramos', 234, 'HN', '3860', '336', 'Estarreja'),
(1092, 'Rua Augusto Ramos', 234, 'HN', '3860', '336', 'Estarreja'),
(1093, 'Travessa Mato Sul', 9, NULL, '3865', '256', 'Salreu'),
(1094, 'Travessa Mato Sul', 9, NULL, '3865', '256', 'Salreu'),
(1095, 'Travessa Mato Sul', 9, NULL, '3865', '256', 'Salreu'),
(1096, 'Rua António Vieira Pinto', 31, NULL, '3870', '127', 'Murtosa'),
(1097, 'Rua António Vieira Pinto', 31, NULL, '3870', '127', 'Murtosa'),
(1098, 'Rua António Vieira Pinto', 31, NULL, '3870', '127', 'Murtosa'),
(1099, 'Estrada São Filipe', 0, '', '3860', '276', 'Estarreja'),
(1100, 'Estrada São Filipe', 0, '', '3860', '276', 'Estarreja'),
(1101, 'Estrada São Filipe', 0, '', '3860', '276', 'Estarreja'),
(1102, 'Rua Maria de Lurdes Breu', 42, NULL, '3865', '229', 'Salreu'),
(1103, 'Rua Maria de Lurdes Breu', 42, NULL, '3865', '229', 'Salreu'),
(1104, 'Rua Maria de Lurdes Breu', 42, NULL, '3865', '229', 'Salreu'),
(1105, 'Rua do Ervedal', 936, NULL, '3720', '072', 'Loureiro'),
(1106, 'Rua do Ervedal', 936, NULL, '3720', '072', 'Loureiro'),
(1107, 'Rua do Ervedal', 936, NULL, '3720', '072', 'Loureiro'),
(1108, 'Rua do Sul - Roxico', 50, NULL, '3865', '112', 'Fermelã'),
(1109, 'Rua do Sul - Roxico', 50, NULL, '3865', '112', 'Fermelã'),
(1110, 'Rua do Sul - Roxico', 50, NULL, '3865', '112', 'Fermelã'),
(1111, 'Rua do Sul', 45, NULL, '3865', '112', 'Fermelã'),
(1112, 'Rua do Sul', 45, NULL, '3865', '112', 'Fermelã'),
(1113, 'Rua do Sul', 45, NULL, '3865', '112', 'Fermelã'),
(1114, 'Rua Joaquim Nicolau', 52, NULL, '3860', '038', 'Avanca'),
(1115, 'Rua Joaquim Nicolau', 52, NULL, '3860', '038', 'Avanca'),
(1116, 'Rua Joaquim Nicolau', 52, NULL, '3860', '038', 'Avanca'),
(1117, 'Travessa do Brejo', 10, NULL, '3865', '126', 'Fermelã'),
(1118, 'Travessa do Brejo', 10, NULL, '3865', '126', 'Fermelã'),
(1119, 'Travessa do Brejo', 10, NULL, '3865', '126', 'Fermelã'),
(1120, 'Rua Professor Firmino Aresta', 15, NULL, '3870', '356', 'Torreira'),
(1121, 'Rua Professor Firmino Aresta', 15, NULL, '3870', '356', 'Torreira'),
(1122, 'Rua Professor Firmino Aresta', 15, NULL, '3870', '356', 'Torreira'),
(1123, 'Rua Dr Pereira de Melo', 389, '1ºdt', '3860', '375', 'Estarreja'),
(1124, 'Rua Dr Pereira de Melo', 389, '1ºdt', '3860', '375', 'Estarreja'),
(1125, 'Rua Dr Pereira de Melo', 389, '1ºdt', '3860', '375', 'Estarreja'),
(1126, 'Rua do Cabeço de Cima', 8, NULL, '3865', '005', 'Canelas'),
(1127, 'Rua do Cabeço de Cima', 8, NULL, '3865', '005', 'Canelas'),
(1128, 'Rua do Cabeço de Cima', 8, NULL, '3865', '005', 'Canelas'),
(1129, 'Rua Dr Alberto Vidal, 131', 0, NULL, '3860', '368', 'Estarreja'),
(1130, 'Rua Dr Alberto Vidal, 131', 0, NULL, '3860', '368', 'Estarreja'),
(1131, 'Rua Dr Alberto Vidal, 131', 0, NULL, '3860', '368', 'Estarreja'),
(1132, 'Rua Dr António de Abreu Freire, 26', 0, NULL, '3860', '021', 'Avanca'),
(1133, 'Rua Dr António de Abreu Freire, 26', 0, NULL, '3860', '021', 'Avanca'),
(1134, 'Rua Dr António de Abreu Freire, 26', 0, NULL, '3860', '021', 'Avanca'),
(1135, 'Rua Santo António, 3 - Veiros', 0, NULL, '3860', '645', 'Estarreja'),
(1136, 'Rua Santo António, 3 - Veiros', 0, NULL, '3860', '645', 'Estarreja'),
(1137, 'Rua Santo António, 3 - Veiros', 0, NULL, '3860', '645', 'Estarreja'),
(1138, 'Rua São Martinho, 34', 0, NULL, '3865', '271', 'Salreu'),
(1139, 'Rua Almeida Eça, 13', NULL, NULL, '3860', '257', 'Estarreja'),
(1140, 'Rua do Roxico-vivenda Martins', 2, NULL, '3865', '111', 'Estarreja'),
(1141, 'Rua do Roxico-vivenda Martins', 2, NULL, '3865', '111', 'Estarreja'),
(1142, 'Rua do Roxico-vivenda Martins', 2, NULL, '3865', '111', 'Estarreja'),
(1143, 'Rua Guerra Junqueiro', 25, NULL, '3870', '133', 'Murtosa'),
(1144, 'Rua Guerra Junqueiro', 25, NULL, '3870', '133', 'Murtosa'),
(1145, 'Rua Guerra Junqueiro', 25, NULL, '3870', '133', 'Murtosa'),
(1146, 'Rua Conde Ferreira', 213, NULL, '3860', '259', 'Estarreja'),
(1147, 'Rua Conde Ferreira', 213, NULL, '3860', '259', 'Estarreja'),
(1148, 'Rua de Traz', 238, 'r-c', '3860', '361', 'Estarreja'),
(1149, 'Rua de Traz', 238, 'r-c', '3860', '361', 'Estarreja'),
(1150, 'Rua da Devesa', 50, NULL, '3860', '244', 'Estarreja'),
(1151, 'Rua da Devesa', 50, NULL, '3860', '244', 'Estarreja'),
(1152, 'Rua da Devesa', 50, NULL, '3860', '244', 'Estarreja'),
(1153, 'Rua Dr António Tavares Afonso e Cunha', 38, 'lote', '3860', '279', 'Estarreja'),
(1154, 'Rua Dr António Tavares Afonso e Cunha', 38, 'lote', '3860', '279', 'Estarreja'),
(1155, 'Rua Álvares Cabral', 21, NULL, '3870', '126', 'Murtosa'),
(1156, 'Rua Álvares Cabral', 21, NULL, '3870', '126', 'Murtosa'),
(1157, 'Rua Álvares Cabral', 21, NULL, '3870', '126', 'Murtosa'),
(1158, 'Rua de São Martinho', 34, NULL, '3865', '271', 'Salreu'),
(1159, 'Rua de São Martinho', 34, NULL, '3865', '271', 'Salreu'),
(1160, 'Rua de São Martinho', 34, NULL, '3865', '271', 'Salreu'),
(1161, 'Rua Padre Garrido', 8, NULL, '3860', '385', 'Estarreja'),
(1162, 'Rua Padre Garrido', 8, NULL, '3860', '385', 'Estarreja'),
(1163, 'Rua Padre Garrido', 8, NULL, '3860', '385', 'Estarreja'),
(1164, 'Travessa Dr António Madureira', 5, '', '3860', '249', 'Estarreja'),
(1165, 'Travessa Dr António Madureira', 5, '', '3860', '249', 'Estarreja'),
(1166, 'Travessa Dr António Madureira', 5, '', '3860', '249', 'Estarreja'),
(1167, 'Rua Póvoa de Baixo', 62, 'r-c B', '3860', '386', 'Estarreja'),
(1168, 'Rua Póvoa de Baixo', 62, 'r-c B', '3860', '386', 'Estarreja'),
(1169, 'Rua Póvoa de Baixo', 62, 'r-c B', '3860', '386', 'Estarreja'),
(1170, 'Rua dos Plátanos-Santo Amaro', 22, NULL, '3860', '322', 'Estarreja'),
(1171, 'Rua dos Plátanos-Santo Amaro', 22, NULL, '3860', '322', 'Estarreja'),
(1172, 'Rua Miguel Valente Almeida-Veiros', 3, NULL, '3860', '643', 'Estarreja'),
(1173, 'Travessa do Outeiro', 1, '', '3860', '236', 'Estarreja'),
(1174, 'Travessa do Outeiro', 1, '', '3860', '236', 'Estarreja'),
(1175, 'Rua Condes de Estarreja', 238, '3d', '3860', '676', 'Estarreja'),
(1176, 'Rua Condes de Estarreja', 238, '3d', '3860', '676', 'Estarreja'),
(1177, 'Rua Condes de Estarreja', 238, '3d', '3860', '676', 'Estarreja'),
(1178, 'Rua Condes de Estarreja', 238, '3d', '3860', '676', 'Estarreja'),
(1179, 'Rua Condes de Estarreja', 238, '3d', '3860', '676', 'Estarreja'),
(1180, 'Rua Condes de Estarreja', 238, '3d', '3860', '676', 'Estarreja'),
(1181, 'Rua Póvoa de Baixo', 66, '1º drt', '3860', '386', 'Estarreja'),
(1182, 'Rua Póvoa de Baixo', 66, '1º drt', '3860', '386', 'Estarreja'),
(1183, 'Rua Póvoa de Baixo', 66, '1º drt', '3860', '386', 'Estarreja'),
(1184, 'Rua Manuel Porrão', 27, NULL, '3870', '291', 'Murtosa'),
(1185, 'Rua Manuel Porrão', 27, NULL, '3870', '291', 'Murtosa'),
(1186, 'Rua Manuel Porrão', 27, NULL, '3870', '291', 'Murtosa'),
(1187, 'Rua das Barreiras', 12, '2ºdrt', '3860', '341', 'Estarreja'),
(1188, 'Rua das Barreiras', 12, '2ºdrt', '3860', '341', 'Estarreja'),
(1189, 'Rua das Barreiras', 12, '2ºdrt', '3860', '341', 'Estarreja'),
(1190, 'Rua Santa Barbara', 46, NULL, '3860', '226', 'Estarreja'),
(1191, 'Rua Santa Barbara', 46, NULL, '3860', '226', 'Estarreja'),
(1192, 'Rua Santa Barbara', 46, NULL, '3860', '226', 'Estarreja');

-- --------------------------------------------------------

--
-- Table structure for table `pagamento`
--

CREATE TABLE `pagamento` (
  `ID_Pagamento` int(11) NOT NULL,
  `Descricao` varchar(255) COLLATE utf8_unicode_ci NOT NULL,
  `Valor` int(11) DEFAULT NULL,
  `ValorPosLimite` int(11) DEFAULT NULL,
  `DataLimite` date NOT NULL,
  `Benificio` int(11) NOT NULL,
  `DescricaoBenificio` varchar(255) COLLATE utf8_unicode_ci NOT NULL,
  `REF_ModoPagamento` int(11) DEFAULT NULL
) ENGINE=InnoDB DEFAULT CHARSET=utf8 COLLATE=utf8_unicode_ci ROW_FORMAT=COMPACT;

--
-- Dumping data for table `pagamento`
--

INSERT INTO `pagamento` (`ID_Pagamento`, `Descricao`, `Valor`, `ValorPosLimite`, `DataLimite`, `Benificio`, `DescricaoBenificio`, `REF_ModoPagamento`) VALUES
(12, 'pagamento completo', 200, 0, '2017-07-31', 1, 'Vale 10 €', 10),
(13, '1º Pagameno', 100, 0, '2017-07-31', 1, 'Vale 5€ Loja Amarela', 11),
(14, '2º Pagamento', 100, 0, '2017-12-31', 1, 'Vale 5 € - Loja Amarela', 11),
(15, '1º Pagamento', 100, 0, '2017-07-31', 0, '', 12),
(16, '2º Pagamento', 50, 0, '2017-12-31', 0, '', 12),
(17, '3º Pagamento', 50, 0, '2018-03-31', 0, '', 12),
(18, '1º Pagamento', 230, 0, '2017-09-30', 0, 'Vale 10€ - Loja Amarela', 13),
(19, '1º Pagamento', 115, 0, '2017-09-30', 1, 'Vale 5€ - Loja Amarela', 14),
(20, '2º Pagamento', 115, 0, '2017-12-31', 1, 'Vale 5€ - Loja Amarela', 14),
(21, '1º Pagamento', 110, 0, '2017-09-30', 0, '', 15),
(22, '2º Pagamento', 60, 0, '2017-12-31', 0, '', 15),
(23, '3º Pagamento', 60, 0, '2018-03-31', 0, '', 15),
(24, 'Pagamento Total', 310, 0, '2019-10-15', 0, '', 16),
(25, 'Valor Inscrição', 60, 0, '2019-10-15', 0, '', 17),
(26, 'Mensalidades Setembro e Junho', 50, 0, '2018-10-15', 0, '', 17),
(27, 'Outubro', 25, 0, '2019-11-30', 0, '', 17),
(28, 'Novembro', 25, 0, '2019-11-30', 0, '', 17),
(29, 'Dezembro', 25, 0, '2019-12-31', 0, '', 17),
(30, 'Janeiro', 25, 0, '2020-01-31', 0, '', 17),
(31, 'Fevereiro', 25, 0, '2020-02-28', 0, '', 17),
(32, 'Março', 25, 0, '2020-03-31', 0, '', 17),
(33, 'Abril', 25, 0, '2020-04-30', 0, '', 17),
(34, 'Maio', 25, 0, '2020-05-31', 0, '', 17),
(35, 'Mensalidades Setembro e Junho', 50, 0, '2019-10-15', 0, '', 18),
(36, 'Outubro', 25, 0, '2019-10-31', 0, '', 18),
(37, 'Novembro', 25, 0, '2019-12-01', 0, '', 18),
(38, 'Dezembro', 25, 0, '2019-12-31', 0, '', 18),
(39, 'Janeiro', 25, 0, '2020-01-31', 0, '', 18),
(40, 'Fevereiro', 25, 0, '2020-02-28', 0, '', 18),
(41, 'Março', 25, 0, '2020-03-31', 0, '', 18),
(42, 'Abril', 25, 0, '2020-04-30', 0, '', 18),
(43, 'Maio', 25, 0, '2020-05-31', 0, '', 18);

-- --------------------------------------------------------

--
-- Table structure for table `pagamentoentidade`
--

CREATE TABLE `pagamentoentidade` (
  `pago` tinyint(1) NOT NULL,
  `REF_ModoPagamentoEntidade` int(11) NOT NULL,
  `REF_Pagamento` int(11) NOT NULL,
  `Valor` int(11) DEFAULT NULL,
  `ValorPosLimite` int(11) DEFAULT NULL,
  `DataLimite` date NOT NULL,
  `Benificio` int(11) NOT NULL,
  `DescricaoBenificio` varchar(255) COLLATE utf8_unicode_ci NOT NULL,
  `Descricao` varchar(255) COLLATE utf8_unicode_ci NOT NULL
) ENGINE=InnoDB DEFAULT CHARSET=utf8 COLLATE=utf8_unicode_ci ROW_FORMAT=COMPACT;

--
-- Dumping data for table `pagamentoentidade`
--

INSERT INTO `pagamentoentidade` (`pago`, `REF_ModoPagamentoEntidade`, `REF_Pagamento`, `Valor`, `ValorPosLimite`, `DataLimite`, `Benificio`, `DescricaoBenificio`, `Descricao`) VALUES
(0, 3, 35, 50, 0, '2019-10-15', 0, '', 'Mensalidades Setembro e Junho'),
(0, 3, 36, 25, 0, '2019-10-31', 0, '', 'Outubro'),
(0, 3, 37, 25, 0, '2019-12-01', 0, '', 'Novembro'),
(0, 3, 38, 25, 0, '2019-12-31', 0, '', 'Dezembro'),
(0, 3, 39, 25, 0, '2020-01-31', 0, '', 'Janeiro'),
(0, 3, 40, 25, 0, '2020-02-28', 0, '', 'Fevereiro'),
(0, 3, 41, 25, 0, '2020-03-31', 0, '', 'Março'),
(0, 3, 42, 25, 0, '2020-04-30', 0, '', 'Abril'),
(0, 3, 43, 25, 0, '2020-05-31', 0, '', 'Maio'),
(0, 6, 24, 310, 0, '2019-10-15', 0, '', 'Pagamento Total'),
(0, 7, 25, 60, 0, '2019-10-15', 0, '', 'Valor Inscrição'),
(0, 7, 26, 50, 0, '2018-10-15', 0, '', 'Mensalidades Setembro e Junho'),
(0, 7, 27, 25, 0, '2019-11-30', 0, '', 'Outubro'),
(0, 7, 28, 25, 0, '2019-11-30', 0, '', 'Novembro'),
(0, 7, 29, 25, 0, '2019-12-31', 0, '', 'Dezembro'),
(0, 7, 30, 25, 0, '2020-01-31', 0, '', 'Janeiro'),
(0, 7, 31, 25, 0, '2020-02-28', 0, '', 'Fevereiro'),
(0, 7, 32, 25, 0, '2020-03-31', 0, '', 'Março'),
(0, 7, 33, 25, 0, '2020-04-30', 0, '', 'Abril'),
(0, 7, 34, 25, 0, '2020-05-31', 0, '', 'Maio'),
(0, 8, 35, 50, 0, '2019-10-15', 0, '', 'Mensalidades Setembro e Junho'),
(0, 8, 36, 25, 0, '2019-10-31', 0, '', 'Outubro'),
(0, 8, 37, 25, 0, '2019-12-01', 0, '', 'Novembro'),
(0, 8, 38, 25, 0, '2019-12-31', 0, '', 'Dezembro'),
(0, 8, 39, 25, 0, '2020-01-31', 0, '', 'Janeiro'),
(0, 8, 40, 25, 0, '2020-02-28', 0, '', 'Fevereiro'),
(0, 8, 41, 25, 0, '2020-03-31', 0, '', 'Março'),
(0, 8, 42, 25, 0, '2020-04-30', 0, '', 'Abril'),
(0, 8, 43, 25, 0, '2020-05-31', 0, '', 'Maio'),
(0, 9, 24, 310, 0, '2019-10-15', 0, '', 'Pagamento Total');

-- --------------------------------------------------------

--
-- Table structure for table `posicao`
--

CREATE TABLE `posicao` (
  `ID_Posicao` int(11) NOT NULL,
  `Posicao` varchar(255) COLLATE utf8_unicode_ci NOT NULL
) ENGINE=InnoDB DEFAULT CHARSET=utf8 COLLATE=utf8_unicode_ci ROW_FORMAT=COMPACT;

--
-- Dumping data for table `posicao`
--

INSERT INTO `posicao` (`ID_Posicao`, `Posicao`) VALUES
(1, 'Guarda-Redes'),
(2, 'Defesa'),
(3, 'Médio'),
(4, 'Avançado');

-- --------------------------------------------------------

--
-- Table structure for table `tamanho`
--

CREATE TABLE `tamanho` (
  `ID_Tamanho` int(11) NOT NULL,
  `Nome` varchar(255) COLLATE utf8_unicode_ci NOT NULL
) ENGINE=InnoDB DEFAULT CHARSET=utf8 COLLATE=utf8_unicode_ci ROW_FORMAT=COMPACT;

--
-- Dumping data for table `tamanho`
--

INSERT INTO `tamanho` (`ID_Tamanho`, `Nome`) VALUES
(1, 'XS'),
(2, 'S'),
(3, 'M'),
(4, 'L'),
(5, 'XL'),
(6, '4'),
(7, '6'),
(8, '8'),
(9, '10'),
(10, '12'),
(11, '14');

-- --------------------------------------------------------

--
-- Table structure for table `tipodocumento`
--

CREATE TABLE `tipodocumento` (
  `ID_tipodocumento` int(11) NOT NULL,
  `Descricao` varchar(255) NOT NULL
) ENGINE=InnoDB DEFAULT CHARSET=utf8 ROW_FORMAT=COMPACT;

--
-- Dumping data for table `tipodocumento`
--

INSERT INTO `tipodocumento` (`ID_tipodocumento`, `Descricao`) VALUES
(4, 'CC'),
(5, 'NIF'),
(6, 'Exame Médico');

-- --------------------------------------------------------

--
-- Table structure for table `tipoentidade`
--

CREATE TABLE `tipoentidade` (
  `ID_tipoentidade` int(11) NOT NULL,
  `Nome` varchar(255) COLLATE utf8_unicode_ci NOT NULL
) ENGINE=InnoDB DEFAULT CHARSET=utf8 COLLATE=utf8_unicode_ci ROW_FORMAT=COMPACT;

--
-- Dumping data for table `tipoentidade`
--

INSERT INTO `tipoentidade` (`ID_tipoentidade`, `Nome`) VALUES
(1, 'Atleta'),
(2, 'Treinador'),
(3, 'Diretor'),
(4, 'Outro Staff'),
(5, 'Tutor');

-- --------------------------------------------------------

--
-- Table structure for table `tipoevento`
--

CREATE TABLE `tipoevento` (
  `ID_Evento` int(11) NOT NULL,
  `Nome` varchar(255) COLLATE utf8_unicode_ci NOT NULL
) ENGINE=InnoDB DEFAULT CHARSET=utf8 COLLATE=utf8_unicode_ci ROW_FORMAT=COMPACT;

--
-- Dumping data for table `tipoevento`
--

INSERT INTO `tipoevento` (`ID_Evento`, `Nome`) VALUES
(1, 'Golo'),
(2, 'Cartão Vermelho'),
(3, 'Cartão Amarelo'),
(4, 'Entrada de Jogador'),
(5, 'Saída de Jogador');

-- --------------------------------------------------------

--
-- Table structure for table `tiporel`
--

CREATE TABLE `tiporel` (
  `ID_tiporel` int(11) NOT NULL,
  `Nome` varchar(255) COLLATE utf8_unicode_ci NOT NULL
) ENGINE=InnoDB DEFAULT CHARSET=utf8 COLLATE=utf8_unicode_ci ROW_FORMAT=COMPACT;

--
-- Dumping data for table `tiporel`
--

INSERT INTO `tiporel` (`ID_tiporel`, `Nome`) VALUES
(1, 'Pai'),
(2, 'Mãe'),
(3, 'Avô'),
(4, 'Avó'),
(5, 'Irmão'),
(6, 'Irmã'),
(7, 'Tio'),
(8, 'Tia'),
(9, 'Outro');

-- --------------------------------------------------------

--
-- Table structure for table `tipoutilizador`
--

CREATE TABLE `tipoutilizador` (
  `ID_tipoU` int(11) NOT NULL,
  `Nome` varchar(255) COLLATE utf8_unicode_ci NOT NULL,
  `Role` varchar(255) COLLATE utf8_unicode_ci NOT NULL
) ENGINE=InnoDB DEFAULT CHARSET=utf8 COLLATE=utf8_unicode_ci ROW_FORMAT=COMPACT;

--
-- Dumping data for table `tipoutilizador`
--

INSERT INTO `tipoutilizador` (`ID_tipoU`, `Nome`, `Role`) VALUES
(1, 'Administrador', 'ROLE_ADMIN'),
(2, 'Utilizador', 'ROLE_USER');

-- --------------------------------------------------------

--
-- Table structure for table `utilizador`
--

CREATE TABLE `utilizador` (
  `ID_utilizador` int(11) NOT NULL,
  `Nome` varchar(255) COLLATE utf8_unicode_ci NOT NULL,
  `Email` varchar(255) COLLATE utf8_unicode_ci NOT NULL,
  `Password` varchar(64) COLLATE utf8_unicode_ci NOT NULL,
  `ID_tipoU` int(11) DEFAULT NULL
) ENGINE=InnoDB DEFAULT CHARSET=utf8 COLLATE=utf8_unicode_ci ROW_FORMAT=COMPACT;

--
-- Dumping data for table `utilizador`
--

INSERT INTO `utilizador` (`ID_utilizador`, `Nome`, `Email`, `Password`, `ID_tipoU`) VALUES
(1, 'Administrador', 'anscosta@gmail.com', '123456', 1),
(5, 'Francisco Oliveira', 'foliveira@digitalmente.net', 'quatropoint2013', 1),
(6, 'Jorge Lopes', 'jl.guiomar@gmail.com', '2Liga15#', 1),
(7, 'Marketing CDE', 'marketing@cdestarreja.pt', '2Liga15#', 1),
(8, 'Pedro Carvalho Oliveira', 'pedroco06@gmail.com', 'rrsfcfaso', 1),
(9, 'Sandro Botte', 'formacao@cdestarreja.pt', 'CDE1819$', 1),
(10, 'Jorge faria', 'cdestarreja@gmail.com', 'HPLE1851w', 2),
(11, 'Marco Dias', 'marcopdias@gmail.com', 'fcporto1893', 1),
(12, 'Filipe Matos', 'filipematos@digitalmente.net', 'DGT2019&', 1),
(13, 'Pedro Afonso', 'afonsopedroprogramm@gmail.com', '2Liga15#', 1);

-- --------------------------------------------------------

--
-- Stand-in structure for view `view_atletas`
-- (See below for the actual view)
--
CREATE TABLE `view_atletas` (
`ID_Entidade` int(11)
,`Nome` varchar(255)
,`CC` varchar(255)
,`NIF` varchar(255)
,`Telf` varchar(255)
,`Telm` varchar(255)
,`Habilitacoes` varchar(255)
,`DataNasc` date
,`Email` varchar(255)
,`Naturalidade` varchar(255)
,`GSanguineo` varchar(255)
,`Doencas` varchar(255)
,`Rua` varchar(255)
,`Numero` int(11)
,`Andar` varchar(255)
,`CodPostal4` varchar(255)
,`CodPostal3` varchar(255)
,`Localidade` varchar(255)
,`REF_Equipamento` int(11)
,`REF_Inscricao` int(11)
,`REF_Posicao` int(11)
,`ID_Modalidade` int(11)
,`REF_TipoEnt` int(11)
);

-- --------------------------------------------------------

--
-- Stand-in structure for view `view_escalao_entidade`
-- (See below for the actual view)
--
CREATE TABLE `view_escalao_entidade` (
`ID_epoca` int(11)
,`ID_Escalao` int(11)
,`escalao` varchar(255)
,`DataInicial` date
,`DataFinal` date
,`DataNascEntidade` date
,`ID_Entidade` int(11)
);

-- --------------------------------------------------------

--
-- Stand-in structure for view `view_tutores_entidades`
-- (See below for the actual view)
--
CREATE TABLE `view_tutores_entidades` (
`entidadeOrigem` int(11)
,`entidadeAssociada` int(11)
,`Nome` varchar(255)
,`Profissao` varchar(255)
,`CC` varchar(255)
,`NIF` varchar(255)
,`DataNasc` date
,`Email` varchar(255)
,`Habilitacoes` varchar(255)
,`Telf` varchar(255)
,`Telm` varchar(255)
,`Rua` varchar(255)
,`Numero` int(11)
,`Andar` varchar(255)
,`CodPostal4` varchar(255)
,`CodPostal3` varchar(255)
,`Localidade` varchar(255)
,`TipoTutor` varchar(255)
);

-- --------------------------------------------------------

--
-- Structure for view `view_atletas`
--
DROP TABLE IF EXISTS `view_atletas`;

CREATE ALGORITHM=UNDEFINED DEFINER=`root`@`localhost` SQL SECURITY DEFINER VIEW `view_atletas`  AS  select `e`.`ID_Entidade` AS `ID_Entidade`,`e`.`Nome` AS `Nome`,`e`.`CC` AS `CC`,`e`.`NIF` AS `NIF`,`e`.`Telf` AS `Telf`,`e`.`Telm` AS `Telm`,`e`.`Habilitacoes` AS `Habilitacoes`,`e`.`DataNasc` AS `DataNasc`,`e`.`Email` AS `Email`,`e`.`Naturalidade` AS `Naturalidade`,`e`.`GSanguineo` AS `GSanguineo`,`e`.`Doencas` AS `Doencas`,`m`.`Rua` AS `Rua`,`m`.`Numero` AS `Numero`,`m`.`Andar` AS `Andar`,`m`.`CodPostal4` AS `CodPostal4`,`m`.`CodPostal3` AS `CodPostal3`,`m`.`Localidade` AS `Localidade`,`e`.`REF_Equipamento` AS `REF_Equipamento`,`e`.`REF_Inscricao` AS `REF_Inscricao`,`e`.`REF_Posicao` AS `REF_Posicao`,`em`.`ID_Modalidade` AS `ID_Modalidade`,`e`.`REF_TipoEnt` AS `REF_TipoEnt` from ((`entidade` `e` left join `morada` `m` on((`m`.`ID_Morada` = `e`.`REF_Morada`))) left join `entidade_modalidade` `em` on((`e`.`ID_Entidade` = `em`.`ID_Entidade`))) where ((`e`.`REF_TipoEnt` = 1) and (`em`.`ID_Modalidade` = 1) and (`e`.`Estado` = 1)) ;

-- --------------------------------------------------------

--
-- Structure for view `view_escalao_entidade`
--
DROP TABLE IF EXISTS `view_escalao_entidade`;

CREATE ALGORITHM=UNDEFINED DEFINER=`root`@`localhost` SQL SECURITY DEFINER VIEW `view_escalao_entidade`  AS  select `epoca`.`ID_epoca` AS `ID_epoca`,`esc`.`ID_Escalao` AS `ID_Escalao`,`esc`.`Nome` AS `escalao`,`esc`.`DataInicial` AS `DataInicial`,`esc`.`DataFinal` AS `DataFinal`,`e`.`DataNasc` AS `DataNascEntidade`,`e`.`ID_Entidade` AS `ID_Entidade` from ((`escalao` `esc` left join `epoca` on((`epoca`.`ID_epoca` = `esc`.`REF_Epoca`))) left join `entidade` `e` on((`e`.`DataNasc` between `esc`.`DataInicial` and `esc`.`DataFinal`))) ;

-- --------------------------------------------------------

--
-- Structure for view `view_tutores_entidades`
--
DROP TABLE IF EXISTS `view_tutores_entidades`;

CREATE ALGORITHM=UNDEFINED DEFINER=`root`@`localhost` SQL SECURITY DEFINER VIEW `view_tutores_entidades`  AS  select `e1`.`ID_Entidade` AS `entidadeOrigem`,`e2`.`ID_Entidade` AS `entidadeAssociada`,`e2`.`Nome` AS `Nome`,`e2`.`Profissao` AS `Profissao`,`e2`.`CC` AS `CC`,`e2`.`NIF` AS `NIF`,`e2`.`DataNasc` AS `DataNasc`,`e2`.`Email` AS `Email`,`e2`.`Habilitacoes` AS `Habilitacoes`,`e2`.`Telf` AS `Telf`,`e2`.`Telm` AS `Telm`,`m`.`Rua` AS `Rua`,`m`.`Numero` AS `Numero`,`m`.`Andar` AS `Andar`,`m`.`CodPostal4` AS `CodPostal4`,`m`.`CodPostal3` AS `CodPostal3`,`m`.`Localidade` AS `Localidade`,`trel`.`Nome` AS `TipoTutor` from ((((`entidaderel` `erel` left join `entidade` `e1` on((`e1`.`ID_Entidade` = `erel`.`ID_Entidade`))) left join `entidade` `e2` on((`e2`.`ID_Entidade` = `erel`.`ID_EntidadeAssoc`))) left join `tiporel` `trel` on((`trel`.`ID_tiporel` = `erel`.`ID_EntidadeAssocTipo`))) left join `morada` `m` on((`m`.`ID_Morada` = `e2`.`REF_Morada`))) group by `e2`.`ID_Entidade` order by `e1`.`ID_Entidade` ;

--
-- Indexes for dumped tables
--

--
-- Indexes for table `campeonato`
--
ALTER TABLE `campeonato`
  ADD PRIMARY KEY (`ID_Campeonato`) USING BTREE,
  ADD KEY `IDX_3D70BB1AA8F65B5C` (`ID_Escalao`) USING BTREE,
  ADD KEY `IDX_3D70BB1ACD11D9A4` (`REF_Epoca`) USING BTREE;

--
-- Indexes for table `campeonato_clube`
--
ALTER TABLE `campeonato_clube`
  ADD PRIMARY KEY (`ID_Campeonato`,`ID_Clube`) USING BTREE,
  ADD KEY `IDX_9846894D33B5ABC0` (`ID_Campeonato`) USING BTREE,
  ADD KEY `IDX_9846894D48E6B18C` (`ID_Clube`) USING BTREE;

--
-- Indexes for table `clube`
--
ALTER TABLE `clube`
  ADD PRIMARY KEY (`ID_Clube`) USING BTREE;

--
-- Indexes for table `dadosinscricao`
--
ALTER TABLE `dadosinscricao`
  ADD PRIMARY KEY (`ID_dadosInscricao`) USING BTREE;

--
-- Indexes for table `documentoentidade`
--
ALTER TABLE `documentoentidade`
  ADD PRIMARY KEY (`ID_documento`) USING BTREE,
  ADD KEY `IDX_950C87F5B4CE77AA` (`REF_entidade`),
  ADD KEY `IDX_950C87F5DBBD1117` (`REF_tipodocumento`);

--
-- Indexes for table `entidade`
--
ALTER TABLE `entidade`
  ADD PRIMARY KEY (`ID_Entidade`) USING BTREE,
  ADD KEY `IDX_1A5F8484AAF9AA81` (`REF_TipoEnt`) USING BTREE,
  ADD KEY `IDX_1A5F84843AD8BCDA` (`REF_Equipamento`) USING BTREE,
  ADD KEY `IDX_1A5F8484EBA2E53C` (`REF_Morada`) USING BTREE,
  ADD KEY `IDX_1A5F84847276E2D6` (`REF_Inscricao`) USING BTREE,
  ADD KEY `IDX_1A5F8484DB19A7F2` (`REF_Posicao`) USING BTREE;

--
-- Indexes for table `entidaderel`
--
ALTER TABLE `entidaderel`
  ADD PRIMARY KEY (`ID_EntidadeRel`) USING BTREE,
  ADD KEY `IDX_201A375B8345E416` (`ID_Entidade`) USING BTREE,
  ADD KEY `IDX_201A375B6A1028FB` (`ID_EntidadeAssoc`) USING BTREE,
  ADD KEY `IDX_201A375B5083AE90` (`ID_EntidadeAssocTipo`) USING BTREE;

--
-- Indexes for table `entidaderesp_escalao`
--
ALTER TABLE `entidaderesp_escalao`
  ADD PRIMARY KEY (`ID_Entidade`,`ID_Escalao`) USING BTREE,
  ADD KEY `IDX_186E8F2B8345E416` (`ID_Entidade`) USING BTREE,
  ADD KEY `IDX_186E8F2BA8F65B5C` (`ID_Escalao`) USING BTREE;

--
-- Indexes for table `entidade_escalao`
--
ALTER TABLE `entidade_escalao`
  ADD PRIMARY KEY (`ID_Entidade`,`ID_Escalao`) USING BTREE;

--
-- Indexes for table `entidade_modalidade`
--
ALTER TABLE `entidade_modalidade`
  ADD PRIMARY KEY (`ID_Entidade`,`ID_Modalidade`) USING BTREE,
  ADD KEY `IDX_5375DF738345E416` (`ID_Entidade`) USING BTREE,
  ADD KEY `IDX_5375DF7356BD73F3` (`ID_Modalidade`) USING BTREE;

--
-- Indexes for table `epoca`
--
ALTER TABLE `epoca`
  ADD PRIMARY KEY (`ID_epoca`) USING BTREE;

--
-- Indexes for table `equipajogo`
--
ALTER TABLE `equipajogo`
  ADD PRIMARY KEY (`ID_Jornada`,`ID_Entidade`) USING BTREE,
  ADD KEY `IDX_69BC03178345E416` (`ID_Entidade`) USING BTREE,
  ADD KEY `IDX_69BC0317BD5E0D20` (`ID_Jornada`) USING BTREE;

--
-- Indexes for table `equipamento`
--
ALTER TABLE `equipamento`
  ADD PRIMARY KEY (`ID_equipamento`) USING BTREE,
  ADD KEY `IDX_360E49E5D622CB87` (`REF_Tamanho`) USING BTREE,
  ADD KEY `IDX_360E49E5CD11D9A4` (`REF_Epoca`);

--
-- Indexes for table `escalao`
--
ALTER TABLE `escalao`
  ADD PRIMARY KEY (`ID_Escalao`) USING BTREE,
  ADD KEY `IDX_BBC7735F56BD73F3` (`ID_Modalidade`) USING BTREE,
  ADD KEY `IDX_BBC7735FCD11D9A4` (`REF_Epoca`) USING BTREE;

--
-- Indexes for table `jogadorestatistica`
--
ALTER TABLE `jogadorestatistica`
  ADD PRIMARY KEY (`ID_Jornada`,`ID_Entidade`,`ID_Evento`,`Tempo`) USING BTREE,
  ADD KEY `IDX_6475C2038345E416` (`ID_Entidade`) USING BTREE,
  ADD KEY `IDX_6475C2031D9A5B2B` (`ID_Evento`) USING BTREE,
  ADD KEY `IDX_6475C203BD5E0D20` (`ID_Jornada`) USING BTREE;

--
-- Indexes for table `jornada`
--
ALTER TABLE `jornada`
  ADD PRIMARY KEY (`ID_Jornada`) USING BTREE,
  ADD KEY `IDX_AE6F2523CC67F24F` (`ID_ClubeCasa`) USING BTREE,
  ADD KEY `IDX_AE6F2523C6A8DB4E` (`ID_ClubeVisit`) USING BTREE,
  ADD KEY `IDX_AE6F25235D9EBCD1` (`REF_Campeonato`) USING BTREE;

--
-- Indexes for table `modalidade`
--
ALTER TABLE `modalidade`
  ADD PRIMARY KEY (`ID_Modalidade`) USING BTREE;

--
-- Indexes for table `modopagamento`
--
ALTER TABLE `modopagamento`
  ADD PRIMARY KEY (`ID_Modo_Pagamento`) USING BTREE,
  ADD KEY `IDX_35152372CD11D9A4` (`REF_Epoca`) USING BTREE;

--
-- Indexes for table `modopagamentoentidade`
--
ALTER TABLE `modopagamentoentidade`
  ADD PRIMARY KEY (`ID_Modo_Pagamento_Entidade`) USING BTREE,
  ADD KEY `IDX_30A595B6DDB704E9` (`REF_Modo_Pagamento`) USING BTREE,
  ADD KEY `IDX_30A595B64DB815FC` (`REF_Entidade`) USING BTREE,
  ADD KEY `IDX_30A595B6CD11D9A4` (`REF_Epoca`);

--
-- Indexes for table `morada`
--
ALTER TABLE `morada`
  ADD PRIMARY KEY (`ID_Morada`) USING BTREE;

--
-- Indexes for table `pagamento`
--
ALTER TABLE `pagamento`
  ADD PRIMARY KEY (`ID_Pagamento`) USING BTREE,
  ADD KEY `IDX_BCEEC9B5A01C030B` (`REF_ModoPagamento`) USING BTREE;

--
-- Indexes for table `pagamentoentidade`
--
ALTER TABLE `pagamentoentidade`
  ADD PRIMARY KEY (`REF_ModoPagamentoEntidade`,`REF_Pagamento`) USING BTREE,
  ADD KEY `IDX_24B519F872EEDF39` (`REF_ModoPagamentoEntidade`) USING BTREE,
  ADD KEY `IDX_24B519F8E267D72A` (`REF_Pagamento`) USING BTREE;

--
-- Indexes for table `posicao`
--
ALTER TABLE `posicao`
  ADD PRIMARY KEY (`ID_Posicao`) USING BTREE;

--
-- Indexes for table `tamanho`
--
ALTER TABLE `tamanho`
  ADD PRIMARY KEY (`ID_Tamanho`) USING BTREE;

--
-- Indexes for table `tipodocumento`
--
ALTER TABLE `tipodocumento`
  ADD PRIMARY KEY (`ID_tipodocumento`) USING BTREE;

--
-- Indexes for table `tipoentidade`
--
ALTER TABLE `tipoentidade`
  ADD PRIMARY KEY (`ID_tipoentidade`) USING BTREE;

--
-- Indexes for table `tipoevento`
--
ALTER TABLE `tipoevento`
  ADD PRIMARY KEY (`ID_Evento`) USING BTREE;

--
-- Indexes for table `tiporel`
--
ALTER TABLE `tiporel`
  ADD PRIMARY KEY (`ID_tiporel`) USING BTREE;

--
-- Indexes for table `tipoutilizador`
--
ALTER TABLE `tipoutilizador`
  ADD PRIMARY KEY (`ID_tipoU`) USING BTREE;

--
-- Indexes for table `utilizador`
--
ALTER TABLE `utilizador`
  ADD PRIMARY KEY (`ID_utilizador`) USING BTREE,
  ADD UNIQUE KEY `UNIQ_9EF918BC26535370` (`Email`) USING BTREE,
  ADD KEY `IDX_9EF918BCF985A922` (`ID_tipoU`) USING BTREE;

--
-- AUTO_INCREMENT for dumped tables
--

--
-- AUTO_INCREMENT for table `campeonato`
--
ALTER TABLE `campeonato`
  MODIFY `ID_Campeonato` int(11) NOT NULL AUTO_INCREMENT;
--
-- AUTO_INCREMENT for table `clube`
--
ALTER TABLE `clube`
  MODIFY `ID_Clube` int(11) NOT NULL AUTO_INCREMENT, AUTO_INCREMENT=2;
--
-- AUTO_INCREMENT for table `dadosinscricao`
--
ALTER TABLE `dadosinscricao`
  MODIFY `ID_dadosInscricao` int(11) NOT NULL AUTO_INCREMENT;
--
-- AUTO_INCREMENT for table `documentoentidade`
--
ALTER TABLE `documentoentidade`
  MODIFY `ID_documento` int(11) NOT NULL AUTO_INCREMENT;
--
-- AUTO_INCREMENT for table `entidade`
--
ALTER TABLE `entidade`
  MODIFY `ID_Entidade` int(11) NOT NULL AUTO_INCREMENT, AUTO_INCREMENT=1694;
--
-- AUTO_INCREMENT for table `entidaderel`
--
ALTER TABLE `entidaderel`
  MODIFY `ID_EntidadeRel` int(11) NOT NULL AUTO_INCREMENT, AUTO_INCREMENT=1554;
--
-- AUTO_INCREMENT for table `epoca`
--
ALTER TABLE `epoca`
  MODIFY `ID_epoca` int(11) NOT NULL AUTO_INCREMENT, AUTO_INCREMENT=6;
--
-- AUTO_INCREMENT for table `equipamento`
--
ALTER TABLE `equipamento`
  MODIFY `ID_equipamento` int(11) NOT NULL AUTO_INCREMENT, AUTO_INCREMENT=324;
--
-- AUTO_INCREMENT for table `escalao`
--
ALTER TABLE `escalao`
  MODIFY `ID_Escalao` int(11) NOT NULL AUTO_INCREMENT, AUTO_INCREMENT=35;
--
-- AUTO_INCREMENT for table `jornada`
--
ALTER TABLE `jornada`
  MODIFY `ID_Jornada` int(11) NOT NULL AUTO_INCREMENT;
--
-- AUTO_INCREMENT for table `modalidade`
--
ALTER TABLE `modalidade`
  MODIFY `ID_Modalidade` int(11) NOT NULL AUTO_INCREMENT, AUTO_INCREMENT=3;
--
-- AUTO_INCREMENT for table `modopagamento`
--
ALTER TABLE `modopagamento`
  MODIFY `ID_Modo_Pagamento` int(11) NOT NULL AUTO_INCREMENT, AUTO_INCREMENT=19;
--
-- AUTO_INCREMENT for table `modopagamentoentidade`
--
ALTER TABLE `modopagamentoentidade`
  MODIFY `ID_Modo_Pagamento_Entidade` int(11) NOT NULL AUTO_INCREMENT, AUTO_INCREMENT=10;
--
-- AUTO_INCREMENT for table `morada`
--
ALTER TABLE `morada`
  MODIFY `ID_Morada` int(11) NOT NULL AUTO_INCREMENT, AUTO_INCREMENT=1193;
--
-- AUTO_INCREMENT for table `pagamento`
--
ALTER TABLE `pagamento`
  MODIFY `ID_Pagamento` int(11) NOT NULL AUTO_INCREMENT, AUTO_INCREMENT=44;
--
-- AUTO_INCREMENT for table `posicao`
--
ALTER TABLE `posicao`
  MODIFY `ID_Posicao` int(11) NOT NULL AUTO_INCREMENT, AUTO_INCREMENT=5;
--
-- AUTO_INCREMENT for table `tamanho`
--
ALTER TABLE `tamanho`
  MODIFY `ID_Tamanho` int(11) NOT NULL AUTO_INCREMENT, AUTO_INCREMENT=12;
--
-- AUTO_INCREMENT for table `tipodocumento`
--
ALTER TABLE `tipodocumento`
  MODIFY `ID_tipodocumento` int(11) NOT NULL AUTO_INCREMENT, AUTO_INCREMENT=7;
--
-- AUTO_INCREMENT for table `tipoentidade`
--
ALTER TABLE `tipoentidade`
  MODIFY `ID_tipoentidade` int(11) NOT NULL AUTO_INCREMENT, AUTO_INCREMENT=6;
--
-- AUTO_INCREMENT for table `tipoevento`
--
ALTER TABLE `tipoevento`
  MODIFY `ID_Evento` int(11) NOT NULL AUTO_INCREMENT, AUTO_INCREMENT=6;
--
-- AUTO_INCREMENT for table `tiporel`
--
ALTER TABLE `tiporel`
  MODIFY `ID_tiporel` int(11) NOT NULL AUTO_INCREMENT, AUTO_INCREMENT=10;
--
-- AUTO_INCREMENT for table `tipoutilizador`
--
ALTER TABLE `tipoutilizador`
  MODIFY `ID_tipoU` int(11) NOT NULL AUTO_INCREMENT, AUTO_INCREMENT=3;
--
-- AUTO_INCREMENT for table `utilizador`
--
ALTER TABLE `utilizador`
  MODIFY `ID_utilizador` int(11) NOT NULL AUTO_INCREMENT, AUTO_INCREMENT=14;
--
-- Constraints for dumped tables
--

--
-- Constraints for table `campeonato`
--
ALTER TABLE `campeonato`
  ADD CONSTRAINT `FK_3D70BB1AA8F65B5C` FOREIGN KEY (`ID_Escalao`) REFERENCES `escalao` (`ID_Escalao`),
  ADD CONSTRAINT `FK_3D70BB1ACD11D9A4` FOREIGN KEY (`REF_Epoca`) REFERENCES `epoca` (`ID_epoca`);

--
-- Constraints for table `campeonato_clube`
--
ALTER TABLE `campeonato_clube`
  ADD CONSTRAINT `FK_9846894D33B5ABC0` FOREIGN KEY (`ID_Campeonato`) REFERENCES `campeonato` (`ID_Campeonato`),
  ADD CONSTRAINT `FK_9846894D48E6B18C` FOREIGN KEY (`ID_Clube`) REFERENCES `clube` (`ID_Clube`);

--
-- Constraints for table `documentoentidade`
--
ALTER TABLE `documentoentidade`
  ADD CONSTRAINT `FK_950C87F5B4CE77AA` FOREIGN KEY (`REF_entidade`) REFERENCES `entidade` (`ID_Entidade`),
  ADD CONSTRAINT `FK_950C87F5DBBD1117` FOREIGN KEY (`REF_tipodocumento`) REFERENCES `tipodocumento` (`ID_tipodocumento`);

--
-- Constraints for table `entidade`
--
ALTER TABLE `entidade`
  ADD CONSTRAINT `FK_1A5F84843AD8BCDA` FOREIGN KEY (`REF_Equipamento`) REFERENCES `equipamento` (`ID_equipamento`) ON DELETE CASCADE,
  ADD CONSTRAINT `FK_1A5F84847276E2D6` FOREIGN KEY (`REF_Inscricao`) REFERENCES `dadosinscricao` (`ID_dadosInscricao`),
  ADD CONSTRAINT `FK_1A5F8484AAF9AA81` FOREIGN KEY (`REF_TipoEnt`) REFERENCES `tipoentidade` (`ID_tipoentidade`),
  ADD CONSTRAINT `FK_1A5F8484DB19A7F2` FOREIGN KEY (`REF_Posicao`) REFERENCES `posicao` (`ID_Posicao`),
  ADD CONSTRAINT `FK_1A5F8484EBA2E53C` FOREIGN KEY (`REF_Morada`) REFERENCES `morada` (`ID_Morada`);

--
-- Constraints for table `entidaderel`
--
ALTER TABLE `entidaderel`
  ADD CONSTRAINT `FK_201A375B5083AE90` FOREIGN KEY (`ID_EntidadeAssocTipo`) REFERENCES `tiporel` (`ID_tiporel`),
  ADD CONSTRAINT `FK_201A375B6A1028FB` FOREIGN KEY (`ID_EntidadeAssoc`) REFERENCES `entidade` (`ID_Entidade`) ON DELETE CASCADE,
  ADD CONSTRAINT `FK_201A375B8345E416` FOREIGN KEY (`ID_Entidade`) REFERENCES `entidade` (`ID_Entidade`) ON DELETE CASCADE;

--
-- Constraints for table `entidaderesp_escalao`
--
ALTER TABLE `entidaderesp_escalao`
  ADD CONSTRAINT `FK_186E8F2B8345E416` FOREIGN KEY (`ID_Entidade`) REFERENCES `entidade` (`ID_Entidade`),
  ADD CONSTRAINT `FK_186E8F2BA8F65B5C` FOREIGN KEY (`ID_Escalao`) REFERENCES `escalao` (`ID_Escalao`);

--
-- Constraints for table `entidade_modalidade`
--
ALTER TABLE `entidade_modalidade`
  ADD CONSTRAINT `FK_5375DF7356BD73F3` FOREIGN KEY (`ID_Modalidade`) REFERENCES `modalidade` (`ID_Modalidade`),
  ADD CONSTRAINT `FK_5375DF738345E416` FOREIGN KEY (`ID_Entidade`) REFERENCES `entidade` (`ID_Entidade`);

--
-- Constraints for table `equipajogo`
--
ALTER TABLE `equipajogo`
  ADD CONSTRAINT `FK_69BC03178345E416` FOREIGN KEY (`ID_Entidade`) REFERENCES `entidade` (`ID_Entidade`),
  ADD CONSTRAINT `FK_69BC0317BD5E0D20` FOREIGN KEY (`ID_Jornada`) REFERENCES `jornada` (`ID_Jornada`);

--
-- Constraints for table `equipamento`
--
ALTER TABLE `equipamento`
  ADD CONSTRAINT `FK_360E49E5CD11D9A4` FOREIGN KEY (`REF_Epoca`) REFERENCES `epoca` (`ID_epoca`),
  ADD CONSTRAINT `FK_360E49E5D622CB87` FOREIGN KEY (`REF_Tamanho`) REFERENCES `tamanho` (`ID_Tamanho`);

--
-- Constraints for table `escalao`
--
ALTER TABLE `escalao`
  ADD CONSTRAINT `FK_BBC7735F56BD73F3` FOREIGN KEY (`ID_Modalidade`) REFERENCES `modalidade` (`ID_Modalidade`),
  ADD CONSTRAINT `FK_BBC7735FCD11D9A4` FOREIGN KEY (`REF_Epoca`) REFERENCES `epoca` (`ID_epoca`);

--
-- Constraints for table `jogadorestatistica`
--
ALTER TABLE `jogadorestatistica`
  ADD CONSTRAINT `FK_6475C2031D9A5B2B` FOREIGN KEY (`ID_Evento`) REFERENCES `tipoevento` (`ID_Evento`),
  ADD CONSTRAINT `FK_6475C2038345E416` FOREIGN KEY (`ID_Entidade`) REFERENCES `entidade` (`ID_Entidade`),
  ADD CONSTRAINT `FK_6475C203BD5E0D20` FOREIGN KEY (`ID_Jornada`) REFERENCES `jornada` (`ID_Jornada`);

--
-- Constraints for table `jornada`
--
ALTER TABLE `jornada`
  ADD CONSTRAINT `FK_AE6F25235D9EBCD1` FOREIGN KEY (`REF_Campeonato`) REFERENCES `campeonato` (`ID_Campeonato`),
  ADD CONSTRAINT `FK_AE6F2523C6A8DB4E` FOREIGN KEY (`ID_ClubeVisit`) REFERENCES `clube` (`ID_Clube`),
  ADD CONSTRAINT `FK_AE6F2523CC67F24F` FOREIGN KEY (`ID_ClubeCasa`) REFERENCES `clube` (`ID_Clube`);

--
-- Constraints for table `modopagamento`
--
ALTER TABLE `modopagamento`
  ADD CONSTRAINT `FK_35152372CD11D9A4` FOREIGN KEY (`REF_Epoca`) REFERENCES `epoca` (`ID_epoca`);

--
-- Constraints for table `modopagamentoentidade`
--
ALTER TABLE `modopagamentoentidade`
  ADD CONSTRAINT `FK_30A595B64DB815FC` FOREIGN KEY (`REF_Entidade`) REFERENCES `entidade` (`ID_Entidade`),
  ADD CONSTRAINT `FK_30A595B64DB8783A` FOREIGN KEY (`REF_Epoca`) REFERENCES `epoca` (`ID_epoca`),
  ADD CONSTRAINT `FK_30A595B6DDB704E9` FOREIGN KEY (`REF_Modo_Pagamento`) REFERENCES `modopagamento` (`ID_Modo_Pagamento`);

--
-- Constraints for table `pagamento`
--
ALTER TABLE `pagamento`
  ADD CONSTRAINT `FK_BCEEC9B5A01C030B` FOREIGN KEY (`REF_ModoPagamento`) REFERENCES `modopagamento` (`ID_Modo_Pagamento`);

--
-- Constraints for table `pagamentoentidade`
--
ALTER TABLE `pagamentoentidade`
  ADD CONSTRAINT `FK_24B519F872EEDF39` FOREIGN KEY (`REF_ModoPagamentoEntidade`) REFERENCES `modopagamentoentidade` (`ID_Modo_Pagamento_Entidade`),
  ADD CONSTRAINT `FK_24B519F8E267D72A` FOREIGN KEY (`REF_Pagamento`) REFERENCES `pagamento` (`ID_Pagamento`);

--
-- Constraints for table `utilizador`
--
ALTER TABLE `utilizador`
  ADD CONSTRAINT `FK_9EF918BCF985A922` FOREIGN KEY (`ID_tipoU`) REFERENCES `tipoutilizador` (`ID_tipoU`);
COMMIT;

/*!40101 SET CHARACTER_SET_CLIENT=@OLD_CHARACTER_SET_CLIENT */;
/*!40101 SET CHARACTER_SET_RESULTS=@OLD_CHARACTER_SET_RESULTS */;
/*!40101 SET COLLATION_CONNECTION=@OLD_COLLATION_CONNECTION */;
